{
"type": "FeatureCollection",
"name": "cosmos_poligonos",
"crs": { "type": "name", "properties": { "name": "urn:ogc:def:crs:OGC:1.3:CRS84" } },
"features": [
{ "type": "Feature", "properties": { "NUM_ANP": 154, "ID_ANP": "ANP00607154", "ID_DOF": "6.7.03.154", "NOMBRE": "Ciénegas del Lerma", "CAT_MANEJO": "APFF", "ESTADOS": "Estado de México", "REGION": "Centro y Eje Neovolcánico", "SUPERFICIE": 3023.9574, "S_TERRES": 3023.9574, "S_MARINA": 0.0, "PRIM_DEC": "2002-11-27", "ULT_DOF": "2003-07-29", "PM": "2018-09-05", "CERT_SINAP": "SINAP 067" }, "geometry": { "type": "MultiPolygon", "coordinates": [ [ [ [ -99.491770604400756, 19.153018830297412 ], [ -99.491854570761689, 19.151123074197017 ], [ -99.491724901797852, 19.1498128477769 ], [ -99.490229502414422, 19.149366549009187 ], [ -99.490229502414309, 19.148905005398376 ], [ -99.48963441078547, 19.147966673333713 ], [ -99.489718377146346, 19.146294066617088 ], [ -99.490664483282899, 19.14523178040929 ], [ -99.49060348794734, 19.143442833989695 ], [ -99.493601933080583, 19.143952091564813 ], [ -99.495242326086839, 19.143818607399396 ], [ -99.497546516276657, 19.142882190917248 ], [ -99.500293205995547, 19.141827551075835 ], [ -99.503474812730587, 19.140532601425036 ], [ -99.504764239118629, 19.139716339847439 ], [ -99.506511473732189, 19.138192541955107 ], [ -99.507282064633046, 19.138200172358438 ], [ -99.508273953188507, 19.137179837404858 ], [ -99.51012033515326, 19.136788883004613 ], [ -99.511081670169631, 19.13642081981385 ], [ -99.511577614447276, 19.135985982613988 ], [ -99.512241395667616, 19.135965006986908 ], [ -99.513225605930302, 19.13697011306067 ], [ -99.514118187502504, 19.140702465692414 ], [ -99.516826661353036, 19.143134169815823 ], [ -99.517238639269806, 19.144450127019979 ], [ -99.52112972982809, 19.145575419924739 ], [ -99.521305213137225, 19.145771862897561 ], [ -99.520656644833537, 19.147780127536407 ], [ -99.52134323744724, 19.150803012308074 ], [ -99.519046645734193, 19.153261343026429 ], [ -99.517696192084202, 19.153797259123166 ], [ -99.516658505146665, 19.156263236207906 ], [ -99.504718153399324, 19.15280345498536 ], [ -99.503123319327301, 19.163260539371095 ], [ -99.504130420799299, 19.163573338010224 ], [ -99.502016974724995, 19.165055200611334 ], [ -99.500185821640002, 19.165772282911576 ], [ -99.498850660722553, 19.165404171831256 ], [ -99.496950897862519, 19.164519220662214 ], [ -99.497469733349647, 19.163359654796125 ], [ -99.495791220253921, 19.162768410294973 ], [ -99.492640183021251, 19.161999766902625 ], [ -99.492411302853384, 19.161809054713842 ], [ -99.489603585872317, 19.161391346013147 ], [ -99.491533934197946, 19.159915198232454 ], [ -99.491350836448987, 19.158950159756841 ], [ -99.490389533358893, 19.157206995756098 ], [ -99.490977042474299, 19.156467022246602 ], [ -99.491770540548032, 19.155973057403912 ], [ -99.492243609579532, 19.154685722193221 ], [ -99.491770604400756, 19.153018830297412 ] ] ], [ [ [ -99.495277796287098, 19.261383293496237 ], [ -99.495766221903864, 19.255139165397736 ], [ -99.487663675598128, 19.248727120540536 ], [ -99.48653448767584, 19.248912101945507 ], [ -99.485786787984182, 19.248490609969565 ], [ -99.485466358941949, 19.247474074254399 ], [ -99.480499445393832, 19.247390107893466 ], [ -99.481193796116486, 19.244967997645062 ], [ -99.478775245658596, 19.243606242058945 ], [ -99.478378496621758, 19.243356386263997 ], [ -99.478615039119006, 19.24251341827545 ], [ -99.479576390098714, 19.24143204009664 ], [ -99.480034198323835, 19.24047273240501 ], [ -99.480057089533204, 19.240077946840245 ], [ -99.479355204186731, 19.238815386494593 ], [ -99.477562266970438, 19.236915799229678 ], [ -99.475891400241267, 19.235979366783965 ], [ -99.474563869726978, 19.234541339092857 ], [ -99.474449429642902, 19.233992061809147 ], [ -99.475036954721531, 19.232397658743196 ], [ -99.474884394548212, 19.231007313090004 ], [ -99.474342715741273, 19.229731391557493 ], [ -99.473434793546858, 19.228867431978586 ], [ -99.471107776000395, 19.227789837074965 ], [ -99.470222729052296, 19.228001524891056 ], [ -99.468132317855805, 19.223389935910859 ], [ -99.476792011296254, 19.221568664038728 ], [ -99.476990401777925, 19.220971720680154 ], [ -99.480698394586966, 19.221639269212687 ], [ -99.4844981757185, 19.212421885889228 ], [ -99.484955967980284, 19.211767714506948 ], [ -99.485528200326257, 19.211515975056102 ], [ -99.500383126625138, 19.212486887984483 ], [ -99.507776268923521, 19.212542280241507 ], [ -99.513696887084848, 19.212178080141712 ], [ -99.513971437929115, 19.217701278812399 ], [ -99.513216059944682, 19.219364339543688 ], [ -99.513185522369042, 19.220512475768146 ], [ -99.513612745128967, 19.221839878577157 ], [ -99.51352879473103, 19.22289073514338 ], [ -99.512689482312169, 19.224824611333077 ], [ -99.513521068548869, 19.226808101106371 ], [ -99.513254004439091, 19.228419664597766 ], [ -99.514329747613033, 19.230118977725454 ], [ -99.516061593714539, 19.234013484405295 ], [ -99.517373863422563, 19.235274145131484 ], [ -99.519227795974473, 19.237795450620695 ], [ -99.519662665100725, 19.238703277035938 ], [ -99.520501817887691, 19.243948061771164 ], [ -99.521646186800467, 19.247274183233174 ], [ -99.520310754508785, 19.258183281207494 ], [ -99.519669720829143, 19.264026908920243 ], [ -99.516839144565097, 19.263841879625772 ], [ -99.513573731101133, 19.259785250823825 ], [ -99.512787895356837, 19.259279840376621 ], [ -99.511010187020531, 19.258804935578667 ], [ -99.509835216679335, 19.258883107302836 ], [ -99.508332170929634, 19.259411392996469 ], [ -99.505478623640215, 19.262367503758867 ], [ -99.504242610073959, 19.262609713187373 ], [ -99.503563552084131, 19.263507993617338 ], [ -99.502663212403263, 19.264574095026603 ], [ -99.502007045622975, 19.265630666413585 ], [ -99.50186206796343, 19.266540392448178 ], [ -99.495605743990211, 19.267064799087393 ], [ -99.495140401140929, 19.263887438560005 ], [ -99.495277796287098, 19.261383293496237 ] ] ], [ [ [ -99.509222549582034, 19.36316621472406 ], [ -99.50433197199186, 19.362830508912111 ], [ -99.503286702541004, 19.36310512360933 ], [ -99.499738916271269, 19.363133697713124 ], [ -99.499349877453596, 19.359611117314898 ], [ -99.493055417428025, 19.359893330488774 ], [ -99.491819435788159, 19.358464832820005 ], [ -99.490171460268471, 19.356834161394204 ], [ -99.490430878011864, 19.356733082497328 ], [ -99.501585617499643, 19.347555798698465 ], [ -99.503859333966659, 19.344157220332875 ], [ -99.519606602389615, 19.358732088487955 ], [ -99.518546072132494, 19.358657700039089 ], [ -99.518172182378748, 19.361442190583716 ], [ -99.516096904283074, 19.361661508802797 ], [ -99.516173192351289, 19.362065824390015 ], [ -99.509222549582034, 19.36316621472406 ] ] ] ] } },
{ "type": "Feature", "properties": { "NUM_ANP": 11, "ID_ANP": "ANP00603011", "ID_DOF": "6.3.06.011", "NOMBRE": "Cumbres del Ajusco", "CAT_MANEJO": "PN", "ESTADOS": "Ciudad de México", "REGION": "Centro y Eje Neovolcánico", "SUPERFICIE": 920.0, "S_TERRES": 920.0, "S_MARINA": 0.0, "PRIM_DEC": "1936-09-23", "ULT_DOF": "1947-05-19", "PM": null, "CERT_SINAP": null }, "geometry": { "type": "MultiPolygon", "coordinates": [ [ [ [ -99.257576994198644, 19.22002315621296 ], [ -99.256985606029104, 19.219029894823564 ], [ -99.25690934988728, 19.218930587840305 ], [ -99.256795069435213, 19.218858450200798 ], [ -99.256547656007797, 19.218822644773411 ], [ -99.256300322396498, 19.218841066290679 ], [ -99.256176687517097, 19.218868347376315 ], [ -99.255739344097151, 19.219058724338367 ], [ -99.255511054567194, 19.219086165055785 ], [ -99.255130316606312, 19.218969202788514 ], [ -99.254540349160322, 19.218888684475985 ], [ -99.253693326522296, 19.218691028300839 ], [ -99.253464829471, 19.218582893675659 ], [ -99.253112362313516, 19.218276113157685 ], [ -99.252969364088926, 19.218086534355109 ], [ -99.252931148220512, 19.21797814431892 ], [ -99.252710983952625, 19.217083774869707 ], [ -99.25269142904898, 19.216740390765267 ], [ -99.25277598604788, 19.216026341470695 ], [ -99.252775634857642, 19.215800414492435 ], [ -99.252679887665295, 19.215393880022134 ], [ -99.25260355170758, 19.215240346094561 ], [ -99.25247918252154, 19.214779632569616 ], [ -99.252383834408647, 19.214644200895407 ], [ -99.252231737167904, 19.214716705688488 ], [ -99.252136644466077, 19.214743938884453 ], [ -99.251908227230558, 19.214690031203816 ], [ -99.251660861692926, 19.214681331267229 ], [ -99.251451632207704, 19.214726810385457 ], [ -99.251080903164677, 19.214926126731996 ], [ -99.250957268285447, 19.214953407817518 ], [ -99.250719368917146, 19.214917586427021 ], [ -99.250576737846018, 19.214962953803024 ], [ -99.250282185128981, 19.215216401314876 ], [ -99.250044573098194, 19.215361315121868 ], [ -99.249759279029206, 19.215443030673327 ], [ -99.249550001654598, 19.215452353174328 ], [ -99.249483307461389, 19.2153891868453 ], [ -99.249368659856145, 19.215064000773623 ], [ -99.24909228920842, 19.214748073349824 ], [ -99.248940016372728, 19.214703089090335 ], [ -99.248854453693127, 19.214748392613558 ], [ -99.248607104118605, 19.214748727840345 ], [ -99.248483453276094, 19.214766973762607 ], [ -99.248055815473379, 19.215083843014384 ], [ -99.247922890019368, 19.215264769769874 ], [ -99.247751876402788, 19.215427658124781 ], [ -99.247533276527065, 19.215572555968549 ], [ -99.247248030347748, 19.215681377010867 ], [ -99.247095885217334, 19.215726776313147 ], [ -99.246258711865323, 19.215745964063217 ], [ -99.245992270319789, 19.21570112347257 ], [ -99.245497124201393, 19.215412604839969 ], [ -99.245230618803191, 19.215322588431377 ], [ -99.244640699246531, 19.215260108519487 ], [ -99.244355309398657, 19.215278561963032 ], [ -99.244079401683507, 19.21526987798967 ], [ -99.243679763309842, 19.215216193793594 ], [ -99.24345134607438, 19.215162270149563 ], [ -99.243108584534355, 19.214972930794659 ], [ -99.242870493607825, 19.214801550024674 ], [ -99.242794253429111, 19.214702243041415 ], [ -99.242679701603038, 19.214440303114429 ], [ -99.24263163644855, 19.21409696689949 ], [ -99.242924225693343, 19.212487957517908 ], [ -99.243009580851776, 19.212298075414651 ], [ -99.243217916398521, 19.211638077469445 ], [ -99.243284323254386, 19.211511473437668 ], [ -99.243379304213818, 19.211402907806189 ], [ -99.243502907166771, 19.21135755639358 ], [ -99.243607434111993, 19.211267045126135 ], [ -99.243569186317131, 19.211131549599315 ], [ -99.243549807008719, 19.210887568257021 ], [ -99.243549631413714, 19.210770079204565 ], [ -99.243587496091891, 19.210643507098894 ], [ -99.243786844364706, 19.210345027437995 ], [ -99.244090783435524, 19.210010247491084 ], [ -99.244195326343799, 19.209937806550897 ], [ -99.244547091121092, 19.209783713911804 ], [ -99.244632589947855, 19.20970226973418 ], [ -99.244945819593113, 19.209222879281015 ], [ -99.24517383774878, 19.209014719329161 ], [ -99.245525538673235, 19.208815434909241 ], [ -99.2458583072588, 19.208688479686884 ], [ -99.24621016781532, 19.208597633192824 ], [ -99.246676229007903, 19.208542799647319 ], [ -99.24690445468508, 19.208479234238723 ], [ -99.246980439452614, 19.208388754897555 ], [ -99.24734969988225, 19.207204414165972 ], [ -99.247548665038892, 19.206652886073073 ], [ -99.247653000425771, 19.206444885753172 ], [ -99.247804938034562, 19.206263943034401 ], [ -99.248299158288091, 19.205946978003624 ], [ -99.248441613764214, 19.20578412157505 ], [ -99.248772897773335, 19.204654023751175 ], [ -99.248914970133171, 19.20423811889043 ], [ -99.248981408915199, 19.204129585185512 ], [ -99.249161840812121, 19.203921489086611 ], [ -99.249361380643052, 19.203767588005746 ], [ -99.249589542467504, 19.203667881942977 ], [ -99.249684571316493, 19.203595441002619 ], [ -99.249836492962402, 19.203405463120305 ], [ -99.25015007379767, 19.203170069972487 ], [ -99.250558459997535, 19.202717657304277 ], [ -99.250662795384358, 19.202518708111143 ], [ -99.250681663870807, 19.202410238259006 ], [ -99.250681169012068, 19.202075857391833 ], [ -99.250709535594297, 19.201967371576472 ], [ -99.250766428391103, 19.201840783507578 ], [ -99.250861377424144, 19.201723166749446 ], [ -99.251136902022949, 19.201487821491185 ], [ -99.251269987108572, 19.201424383788094 ], [ -99.25141261817987, 19.20138803561241 ], [ -99.251621959407316, 19.201423904892579 ], [ -99.251755299904005, 19.201532167223206 ], [ -99.251898010791308, 19.201550045992064 ], [ -99.251935859506489, 19.20141443872302 ], [ -99.251963986641044, 19.201134252873771 ], [ -99.252001867282274, 19.201025751095358 ], [ -99.252125390419565, 19.200926172738036 ], [ -99.252420166621164, 19.200844441223182 ], [ -99.252715038601934, 19.200834991016848 ], [ -99.253028874848098, 19.200771313865857 ], [ -99.253323459491526, 19.200563058135117 ], [ -99.253551637279031, 19.200481406436211 ], [ -99.253865617193981, 19.200517116084427 ], [ -99.253913027858005, 19.200417649469387 ], [ -99.254074415673244, 19.200200534169994 ], [ -99.254198034589308, 19.200173253084301 ], [ -99.254512046430705, 19.200227049022715 ], [ -99.254711490482578, 19.200027956161023 ], [ -99.254825579376472, 19.199982604748072 ], [ -99.255082411083833, 19.199973218394518 ], [ -99.255205934220726, 19.199882675200627 ], [ -99.255301010959442, 19.199855426041438 ], [ -99.255396231366831, 19.199909525280475 ], [ -99.255510384113279, 19.199909365648523 ], [ -99.255719406077276, 19.199737378277291 ], [ -99.255852539052341, 19.199710081228432 ], [ -99.256708708596307, 19.199726954316588 ], [ -99.256956169912996, 19.199816986688177 ], [ -99.25720356737736, 19.199861827279165 ], [ -99.25733671631582, 19.199843565393849 ], [ -99.257583938184837, 19.199770932895262 ], [ -99.25792644431408, 19.199797559490378 ], [ -99.258040565134252, 19.199779329531509 ], [ -99.258477972407036, 19.199661233877748 ], [ -99.259229088220764, 19.199407147838599 ], [ -99.259514382289524, 19.199352521814376 ], [ -99.259790226151836, 19.199343103534488 ], [ -99.260541820861249, 19.199396260945264 ], [ -99.261103022645102, 19.199368357295384 ], [ -99.261455026870294, 19.199385932763732 ], [ -99.261740512497397, 19.19945783095568 ], [ -99.262111704472545, 19.199583828386494 ], [ -99.263596823564058, 19.200304677998645 ], [ -99.264301135314838, 19.200538650422857 ], [ -99.264653315135092, 19.200682734144152 ], [ -99.264881828149612, 19.200808923133195 ], [ -99.265500864558248, 19.201259899114518 ], [ -99.265634157165266, 19.201332004827918 ], [ -99.265900598710857, 19.201376797529235 ], [ -99.266033827465378, 19.201412762588404 ], [ -99.266367074946288, 19.201602054053581 ], [ -99.266557563650736, 19.201746377222662 ], [ -99.266919544867221, 19.202053125814132 ], [ -99.267310275783018, 19.202495369932478 ], [ -99.268205682839266, 19.203244155120785 ], [ -99.268653641778371, 19.203776702985124 ], [ -99.268787125943675, 19.203966281787871 ], [ -99.268901661806694, 19.204201084297779 ], [ -99.269063640259901, 19.204363525683448 ], [ -99.269358831504348, 19.204543829874751 ], [ -99.269796733635872, 19.20473297767154 ], [ -99.270329904064397, 19.205012349398032 ], [ -99.271072671131719, 19.205472153021447 ], [ -99.27126322368872, 19.205652616844702 ], [ -99.271358651617504, 19.205842259500059 ], [ -99.271264117627084, 19.206212908727139 ], [ -99.271311799665227, 19.206285142146044 ], [ -99.271701732421263, 19.206221305363215 ], [ -99.271825463079892, 19.206257270422441 ], [ -99.272016015636893, 19.206437734245696 ], [ -99.272187619891611, 19.206663405813003 ], [ -99.272302187681021, 19.206916278649942 ], [ -99.272416899139102, 19.20725048392211 ], [ -99.272704076863988, 19.208352582317104 ], [ -99.272876591020179, 19.209129526566471 ], [ -99.272886456269418, 19.209355437581507 ], [ -99.272802968804228, 19.210656900212314 ], [ -99.272803926595316, 19.211253348712148 ], [ -99.272880773375107, 19.211705090926273 ], [ -99.273091136246478, 19.212355463070139 ], [ -99.273072634913319, 19.212680824736992 ], [ -99.273149306098162, 19.213024113062431 ], [ -99.27319743510526, 19.213376500403967 ], [ -99.273161198672142, 19.214488112857964 ], [ -99.273114538277923, 19.215039449392805 ], [ -99.273067335135522, 19.215265456187012 ], [ -99.272707764359893, 19.216467915135297 ], [ -99.272546711771554, 19.216883867885542 ], [ -99.272442248679283, 19.216992465443013 ], [ -99.272090244453864, 19.217002027391743 ], [ -99.271890529027871, 19.217047506509971 ], [ -99.271662383166642, 19.217156263699565 ], [ -99.271443783291033, 19.217292142343013 ], [ -99.271063715783953, 19.217590925304194 ], [ -99.270607950846681, 19.218142868440225 ], [ -99.270341924343995, 19.218360143371399 ], [ -99.270094750364308, 19.218477983614207 ], [ -99.269942573307674, 19.218505328552624 ], [ -99.269704673939657, 19.218469523125179 ], [ -99.269695399328157, 19.218614133631547 ], [ -99.269724069211065, 19.218695418177049 ], [ -99.269657726208095, 19.218858178826622 ], [ -99.269581773366667, 19.218957709294216 ], [ -99.269382249499017, 19.219120661501847 ], [ -99.269039966854166, 19.2192567157403 ], [ -99.268431338443236, 19.219411239385352 ], [ -99.268069915938156, 19.219484063442223 ], [ -99.267489574293563, 19.219484909491143 ], [ -99.266747429790712, 19.219440787243741 ], [ -99.266490566156961, 19.219450205523628 ], [ -99.266233830228884, 19.219531905112035 ], [ -99.265615895280007, 19.219831023300401 ], [ -99.265511304482288, 19.219867323586527 ], [ -99.265282951099323, 19.219858607686717 ], [ -99.265159172551591, 19.219795521173637 ], [ -99.264949623802522, 19.219642194767459 ], [ -99.264482620781962, 19.219118713992998 ], [ -99.26400592810711, 19.218468724965987 ], [ -99.263433392460797, 19.217385080014765 ], [ -99.263261836095523, 19.217186513937975 ], [ -99.262899822952591, 19.216870746146128 ], [ -99.262547180199817, 19.216464578829289 ], [ -99.262423337799248, 19.216365335698754 ], [ -99.262271033036996, 19.216311332239115 ], [ -99.262128290223416, 19.216284418306714 ], [ -99.261576426903389, 19.216240024684964 ], [ -99.261024659362761, 19.216249842044647 ], [ -99.260729851234714, 19.216322554359238 ], [ -99.260482661292087, 19.216431343474881 ], [ -99.260187996832826, 19.216603474514841 ], [ -99.259893396226289, 19.216811730245695 ], [ -99.259532388763773, 19.217146605971777 ], [ -99.259390013103712, 19.217354654181179 ], [ -99.259295223702225, 19.217580724828224 ], [ -99.259248020559767, 19.217815750822751 ], [ -99.259267415831459, 19.218050697001388 ], [ -99.259468408312443, 19.218836644488022 ], [ -99.259689035512849, 19.220002116733156 ], [ -99.259612939002977, 19.220011263638924 ], [ -99.259365318053995, 19.219839898831992 ], [ -99.259203467306236, 19.219767841008263 ], [ -99.258975066034225, 19.219722968490998 ], [ -99.258737214555595, 19.219714268554583 ], [ -99.258604033690801, 19.219723495276185 ], [ -99.258347265836164, 19.219796143737881 ], [ -99.258005078970655, 19.220004479284739 ], [ -99.257881476017531, 19.220049830697462 ], [ -99.257681712702038, 19.220068188362006 ], [ -99.257576994198644, 19.22002315621296 ] ] ] ] } },
{ "type": "Feature", "properties": { "NUM_ANP": 1, "ID_ANP": "ANP00603001", "ID_DOF": "6.3.01.001", "NOMBRE": "Desierto de los Leones", "CAT_MANEJO": "PN", "ESTADOS": "Ciudad de México", "REGION": "Centro y Eje Neovolcánico", "SUPERFICIE": 1529.0, "S_TERRES": 1529.0, "S_MARINA": 0.0, "PRIM_DEC": "1917-11-27", "ULT_DOF": "1917-11-27", "PM": "2006-06-05", "CERT_SINAP": null }, "geometry": { "type": "MultiPolygon", "coordinates": [ [ [ [ -99.298337234933911, 19.311684842535158 ], [ -99.298206193136309, 19.309902552764299 ], [ -99.297398791127137, 19.308991805085952 ], [ -99.297623935909257, 19.307973561309552 ], [ -99.297662375262291, 19.306540019273882 ], [ -99.298113335280505, 19.304586859554774 ], [ -99.297702714234447, 19.303273248939149 ], [ -99.298043336707735, 19.302754716752702 ], [ -99.298227919033138, 19.301529111184038 ], [ -99.29887477927565, 19.301507784366891 ], [ -99.299021480959539, 19.301125737424741 ], [ -99.299417256242123, 19.300215165341228 ], [ -99.300064659232874, 19.299321737720106 ], [ -99.30110322414555, 19.297309099168274 ], [ -99.301578496096738, 19.296815565331713 ], [ -99.302321406832448, 19.295820132949132 ], [ -99.302809672817659, 19.29401718681487 ], [ -99.303581125730773, 19.293145341421848 ], [ -99.304312399303512, 19.292838497051321 ], [ -99.305599175802627, 19.292588210250244 ], [ -99.306183651912818, 19.291957057783236 ], [ -99.306353755627924, 19.291243056378221 ], [ -99.306447714943545, 19.288696209790771 ], [ -99.304096704727783, 19.28715772576686 ], [ -99.303122678978241, 19.286908077493422 ], [ -99.301486675848082, 19.286001863359957 ], [ -99.301220952645906, 19.284743676927803 ], [ -99.300965445883207, 19.284384090188894 ], [ -99.301100701962184, 19.284007821920454 ], [ -99.301456760836686, 19.283238380368743 ], [ -99.30139019434904, 19.282536271537595 ], [ -99.301838727962945, 19.281402677775759 ], [ -99.301855409492873, 19.280381640441988 ], [ -99.302021602227228, 19.279162755374784 ], [ -99.302844281005889, 19.277373888771137 ], [ -99.303928915674646, 19.272262300863872 ], [ -99.303751261372383, 19.26922145750757 ], [ -99.306354027002044, 19.266942648784152 ], [ -99.307774910230989, 19.26628707264166 ], [ -99.309865704543881, 19.265941964513104 ], [ -99.312614836630473, 19.264976526957923 ], [ -99.314778901969305, 19.263974405999988 ], [ -99.322252498727835, 19.267602263612901 ], [ -99.322406463661423, 19.269277855445466 ], [ -99.323057123142405, 19.271694378578502 ], [ -99.323575192396561, 19.274277732973474 ], [ -99.323731088875775, 19.277283377503693 ], [ -99.324238462794995, 19.278560113158676 ], [ -99.325283684356407, 19.281305126743291 ], [ -99.32598735757972, 19.281858522529035 ], [ -99.327450479399943, 19.284850119455314 ], [ -99.327879218662417, 19.285165759541599 ], [ -99.32878110677251, 19.286072340828298 ], [ -99.329210947494914, 19.286796686378239 ], [ -99.329669681584903, 19.289059643657197 ], [ -99.329668643977811, 19.291147133590471 ], [ -99.329105398905824, 19.292664258870843 ], [ -99.328036711460356, 19.294601583108715 ], [ -99.326997619762608, 19.296169599027621 ], [ -99.326376220802331, 19.298087096987842 ], [ -99.326183976147547, 19.29989430529298 ], [ -99.326143014611148, 19.300561949604401 ], [ -99.325728642216518, 19.302168229281108 ], [ -99.325352693211528, 19.303076662297599 ], [ -99.325061700285062, 19.304012695663403 ], [ -99.324877852266297, 19.305247511990672 ], [ -99.324575381808813, 19.305749570168814 ], [ -99.324189407922916, 19.306254102640764 ], [ -99.324216704971718, 19.307356232961979 ], [ -99.324181761556531, 19.307815956769446 ], [ -99.323361205881724, 19.308914287852247 ], [ -99.322385998856305, 19.310306325603278 ], [ -99.321447108079894, 19.311339606701154 ], [ -99.32123066323436, 19.311487218286459 ], [ -99.321000298490389, 19.311573100230021 ], [ -99.32081338553985, 19.311538428188783 ], [ -99.320386067000982, 19.311737393345084 ], [ -99.319730746269329, 19.312203215089824 ], [ -99.319450991426208, 19.31301005838759 ], [ -99.319109219603718, 19.314298271573534 ], [ -99.318927558541361, 19.314686432416181 ], [ -99.318175197599317, 19.315827927955183 ], [ -99.317782471285341, 19.316338909554588 ], [ -99.317446813363063, 19.316885361354309 ], [ -99.316852487967139, 19.317681796654256 ], [ -99.316563857592428, 19.318331322749202 ], [ -99.316189983801564, 19.319308062240452 ], [ -99.315843454949572, 19.320388738039071 ], [ -99.315437351485457, 19.321010935158483 ], [ -99.315458726192162, 19.321326575244996 ], [ -99.301319349727407, 19.328045608141281 ], [ -99.300756040802753, 19.32639978765161 ], [ -99.300416120709883, 19.323519086982174 ], [ -99.299953491602309, 19.321955875982383 ], [ -99.299551203339774, 19.318842384164441 ], [ -99.300198526514748, 19.317204337746489 ], [ -99.299610362908766, 19.31660865547974 ], [ -99.299597320985583, 19.314992159363612 ], [ -99.299036151127723, 19.313612987940985 ], [ -99.298337234933911, 19.311684842535158 ] ] ] ] } },
{ "type": "Feature", "properties": { "NUM_ANP": 15, "ID_ANP": "ANP00603015", "ID_DOF": "6.3.09.015", "NOMBRE": "El Tepozteco", "CAT_MANEJO": "PN", "ESTADOS": "Morelos", "REGION": "Centro y Eje Neovolcánico", "SUPERFICIE": 23258.7, "S_TERRES": 23258.7, "S_MARINA": 0.0, "PRIM_DEC": "1937-01-22", "ULT_DOF": "1937-01-22", "PM": "2011-05-09", "CERT_SINAP": null }, "geometry": { "type": "MultiPolygon", "coordinates": [ [ [ [ -99.04066691952454, 18.963807436155776 ], [ -99.075788801198314, 18.952501860681423 ], [ -99.093604164283249, 18.953894281548912 ], [ -99.096679424269723, 18.930079218676951 ], [ -99.094957032328807, 18.917023730644416 ], [ -99.094955368203102, 18.917011115693924 ], [ -99.094055188153845, 18.910152835921735 ], [ -99.110863593435511, 18.903886008172037 ], [ -99.110881797315244, 18.903879223853664 ], [ -99.131082485619743, 18.896348989673811 ], [ -99.184779420386917, 18.944111418307273 ], [ -99.192309048142022, 18.977053500034629 ], [ -99.192309255451221, 18.977054406805792 ], [ -99.193224744196186, 18.981065253188831 ], [ -99.164910010244398, 19.02388519194983 ], [ -99.157199551085512, 19.036640275424247 ], [ -99.157157967624414, 19.036709058179554 ], [ -99.143324860855444, 19.059600954014115 ], [ -99.135889410394668, 19.087920948281806 ], [ -99.135664079772425, 19.088779009017173 ], [ -99.135539913810305, 19.088761656465977 ], [ -99.04319230962551, 19.075826383725371 ], [ -99.041459644189672, 19.052379234198554 ], [ -99.041453168347857, 19.052291586518322 ], [ -99.035045864557048, 18.965617198733298 ], [ -99.04066136237185, 18.963809224195188 ], [ -99.04066691952454, 18.963807436155776 ] ] ] ] } },
{ "type": "Feature", "properties": { "NUM_ANP": 4, "ID_ANP": "ANP00603004", "ID_DOF": "6.3.03.004", "NOMBRE": "Grutas de Cacahuamilpa", "CAT_MANEJO": "PN", "ESTADOS": "Guerrero", "REGION": "Centro y Eje Neovolcánico", "SUPERFICIE": 1600.0, "S_TERRES": 1600.0, "S_MARINA": 0.0, "PRIM_DEC": "1936-04-23", "ULT_DOF": "1936-04-23", "PM": "2009-04-22", "CERT_SINAP": null }, "geometry": { "type": "MultiPolygon", "coordinates": [ [ [ [ -99.491893927302954, 18.644871530791704 ], [ -99.529534349314588, 18.629864743368159 ], [ -99.526297644774729, 18.656166106366243 ], [ -99.509487941322959, 18.695055081493535 ], [ -99.500237065580905, 18.677384528149901 ], [ -99.490256346852163, 18.652467273917011 ], [ -99.491893927302954, 18.644871530791704 ] ] ] ] } },
{ "type": "Feature", "properties": { "NUM_ANP": 9, "ID_ANP": "ANP00603009", "ID_DOF": "6.3.05.009", "NOMBRE": "Insurgente Miguel Hidalgo y Costilla", "CAT_MANEJO": "PN", "ESTADOS": "Estado de México", "REGION": "Centro y Eje Neovolcánico", "SUPERFICIE": 1889.96563, "S_TERRES": 1889.96563, "S_MARINA": 0.0, "PRIM_DEC": "1936-09-18", "ULT_DOF": "1936-09-18", "PM": "2019-05-21", "CERT_SINAP": null }, "geometry": { "type": "MultiPolygon", "coordinates": [ [ [ [ -99.356515984763348, 19.306704084621515 ], [ -99.327050699046765, 19.255880564513177 ], [ -99.355720927885329, 19.26875029997683 ], [ -99.377882793610866, 19.284520789104931 ], [ -99.37432697250847, 19.290402097704145 ], [ -99.376429579192177, 19.294238507793864 ], [ -99.390279317846932, 19.294661435474097 ], [ -99.394091877722929, 19.296912525237417 ], [ -99.381066635242576, 19.324050844508179 ], [ -99.356515984763348, 19.306704084621515 ] ] ] ] } },
{ "type": "Feature", "properties": { "NUM_ANP": 2, "ID_ANP": "ANP00603002", "ID_DOF": "6.3.02.002", "NOMBRE": "Iztaccíhuatl-Popocatépetl", "CAT_MANEJO": "PN", "ESTADOS": "Estado de México, Puebla y Morelos", "REGION": "Centro y Eje Neovolcánico", "SUPERFICIE": 39819.086, "S_TERRES": 39819.086, "S_MARINA": 0.0, "PRIM_DEC": "1935-11-08", "ULT_DOF": "1948-02-11", "PM": "2013-04-02", "CERT_SINAP": null }, "geometry": { "type": "MultiPolygon", "coordinates": [ [ [ [ -98.668654635262556, 19.455184161197792 ], [ -98.667501949944949, 19.455118790414303 ], [ -98.666167948254611, 19.455197668817334 ], [ -98.665834043390248, 19.45541393895104 ], [ -98.665518522713171, 19.455955571175821 ], [ -98.664727745454229, 19.455954109104084 ], [ -98.664433477483499, 19.455429423393582 ], [ -98.664157612357826, 19.455221063174008 ], [ -98.663871996215903, 19.455121127362588 ], [ -98.664377545093146, 19.454832883693427 ], [ -98.664587725566776, 19.454553128790849 ], [ -98.664674572119054, 19.454020111834552 ], [ -98.664513951030699, 19.453369156785755 ], [ -98.663981544294074, 19.452825955244577 ], [ -98.663334065537128, 19.452644014807504 ], [ -98.662828802950969, 19.452796702559908 ], [ -98.66219863306776, 19.45345522300039 ], [ -98.659692937684667, 19.453459569967265 ], [ -98.65970776334143, 19.450929263067962 ], [ -98.660184838300438, 19.450586755917129 ], [ -98.660481141795344, 19.450126428937551 ], [ -98.660540078552799, 19.449277069587083 ], [ -98.661111720017459, 19.449269102829135 ], [ -98.661588354447304, 19.449134440042826 ], [ -98.662218566210527, 19.448448810595721 ], [ -98.662780696544019, 19.448431783906358 ], [ -98.663219256722527, 19.448278972086769 ], [ -98.663868474926858, 19.447611445903647 ], [ -98.664173355998514, 19.447602974352549 ], [ -98.664745364441274, 19.447414258429149 ], [ -98.665079347348637, 19.447152805502071 ], [ -98.665480705724406, 19.446557110362448 ], [ -98.665531836108016, 19.444858263880292 ], [ -98.665352166580305, 19.444207273866255 ], [ -98.664686971512026, 19.443392721284397 ], [ -98.664695395837612, 19.439308047656652 ], [ -98.66555456241008, 19.43844209027634 ], [ -98.666935930144518, 19.438426560216953 ], [ -98.66739354947714, 19.438255698987973 ], [ -98.668033110435488, 19.43762428658971 ], [ -98.671014993650317, 19.4375664653017 ], [ -98.671425029459158, 19.437368396664795 ], [ -98.671930966002606, 19.436854208102488 ], [ -98.672093587985046, 19.436520135913213 ], [ -98.672103770380147, 19.436194824771803 ], [ -98.671999673888536, 19.435851232979644 ], [ -98.670288829380183, 19.433932299142725 ], [ -98.66971825088666, 19.433443265990263 ], [ -98.670176220003498, 19.433091659437537 ], [ -98.67047246334829, 19.432631314556374 ], [ -98.670540683752904, 19.431872336007359 ], [ -98.670626601141748, 19.431782122780476 ], [ -98.672179345088978, 19.431784937420503 ], [ -98.6727876841328, 19.432445732912299 ], [ -98.673273205376915, 19.432600236611165 ], [ -98.677769519038065, 19.432608285486367 ], [ -98.678217549338967, 19.432455453446153 ], [ -98.678866643694562, 19.431787871020902 ], [ -98.679484571808928, 19.432430587525118 ], [ -98.679941467980768, 19.432612133697717 ], [ -98.69100135463475, 19.432586142408013 ], [ -98.69191724783451, 19.431855708921375 ], [ -98.692803513062927, 19.431676474371841 ], [ -98.693080041551582, 19.431532351702344 ], [ -98.693633420699939, 19.431072403575627 ], [ -98.694358213599799, 19.430639853722994 ], [ -98.69453020791093, 19.430359998214954 ], [ -98.694606992968602, 19.430052871269766 ], [ -98.694398254365581, 19.429609708789201 ], [ -98.693903399382293, 19.429346802118005 ], [ -98.690578941183787, 19.429295972476496 ], [ -98.689960653171795, 19.428824994544129 ], [ -98.689484928625006, 19.428525960854756 ], [ -98.688913480517954, 19.428470759320021 ], [ -98.687819516108391, 19.427682663943358 ], [ -98.6863526977682, 19.4275987993596 ], [ -98.685344413594805, 19.42684698524414 ], [ -98.683868060995053, 19.426772121116414 ], [ -98.682603551617319, 19.425531849724905 ], [ -98.681994614655139, 19.425169304694634 ], [ -98.680546820605514, 19.425112537773487 ], [ -98.680262099007393, 19.424578855947857 ], [ -98.679719725540906, 19.424279679373683 ], [ -98.680225133551914, 19.424000426055215 ], [ -98.680559611896115, 19.423449761760992 ], [ -98.68104598256599, 19.423161435604982 ], [ -98.681246532567229, 19.422899716728011 ], [ -98.681313636197615, 19.422682947871806 ], [ -98.682124947564773, 19.421843935546235 ], [ -98.682716214116112, 19.421492529990189 ], [ -98.682907233969388, 19.42123079251121 ], [ -98.682974334701385, 19.42101402296953 ], [ -98.683642801435894, 19.42014764289604 ], [ -98.683815294457531, 19.419614763428399 ], [ -98.683828174379187, 19.417888727345826 ], [ -98.683725944035189, 19.416578190308485 ], [ -98.683526478072793, 19.416288659694601 ], [ -98.681966367621726, 19.415255717433638 ], [ -98.681623499890634, 19.415237041966634 ], [ -98.68131843170471, 19.415372060551363 ], [ -98.680507627818542, 19.415967073218269 ], [ -98.678878849243233, 19.415955159736143 ], [ -98.678042283299533, 19.415122276764805 ], [ -98.678014333893543, 19.414805933700393 ], [ -98.677834502790972, 19.414227249188684 ], [ -98.677302158768271, 19.41369312246718 ], [ -98.676959599916131, 19.413520810547084 ], [ -98.676426308823409, 19.413465638283299 ], [ -98.675617982628637, 19.412813533736085 ], [ -98.675037304232433, 19.412640792256639 ], [ -98.673027581059557, 19.412619107010698 ], [ -98.673030921126099, 19.410956313200472 ], [ -98.673278929410685, 19.410776020889273 ], [ -98.673813586782671, 19.410144395980467 ], [ -98.673881817185418, 19.409367340255244 ], [ -98.673958177969496, 19.409286144874557 ], [ -98.676929930616609, 19.40927338727937 ], [ -98.677387458145233, 19.409102499213532 ], [ -98.678036444235431, 19.408443953942424 ], [ -98.682503558682072, 19.408433752838107 ], [ -98.683103930901382, 19.408272137209849 ], [ -98.683914792445876, 19.407622890302264 ], [ -98.687364929962882, 19.407600204862206 ], [ -98.684579550375474, 19.405690136305395 ], [ -98.683334817041612, 19.405624709246979 ], [ -98.681091337682119, 19.404879748445808 ], [ -98.679064474545157, 19.404903285550517 ], [ -98.677604295936192, 19.404457885680131 ], [ -98.675708983617085, 19.404427397400468 ], [ -98.672443343984071, 19.405695743440219 ], [ -98.67038725609649, 19.405565502780007 ], [ -98.667471063869414, 19.40359012525397 ], [ -98.666397572123401, 19.403633339884948 ], [ -98.663090931088107, 19.401214363697193 ], [ -98.659229250178498, 19.397827332272811 ], [ -98.658251447653129, 19.397220017861798 ], [ -98.655988541902104, 19.397215743895913 ], [ -98.654393373054177, 19.398062188139818 ], [ -98.649367644648976, 19.3979983294617 ], [ -98.643180396206048, 19.399486408306188 ], [ -98.643116574216492, 19.39891515416582 ], [ -98.642959236468243, 19.397506848711714 ], [ -98.640918467326401, 19.379238193858271 ], [ -98.641135415418773, 19.379212486358711 ], [ -98.64171703006258, 19.378888303403187 ], [ -98.643053048788659, 19.377607683610222 ], [ -98.643813733410866, 19.378133320482732 ], [ -98.644108824819796, 19.378188120519781 ], [ -98.644337610769583, 19.37808012487875 ], [ -98.645397971384853, 19.376554949507522 ], [ -98.645408260207489, 19.37620252773678 ], [ -98.645294674472382, 19.375886012073693 ], [ -98.644800592486035, 19.375378976587569 ], [ -98.644458128513634, 19.375215641382454 ], [ -98.643858394125971, 19.375124097281457 ], [ -98.643706602904786, 19.37486172758571 ], [ -98.643022273167844, 19.37426394452001 ], [ -98.64301636847847, 19.372610167120513 ], [ -98.644435330339547, 19.372567763940538 ], [ -98.644921355123984, 19.372397011686587 ], [ -98.645513069320259, 19.37179268952292 ], [ -98.646122628700482, 19.371739655603278 ], [ -98.646570539716151, 19.371577861647097 ], [ -98.648068751811422, 19.370107741741094 ], [ -98.648316705104605, 19.369936519113878 ], [ -98.648889489353451, 19.369268890097828 ], [ -98.65136530983807, 19.36927365611507 ], [ -98.652135005006642, 19.370034237375137 ], [ -98.652495606460775, 19.370622330992319 ], [ -98.652752289966941, 19.370821635201537 ], [ -98.652971153223973, 19.370894349108596 ], [ -98.654567735332989, 19.372406566709003 ], [ -98.655224430016801, 19.372579516478311 ], [ -98.655805498291897, 19.372490248218526 ], [ -98.656244412859849, 19.372075377903684 ], [ -98.656380203020547, 19.37090082702457 ], [ -98.657954767025331, 19.369304251240123 ], [ -98.658364759197184, 19.369227608850963 ], [ -98.658903026209487, 19.369061243988426 ], [ -98.659433067795305, 19.368610322988729 ], [ -98.659567808388204, 19.368672508634518 ], [ -98.659538740646951, 19.371715980225872 ], [ -98.659521127776827, 19.372774118820928 ], [ -98.660463358353411, 19.372769110549768 ], [ -98.660657916675689, 19.372764461702957 ], [ -98.663417284704508, 19.372762537113431 ], [ -98.663924534515729, 19.372762178767346 ], [ -98.664600380891159, 19.372761699119394 ], [ -98.67091860499238, 19.372757093673215 ], [ -98.675485691396261, 19.372753628075486 ], [ -98.679837682026289, 19.372750219056798 ], [ -98.681599036086936, 19.372748809763152 ], [ -98.68615424998643, 19.37274508599819 ], [ -98.686213970501456, 19.372743257308628 ], [ -98.686238257410992, 19.372741029428369 ], [ -98.687098119268967, 19.372719667850617 ], [ -98.687105235628508, 19.371854600999939 ], [ -98.687105657744439, 19.37184300604082 ], [ -98.687105658767791, 19.371842330727475 ], [ -98.68710997023561, 19.36799657304573 ], [ -98.687110961460121, 19.367112214667429 ], [ -98.687117494913821, 19.361281252060451 ], [ -98.687120673230879, 19.358443483185965 ], [ -98.68712537377786, 19.354245156280626 ], [ -98.687126657362569, 19.353098416478474 ], [ -98.68713291020606, 19.347510373987745 ], [ -98.687133899483229, 19.346625999097228 ], [ -98.68713741716158, 19.343480718184367 ], [ -98.687135490298544, 19.343422283801146 ], [ -98.687129495771615, 19.343363420219248 ], [ -98.687127508247897, 19.343351863343969 ], [ -98.687124820629492, 19.342612301358656 ], [ -98.686253946983584, 19.342578516847425 ], [ -98.686249332066438, 19.342578077376572 ], [ -98.686187067360322, 19.342576035225591 ], [ -98.686183218479528, 19.342576148191768 ], [ -98.686179817264247, 19.342576048944068 ], [ -98.678708937277861, 19.342617033606814 ], [ -98.678452992232621, 19.342618432274492 ], [ -98.676842085328815, 19.342627227174432 ], [ -98.676598328607383, 19.342628556948057 ], [ -98.676597429775313, 19.342628561447725 ], [ -98.671450505766927, 19.342651946476053 ], [ -98.661320978106517, 19.342697545718806 ], [ -98.661133549646024, 19.342605871946432 ], [ -98.660249444669716, 19.341962595047107 ], [ -98.659583307680634, 19.34180772055538 ], [ -98.659012380429033, 19.341398264218299 ], [ -98.658753033076209, 19.341212264800276 ], [ -98.658623141403609, 19.341119108452233 ], [ -98.658071163960187, 19.341009627725896 ], [ -98.652844153706496, 19.341053951061497 ], [ -98.652367173806567, 19.341495853704146 ], [ -98.652193298948134, 19.342670332287128 ], [ -98.651429953731849, 19.34345509083596 ], [ -98.65062056187486, 19.343507760280943 ], [ -98.649726372669534, 19.343144560703649 ], [ -98.649421549593569, 19.34321626960616 ], [ -98.648925862031376, 19.343495460866279 ], [ -98.648257920984804, 19.34418098291269 ], [ -98.650235628209998, 19.339639182057283 ], [ -98.652599399438259, 19.335712610646169 ], [ -98.65516613798701, 19.333449201620795 ], [ -98.6569714487635, 19.332422393317529 ], [ -98.657221888498952, 19.332395754131767 ], [ -98.657774941883019, 19.329703762773363 ], [ -98.659175392925874, 19.326489209932959 ], [ -98.659269201923678, 19.32283316768337 ], [ -98.659258645455452, 19.320927008383308 ], [ -98.658601040040367, 19.315688882106542 ], [ -98.658636951926383, 19.31307724578744 ], [ -98.656812991641686, 19.311302558551517 ], [ -98.654745520814345, 19.309012280660284 ], [ -98.653255461961692, 19.306479079365488 ], [ -98.654877290084755, 19.30520793604353 ], [ -98.647705416909957, 19.301886652928147 ], [ -98.650655661744111, 19.298105811020491 ], [ -98.65222048276155, 19.29496391080761 ], [ -98.654422914539964, 19.294543358603335 ], [ -98.652591232468922, 19.288448901957508 ], [ -98.642211790855356, 19.282934300493878 ], [ -98.636217618672049, 19.279117843220433 ], [ -98.634869511135889, 19.279756780469143 ], [ -98.632095676845438, 19.278711946026363 ], [ -98.630651113235558, 19.279070508958455 ], [ -98.628175868087055, 19.278152738562369 ], [ -98.626353966312706, 19.274534196092134 ], [ -98.624773435981751, 19.272768727573009 ], [ -98.62692163337033, 19.269311940069485 ], [ -98.628274671980989, 19.26521187585297 ], [ -98.632728973378505, 19.264506965207374 ], [ -98.633083866123911, 19.263260563805716 ], [ -98.637024281143738, 19.262527402761179 ], [ -98.643288623551882, 19.257370545126378 ], [ -98.644580963761427, 19.257336917603936 ], [ -98.64648441777706, 19.257656911692209 ], [ -98.651751985559372, 19.254296204293098 ], [ -98.658488083726979, 19.246815368231523 ], [ -98.657202103225359, 19.246805731379311 ], [ -98.65718643256838, 19.245197098229426 ], [ -98.657958993328577, 19.244321948198433 ], [ -98.658065505343416, 19.243436511668847 ], [ -98.65913377144085, 19.242200425659291 ], [ -98.65956329878594, 19.241550555347203 ], [ -98.659573507259836, 19.241216201475538 ], [ -98.659431400879555, 19.240917712030637 ], [ -98.659174983995115, 19.240682268917112 ], [ -98.658842185210574, 19.240573202260066 ], [ -98.658518525863997, 19.240644894203626 ], [ -98.658089693297711, 19.240960390535292 ], [ -98.657195246451067, 19.240976787990405 ], [ -98.65714166698092, 19.239295785871718 ], [ -98.656904852208015, 19.238789263230501 ], [ -98.656401112842786, 19.238526240196734 ], [ -98.654983419402129, 19.238514530625991 ], [ -98.654345182699956, 19.238865771001826 ], [ -98.652180847711918, 19.240967307115625 ], [ -98.651619386900279, 19.241002385415754 ], [ -98.651152826147154, 19.241155125581656 ], [ -98.650628213021889, 19.241759608482539 ], [ -98.650521681747932, 19.242636003246616 ], [ -98.64969386988264, 19.242634417310796 ], [ -98.649651019004239, 19.240420245905455 ], [ -98.649252742351166, 19.239786884529849 ], [ -98.648654153567122, 19.239388101704776 ], [ -98.648092929965685, 19.239314724533926 ], [ -98.64752304550035, 19.238843696552692 ], [ -98.647000388785727, 19.238535425887676 ], [ -98.646429615146985, 19.238480099411333 ], [ -98.645631733938387, 19.237845956384149 ], [ -98.645289474439892, 19.237718772738674 ], [ -98.644946961499841, 19.237709070257893 ], [ -98.644356340032914, 19.238033256939502 ], [ -98.642210980374443, 19.240107599864302 ], [ -98.641438475957671, 19.240928460729094 ], [ -98.641360422059279, 19.241813942645877 ], [ -98.638877001614958, 19.241809049803123 ], [ -98.638725357712303, 19.241537637207045 ], [ -98.637984601801122, 19.240894537188467 ], [ -98.637813790787334, 19.240686345498091 ], [ -98.637224941571276, 19.240197174119487 ], [ -98.636359243514562, 19.240123156200582 ], [ -98.636188515422134, 19.239878814817189 ], [ -98.635561674587962, 19.23936245122178 ], [ -98.634762525590133, 19.239315669843165 ], [ -98.633860546580877, 19.238446303699334 ], [ -98.633844014674764, 19.237325671234601 ], [ -98.633674058909151, 19.236737919569862 ], [ -98.633408372648773, 19.236412051369882 ], [ -98.633113941568354, 19.236176495997142 ], [ -98.632800259799353, 19.236040309488317 ], [ -98.632201016986642, 19.235957770416576 ], [ -98.631365590955227, 19.23512467443328 ], [ -98.631347251098646, 19.234817376293279 ], [ -98.631177326958891, 19.234220585282515 ], [ -98.630645749921996, 19.233668248943729 ], [ -98.630027711625814, 19.233486256869696 ], [ -98.62808676793162, 19.233473279972429 ], [ -98.627279447323644, 19.232848075906702 ], [ -98.626956241810092, 19.23272089717409 ], [ -98.626623234880356, 19.23272021712927 ], [ -98.626289940262723, 19.232846055162952 ], [ -98.625727494552734, 19.233323869950311 ], [ -98.625022451172526, 19.233747167880381 ], [ -98.624822006248962, 19.23402690623908 ], [ -98.624726262215631, 19.234288785218894 ], [ -98.624701577869644, 19.236764896391549 ], [ -98.624177586538622, 19.237062043271237 ], [ -98.62396762135694, 19.237341760948027 ], [ -98.623910036448535, 19.23755853246962 ], [ -98.623557307156716, 19.237856029919044 ], [ -98.623023111339478, 19.238451376120395 ], [ -98.621985747771248, 19.238557677975507 ], [ -98.621671280341388, 19.238764880028157 ], [ -98.62140369914988, 19.239270402364866 ], [ -98.621418897380011, 19.24093325665558 ], [ -98.621703201381763, 19.241430884909562 ], [ -98.622178264467777, 19.241730091562602 ], [ -98.623843244134832, 19.241796786722091 ], [ -98.624137030616282, 19.242312504961205 ], [ -98.624412470652146, 19.242529961362379 ], [ -98.624707189287676, 19.242639011994697 ], [ -98.624705310422939, 19.243461382421231 ], [ -98.622288454990041, 19.243465438519763 ], [ -98.621909099142044, 19.242922429126793 ], [ -98.621643114434789, 19.242732099827094 ], [ -98.621367365356832, 19.242650194847215 ], [ -98.6205491338809, 19.242621386024496 ], [ -98.620426085569022, 19.242340981017719 ], [ -98.620008406706063, 19.24191537013678 ], [ -98.619770719837391, 19.241833541937467 ], [ -98.619391417875192, 19.24127245336382 ], [ -98.618916361269385, 19.240973239578693 ], [ -98.618584617764725, 19.2404212856149 ], [ -98.61803348790022, 19.240103836600099 ], [ -98.61801510938426, 19.239823648759739 ], [ -98.617835692827498, 19.239235863505826 ], [ -98.617304103130493, 19.238701563312588 ], [ -98.616961948916014, 19.238538179004877 ], [ -98.616381735597486, 19.238455628166719 ], [ -98.616087959058405, 19.23794893481903 ], [ -98.615802980715046, 19.237749520170496 ], [ -98.615536778857347, 19.237658589529303 ], [ -98.613871739465992, 19.237637004829423 ], [ -98.613817899925607, 19.23625421816206 ], [ -98.613657021464746, 19.235883357921409 ], [ -98.61302143357176, 19.235077713230169 ], [ -98.613051870812228, 19.234273477613215 ], [ -98.61620861721866, 19.231099080245826 ], [ -98.616923185426174, 19.230675836169269 ], [ -98.617276731413256, 19.230025906535047 ], [ -98.618621688656162, 19.228546635092812 ], [ -98.618832384685561, 19.227950626631582 ], [ -98.618845209114397, 19.226522793060042 ], [ -98.618637260976413, 19.22593494844881 ], [ -98.618105752611257, 19.225382576369896 ], [ -98.617506871858609, 19.225164434225746 ], [ -98.616954868143807, 19.225244612370943 ], [ -98.616669004439416, 19.225433792138404 ], [ -98.616363352914391, 19.225948265171098 ], [ -98.615743205804506, 19.226688004124583 ], [ -98.615599691097998, 19.227031111789699 ], [ -98.615531697409097, 19.227627416622056 ], [ -98.613933251973833, 19.227651159303832 ], [ -98.613050304979367, 19.226854029012827 ], [ -98.612241710443698, 19.226807130404836 ], [ -98.611671972575664, 19.226335992693578 ], [ -98.611158937757864, 19.226027641385542 ], [ -98.61027423533551, 19.225980572293793 ], [ -98.609674355130096, 19.226187145586152 ], [ -98.608148871042033, 19.227539445024092 ], [ -98.607520030311377, 19.227917653605516 ], [ -98.607319585010316, 19.228188335632183 ], [ -98.607233309645778, 19.228459262732997 ], [ -98.607201010703022, 19.230031645260624 ], [ -98.607115166008953, 19.230121831583233 ], [ -98.606125482836433, 19.230201035681432 ], [ -98.605820504815995, 19.230417268221231 ], [ -98.605457876169055, 19.230868339835069 ], [ -98.605248321756847, 19.230967295301298 ], [ -98.603040991042008, 19.230962515625436 ], [ -98.603318084621549, 19.230475115005675 ], [ -98.603375955308024, 19.230149905827318 ], [ -98.603272039219235, 19.229842419759791 ], [ -98.603053712269627, 19.229634093099151 ], [ -98.602796935890296, 19.229588350026518 ], [ -98.602577889143049, 19.22967824475802 ], [ -98.602215209728911, 19.230147383939368 ], [ -98.602111317676531, 19.229830860221909 ], [ -98.601684225376857, 19.229396150604487 ], [ -98.601427559298429, 19.229305220488413 ], [ -98.60189445802996, 19.229017051313633 ], [ -98.602094934964896, 19.228737338364851 ], [ -98.602171704625221, 19.228466393123483 ], [ -98.602211728774819, 19.227653143252326 ], [ -98.602745220514294, 19.227365116645842 ], [ -98.603060539728176, 19.226805502575189 ], [ -98.604088281918166, 19.226717360042983 ], [ -98.604412283447061, 19.226501171393465 ], [ -98.604718016166203, 19.225968644826594 ], [ -98.605755288197145, 19.225871476388477 ], [ -98.606079264292987, 19.225664321752276 ], [ -98.606346869133858, 19.225158821435343 ], [ -98.606323583274389, 19.222962759847462 ], [ -98.60611518638342, 19.222582753508675 ], [ -98.605527254796982, 19.221777185613632 ], [ -98.605472469270808, 19.216851854488823 ], [ -98.605216904454778, 19.21630907765325 ], [ -98.60473227956652, 19.216073066706485 ], [ -98.604142377230062, 19.216098902306442 ], [ -98.603580187935734, 19.216468205465162 ], [ -98.603160241619435, 19.217027594365902 ], [ -98.603044596423615, 19.217641865413043 ], [ -98.602777801379318, 19.217812990873881 ], [ -98.602195876833093, 19.218471433508171 ], [ -98.601358676840903, 19.218469610758916 ], [ -98.601346480652069, 19.21565001306368 ], [ -98.601186153278547, 19.215071289936304 ], [ -98.60052220871745, 19.214247466199424 ], [ -98.600511012837671, 19.211021200479252 ], [ -98.601169394908823, 19.210209298495386 ], [ -98.601351589481681, 19.209613247375671 ], [ -98.601317651744068, 19.207914199637571 ], [ -98.600929151009211, 19.207280756081502 ], [ -98.600321284806341, 19.206881797205938 ], [ -98.599446289538889, 19.206798550161864 ], [ -98.598656405171369, 19.206923338817148 ], [ -98.598017293064743, 19.207635866391342 ], [ -98.597189661238247, 19.207634046438613 ], [ -98.597362265664344, 19.207074126542238 ], [ -98.59712021323304, 19.204913728347321 ], [ -98.596911726891733, 19.204587933851769 ], [ -98.59636073572824, 19.204279458249005 ], [ -98.596357115145793, 19.201875582700268 ], [ -98.597178012748657, 19.20072967967252 ], [ -98.597198496734677, 19.200133276200802 ], [ -98.597788497344823, 19.200044202576464 ], [ -98.598360177451241, 19.199665899626609 ], [ -98.598761135757627, 19.199079367371439 ], [ -98.598895895630392, 19.198428991355513 ], [ -98.59964929291516, 19.197644412633167 ], [ -98.60189438180538, 19.197586049190193 ], [ -98.60226580338076, 19.197406114456555 ], [ -98.603037704113603, 19.196829415139121 ], [ -98.604902372534525, 19.196734041014508 ], [ -98.60525487258235, 19.196508873767186 ], [ -98.605608388748976, 19.195858963853027 ], [ -98.606972125950733, 19.194406921882262 ], [ -98.607182925910081, 19.193765739311232 ], [ -98.60708911859075, 19.193214274089996 ], [ -98.606899564829973, 19.192924679544888 ], [ -98.606396045657391, 19.192661521426999 ], [ -98.602248788018244, 19.192634484339749 ], [ -98.601451297378276, 19.19200015240682 ], [ -98.601128213568529, 19.191863892208175 ], [ -98.600519635789965, 19.19178123145025 ], [ -98.597208019572463, 19.188457357502443 ], [ -98.597771008951383, 19.187726588916348 ], [ -98.597828896164003, 19.187392342912176 ], [ -98.597705881876379, 19.18712999648244 ], [ -98.597468527487536, 19.186948732701524 ], [ -98.597211907038741, 19.186866834479474 ], [ -98.596375021982965, 19.186801732212984 ], [ -98.596300388459611, 19.186205118350642 ], [ -98.595921357437646, 19.185616870220599 ], [ -98.595313604249895, 19.18520885833783 ], [ -98.594448215552291, 19.185134647331608 ], [ -98.593781972304441, 19.185304876033001 ], [ -98.593057497127063, 19.185944902636436 ], [ -98.592277421024903, 19.185988353327275 ], [ -98.59147053395003, 19.185335883546884 ], [ -98.591128470561216, 19.185190526548979 ], [ -98.590586415052485, 19.185144130202275 ], [ -98.590016881143129, 19.184672926677365 ], [ -98.589485037032659, 19.184346399616516 ], [ -98.588096447031205, 19.184298096848352 ], [ -98.587223297671244, 19.183527977280733 ], [ -98.586367433763428, 19.1834537498857 ], [ -98.586364111684361, 19.180986611983371 ], [ -98.587349185385392, 19.179990505075807 ], [ -98.588013773234252, 19.179318463639618 ], [ -98.588346761607397, 19.179283063670823 ], [ -98.588936894822723, 19.179112683529695 ], [ -98.590509883326092, 19.177661230563331 ], [ -98.592402874645416, 19.177566043293723 ], [ -98.592745838724454, 19.177340878020971 ], [ -98.59305151514576, 19.176808367263561 ], [ -98.594088596034226, 19.176666073864453 ], [ -98.594355421809837, 19.176458811056648 ], [ -98.594470156503405, 19.176215062806591 ], [ -98.594413822775664, 19.17591671315796 ], [ -98.593882954467006, 19.175201604793642 ], [ -98.593837446411442, 19.174370088825526 ], [ -98.594495734338807, 19.173549168703801 ], [ -98.594677932407194, 19.172944084582866 ], [ -98.594613443270362, 19.172094452331919 ], [ -98.594424001663072, 19.171777733825536 ], [ -98.594158273183325, 19.171542180311974 ], [ -98.593844657044258, 19.171442077151028 ], [ -98.593530662698697, 19.171495603721553 ], [ -98.593092424039469, 19.171792856244792 ], [ -98.592217371975153, 19.171808985436428 ], [ -98.591610282175111, 19.171156960779399 ], [ -98.5911351397869, 19.170993233160743 ], [ -98.588034631499454, 19.170968215657695 ], [ -98.588036662632419, 19.170154879425695 ], [ -98.588541549161391, 19.169830677230664 ], [ -98.588847112046608, 19.169343358390961 ], [ -98.589171109559913, 19.169091045495975 ], [ -98.590458588600484, 19.167675098385814 ], [ -98.590527159768669, 19.166870947455948 ], [ -98.591385357869001, 19.165969149942498 ], [ -98.592431838135553, 19.165844959963124 ], [ -98.592698648312137, 19.165637699067076 ], [ -98.592813399963518, 19.165384914411959 ], [ -98.592747539674747, 19.165095579981426 ], [ -98.592558087088605, 19.164787896596863 ], [ -98.591391512197049, 19.16348395342618 ], [ -98.591280050144348, 19.162408286517064 ], [ -98.591071604887077, 19.162091522127582 ], [ -98.590530274898242, 19.16178305145371 ], [ -98.590524845373807, 19.160138281490276 ], [ -98.591095798074264, 19.160003998749062 ], [ -98.591372043508727, 19.159823871977778 ], [ -98.591581895481397, 19.159571299832351 ], [ -98.591658648241889, 19.159300356787298 ], [ -98.591583237250347, 19.159029074818704 ], [ -98.591374616541088, 19.158784607393898 ], [ -98.591108778590751, 19.158603272084122 ], [ -98.590528993108819, 19.158466421235062 ], [ -98.589713138940624, 19.157651255517351 ], [ -98.589632220646251, 19.155771350519672 ], [ -98.589404834068375, 19.155427430400266 ], [ -98.589443638243381, 19.155120254673591 ], [ -98.589919474593444, 19.154985762302942 ], [ -98.590548837088363, 19.154300346181401 ], [ -98.592507953289271, 19.154277598444878 ], [ -98.593107480961237, 19.154116261141723 ], [ -98.593688855097241, 19.153602433178264 ], [ -98.594212611031708, 19.153314404347441 ], [ -98.594612980853071, 19.152926692727817 ], [ -98.594710830560359, 19.151806303346916 ], [ -98.595281441287796, 19.151798526298933 ], [ -98.595757241563263, 19.151673055657398 ], [ -98.596377057889697, 19.150987597811366 ], [ -98.597193001442179, 19.151766586190604 ], [ -98.597982227683929, 19.15180446653693 ], [ -98.599320150256233, 19.153027409260005 ], [ -98.599918374979666, 19.15339923835586 ], [ -98.600793155303506, 19.153455367701326 ], [ -98.601411779625835, 19.153257896180037 ], [ -98.601974171247548, 19.15271688890266 ], [ -98.602194335661977, 19.152120914865804 ], [ -98.602180020097876, 19.15016885955589 ], [ -98.601364409562336, 19.149245299231666 ], [ -98.601377846636694, 19.147618641210954 ], [ -98.601997733726648, 19.146887978004713 ], [ -98.602189361471801, 19.146291941579534 ], [ -98.602194020521267, 19.144358000555485 ], [ -98.602537707235285, 19.143798441873457 ], [ -98.602624096086743, 19.14346425423355 ], [ -98.602539338516976, 19.143120658646012 ], [ -98.602368845250567, 19.142840137298379 ], [ -98.601732920399911, 19.142341714172119 ], [ -98.601362276742634, 19.142250537580878 ], [ -98.601038765054, 19.142331168732426 ], [ -98.600591129761426, 19.142619383709473 ], [ -98.598888835129344, 19.142669892593801 ], [ -98.597973985338285, 19.143472196760911 ], [ -98.593038618954381, 19.14347035224489 ], [ -98.59287756175496, 19.143225991880058 ], [ -98.592232378372501, 19.14263714433622 ], [ -98.5919294431921, 19.142085204682417 ], [ -98.591426123511496, 19.141812970063711 ], [ -98.591892790443467, 19.141524819855476 ], [ -98.592093175801779, 19.141245113789694 ], [ -98.592179427933274, 19.140974190994029 ], [ -98.592181346562995, 19.140197000236242 ], [ -98.592829950642738, 19.13939413408832 ], [ -98.592963901839312, 19.139060056604762 ], [ -98.593060528558794, 19.1384367073058 ], [ -98.596511432608963, 19.134910798980854 ], [ -98.598894172888095, 19.132638657268387 ], [ -98.599997206283035, 19.132632027504258 ], [ -98.600615688141204, 19.132461668323856 ], [ -98.601216001960211, 19.131938818078936 ], [ -98.60189214174801, 19.131515539134455 ], [ -98.602082989552514, 19.131235800812874 ], [ -98.60214067241435, 19.13097384799039 ], [ -98.602084273491357, 19.13070261067196 ], [ -98.601904262984363, 19.130431105258594 ], [ -98.601382031342723, 19.130122708073486 ], [ -98.601308469981632, 19.12908327387413 ], [ -98.601081050824178, 19.128757441655125 ], [ -98.600587351395347, 19.128449104269123 ], [ -98.600198684132181, 19.127960250983449 ], [ -98.599695633500971, 19.127588630687512 ], [ -98.59973568064953, 19.12675729837872 ], [ -98.599602979208044, 19.126585302746037 ], [ -98.598889302894179, 19.126809673970229 ], [ -98.598862795433945, 19.125978196406606 ], [ -98.599918505499375, 19.125863017007816 ], [ -98.600566841106968, 19.12513241789236 ], [ -98.602772808812801, 19.125119130105134 ], [ -98.603229554063205, 19.124975523069395 ], [ -98.603877741930432, 19.124299134727039 ], [ -98.606321405445783, 19.124286317074507 ], [ -98.606909777932231, 19.124766548351488 ], [ -98.607422495215985, 19.125074909613375 ], [ -98.608572892315522, 19.125122552188941 ], [ -98.609372038270806, 19.124934473784151 ], [ -98.609962384179028, 19.124583279098943 ], [ -98.610048576990721, 19.124321383990321 ], [ -98.609433743540137, 19.122964499751902 ], [ -98.608873552191994, 19.122628931368354 ], [ -98.608799433228739, 19.121806389915434 ], [ -98.608135664911458, 19.121045851032534 ], [ -98.605973016486075, 19.118863261593731 ], [ -98.605564994277927, 19.118518972609763 ], [ -98.604709411033241, 19.118462909616767 ], [ -98.6043682720981, 19.117983204260781 ], [ -98.603884084199251, 19.117683933396165 ], [ -98.603028484268179, 19.117636899816659 ], [ -98.603030458565627, 19.11681452053449 ], [ -98.60352566700351, 19.11648121461792 ], [ -98.603878689678879, 19.115966857008061 ], [ -98.605276397288435, 19.115942755112485 ], [ -98.605742622989681, 19.11579916170831 ], [ -98.60637172753502, 19.115131759523422 ], [ -98.607969069068304, 19.115117102115505 ], [ -98.609268937426691, 19.116258558231095 ], [ -98.60992397335815, 19.116684698733877 ], [ -98.610266084536363, 19.116757722688419 ], [ -98.610779698662327, 19.116677477433484 ], [ -98.611065379789125, 19.116488301817526 ], [ -98.611313730161612, 19.11600081948518 ], [ -98.611277058822338, 19.1154223617242 ], [ -98.611106684497656, 19.115096662140445 ], [ -98.610860142776914, 19.114815986955136 ], [ -98.610519142193482, 19.114273032607855 ], [ -98.610542073890372, 19.112610238070772 ], [ -98.613610993538487, 19.109417553442654 ], [ -98.614564472785446, 19.108244721085555 ], [ -98.614708704035934, 19.107549159339897 ], [ -98.61540498596429, 19.106583638118366 ], [ -98.615481863343803, 19.106231348212873 ], [ -98.615524429530524, 19.104279401555914 ], [ -98.619707564042642, 19.10428810942966 ], [ -98.620751586680228, 19.105058430545341 ], [ -98.622187045870589, 19.105115612058341 ], [ -98.623041970866097, 19.105433670914579 ], [ -98.623336838015291, 19.105371015395576 ], [ -98.623869836862582, 19.105110028624892 ], [ -98.624704684347478, 19.105897973569938 ], [ -98.624826125468473, 19.106847128558343 ], [ -98.62504380926913, 19.107281359093236 ], [ -98.625509094071219, 19.107535350282035 ], [ -98.627172874950588, 19.107538735503169 ], [ -98.627677292030455, 19.107304791411025 ], [ -98.627935046765344, 19.106835378885989 ], [ -98.627957212947308, 19.105434656114767 ], [ -98.62760685072351, 19.104810378446643 ], [ -98.626383366445964, 19.103506535213114 ], [ -98.626289745396321, 19.102864702673287 ], [ -98.625967813583372, 19.102285665786042 ], [ -98.624696887320283, 19.100954603202467 ], [ -98.624632184400014, 19.100141121767933 ], [ -98.624376565291755, 19.099670664144128 ], [ -98.623845002622318, 19.099308087943086 ], [ -98.623848824527954, 19.097627173761339 ], [ -98.625388179425556, 19.097605517734166 ], [ -98.626092499965239, 19.097595604885328 ], [ -98.626587259078974, 19.09741586680309 ], [ -98.627187548394033, 19.096811592268864 ], [ -98.62781517419694, 19.096731529817646 ], [ -98.628395814020791, 19.096407365248297 ], [ -98.629701082474753, 19.095135752451768 ], [ -98.630300120500124, 19.09508273549028 ], [ -98.630756821220473, 19.094911946668958 ], [ -98.631347579976364, 19.094307638982741 ], [ -98.631699363349981, 19.094290270050521 ], [ -98.632403271280054, 19.094101898026224 ], [ -98.633022621025873, 19.093461493110112 ], [ -98.633897381336965, 19.093390940434233 ], [ -98.634373206750979, 19.093165957272845 ], [ -98.634621453778834, 19.092678440812222 ], [ -98.634652487736616, 19.091539811698226 ], [ -98.634473223451948, 19.090924923559214 ], [ -98.63396101841721, 19.090408781823839 ], [ -98.633619129936562, 19.090254467545321 ], [ -98.633048989890028, 19.090144883119876 ], [ -98.629804979985693, 19.086939197505671 ], [ -98.628864175191325, 19.08680174163004 ], [ -98.628570579958762, 19.086313138119635 ], [ -98.628304834986068, 19.086122819056925 ], [ -98.628048353020006, 19.086040965120503 ], [ -98.626384908685282, 19.085983367933579 ], [ -98.626081918190891, 19.085449555298965 ], [ -98.625521776165442, 19.085132111944517 ], [ -98.62552365694097, 19.084300690683563 ], [ -98.625846860766273, 19.084301348843155 ], [ -98.626588634193297, 19.084167298766715 ], [ -98.627913257324963, 19.082705953323796 ], [ -98.628039067613884, 19.081712112264938 ], [ -98.628382312773738, 19.081251907521107 ], [ -98.628659137061334, 19.080737344524096 ], [ -98.628688404354079, 19.080403025929286 ], [ -98.628584996371444, 19.079887694597687 ], [ -98.628309978911886, 19.07959794721944 ], [ -98.627502154540593, 19.079524014322828 ], [ -98.62649312075439, 19.080154573534628 ], [ -98.625780107106721, 19.080189272493158 ], [ -98.625323503404104, 19.080332938236097 ], [ -98.62470417415301, 19.080973318511667 ], [ -98.623886654496062, 19.080980685045688 ], [ -98.623545555060616, 19.080491976393319 ], [ -98.623033066133701, 19.080129437026642 ], [ -98.623017222945577, 19.078737670745738 ], [ -98.622856696690974, 19.078267405413783 ], [ -98.620741593677735, 19.076229677451238 ], [ -98.620295289568048, 19.076029937286762 ], [ -98.619753578794473, 19.075983631767144 ], [ -98.618928241529375, 19.07526798188843 ], [ -98.618025575907666, 19.075112476224263 ], [ -98.617257241210893, 19.074415011830638 ], [ -98.616383014434405, 19.074295706328485 ], [ -98.616204463310567, 19.073409684999262 ], [ -98.615132939399018, 19.0722958662152 ], [ -98.614496988505039, 19.071905933378957 ], [ -98.614145440595678, 19.071841935605676 ], [ -98.611360438638883, 19.071817997810967 ], [ -98.611362431023281, 19.070968502268101 ], [ -98.611676145635329, 19.070951090345886 ], [ -98.612256386952481, 19.070771569716953 ], [ -98.612570671626145, 19.070510152179565 ], [ -98.612780482805761, 19.070212365261227 ], [ -98.612828726602288, 19.069905200861911 ], [ -98.612715298292414, 19.069633845069632 ], [ -98.612212265771177, 19.069316482142938 ], [ -98.612100700295741, 19.068249853262273 ], [ -98.611892266078144, 19.067960222132513 ], [ -98.611636053295058, 19.06777893673484 ], [ -98.611379629164958, 19.067688022889456 ], [ -98.609706849934014, 19.067639295561719 ], [ -98.609583965769104, 19.06734984334804 ], [ -98.609166768132411, 19.066915170324762 ], [ -98.608340047891147, 19.066823039931307 ], [ -98.607835856321799, 19.067002710593158 ], [ -98.60720700648551, 19.067643012599603 ], [ -98.606389574328148, 19.067641265598809 ], [ -98.603876660329774, 19.065159671277684 ], [ -98.603848923107876, 19.06483427122123 ], [ -98.603679261438742, 19.06423744856545 ], [ -98.603148245747036, 19.063712144656961 ], [ -98.602796957964188, 19.063548716560661 ], [ -98.602255315172044, 19.063493323254704 ], [ -98.601467960409138, 19.062849976347252 ], [ -98.601135620388391, 19.062713697857419 ], [ -98.600537017858812, 19.062631064404286 ], [ -98.598925016752617, 19.061055080169751 ], [ -98.598088783601384, 19.060980958116204 ], [ -98.594656432609213, 19.057566395309664 ], [ -98.593897781219425, 19.056868856415292 ], [ -98.593042540731119, 19.056803707152596 ], [ -98.592682505488881, 19.056342012119444 ], [ -98.59220808694829, 19.056015621530037 ], [ -98.591371815808543, 19.05596858108953 ], [ -98.591344705198878, 19.055399175376749 ], [ -98.591184245360125, 19.054946957582843 ], [ -98.588937215549265, 19.052727832900644 ], [ -98.588034567625925, 19.052626406035301 ], [ -98.588016950401652, 19.052066058282776 ], [ -98.587846976119522, 19.051622853562378 ], [ -98.58725918344544, 19.051034116947903 ], [ -98.586927981045619, 19.050454991462914 ], [ -98.586652882042756, 19.050246517843391 ], [ -98.58636803197578, 19.050137431471455 ], [ -98.58636136586847, 19.048998725201386 ], [ -98.586191759465919, 19.04841092402188 ], [ -98.585528516972374, 19.047596081587471 ], [ -98.585524473793328, 19.045409061682221 ], [ -98.585354535173451, 19.044956817407638 ], [ -98.584700384340067, 19.044313699931593 ], [ -98.584689978804306, 19.037074847590929 ], [ -98.584539079576871, 19.036613608004473 ], [ -98.583875460752381, 19.035970466241508 ], [ -98.584103990084088, 19.035790237318167 ], [ -98.584456761140643, 19.035330133752609 ], [ -98.584457529860117, 19.035022869170518 ], [ -98.583889061815057, 19.034334755767418 ], [ -98.583805571759569, 19.03352121514979 ], [ -98.58368264352805, 19.033276931847581 ], [ -98.582204032515563, 19.031737253905305 ], [ -98.582188822033459, 19.030227999224962 ], [ -98.58388474661308, 19.028469572277459 ], [ -98.585842340444913, 19.028464944118809 ], [ -98.586441442640762, 19.028294581543548 ], [ -98.587165202241806, 19.027672633581801 ], [ -98.587545446092349, 19.027619261338828 ], [ -98.588106532758275, 19.027448808219276 ], [ -98.588659010546507, 19.02691684394307 ], [ -98.588850585006753, 19.026302737952335 ], [ -98.588852061100908, 19.02186544726203 ], [ -98.589500211217683, 19.021062575338647 ], [ -98.589643549885352, 19.020737553001595 ], [ -98.589721063296508, 19.020132228910086 ], [ -98.59046411373879, 19.019374750784209 ], [ -98.591054099101029, 19.019032644288529 ], [ -98.591254335216604, 19.018752933084841 ], [ -98.59134052186829, 19.018482006162344 ], [ -98.59137729269014, 19.01512022413641 ], [ -98.591768007495205, 19.014660188781193 ], [ -98.592120956152712, 19.014100659041674 ], [ -98.592178810375628, 19.013757370704013 ], [ -98.592204552717931, 19.011010096828954 ], [ -98.59273740571075, 19.010704006949993 ], [ -98.593061815251872, 19.010153449269467 ], [ -98.593490608936804, 19.009657344714185 ], [ -98.593824537706155, 19.009097769276082 ], [ -98.593865987657693, 19.007688045267116 ], [ -98.594323409575452, 19.007137777888431 ], [ -98.594638261254659, 19.006605270603757 ], [ -98.594687156572604, 19.006036029405209 ], [ -98.59517322966974, 19.005422561711669 ], [ -98.595468962555287, 19.004935197285363 ], [ -98.595546490588106, 19.004311794803698 ], [ -98.59636560831251, 19.003491196114965 ], [ -98.598064132158527, 19.002550818466318 ], [ -98.599954364684947, 19.000697454374972 ], [ -98.601392383863697, 18.999308824200739 ], [ -98.601677439729428, 18.999300402573454 ], [ -98.602276465384307, 18.999111911775174 ], [ -98.602809780319035, 18.998588897698539 ], [ -98.602972161853017, 18.998227755450841 ], [ -98.603049572259181, 18.9976404978716 ], [ -98.603344147856717, 18.997623056825489 ], [ -98.603943144213019, 18.997443597731149 ], [ -98.604466969136013, 18.996911520979211 ], [ -98.604638824955941, 18.996559434741926 ], [ -98.604687596952033, 18.996026338699551 ], [ -98.605335548881214, 18.995232443552595 ], [ -98.605469354670333, 18.994898349641687 ], [ -98.605546733188248, 18.994320127899698 ], [ -98.606392545253357, 18.994222523800886 ], [ -98.607211368768276, 18.993483209960175 ], [ -98.608076220002374, 18.993367564024652 ], [ -98.60880935507879, 18.992700359312551 ], [ -98.609199332675473, 18.99251140227517 ], [ -98.609618341809892, 18.992096573198467 ], [ -98.609725542253614, 18.990949062130085 ], [ -98.610315960077571, 18.990362884933859 ], [ -98.610507051903596, 18.989902385674895 ], [ -98.610538895900334, 18.988474558124665 ], [ -98.611108970455462, 18.988457685688559 ], [ -98.611574834364092, 18.988314069847206 ], [ -98.612212949521506, 18.987637613501704 ], [ -98.613029991945325, 18.987639328523983 ], [ -98.613655534731606, 18.988282288305015 ], [ -98.614111182960187, 18.98844591328168 ], [ -98.616353248397331, 18.98847770006148 ], [ -98.617632955758836, 18.989727505516896 ], [ -98.61824018648116, 18.990081218076057 ], [ -98.619133122368794, 18.990137287280618 ], [ -98.619789059171808, 18.989966931110359 ], [ -98.620512550482999, 18.989335808452779 ], [ -98.620883197409569, 18.989282346485822 ], [ -98.621434602182717, 18.989120806922585 ], [ -98.621767698092583, 18.988868445152718 ], [ -98.62200591061935, 18.988561664507529 ], [ -98.622149157932768, 18.988236614456127 ], [ -98.62220751569555, 18.987640270931706 ], [ -98.622454877477821, 18.98748714279327 ], [ -98.62307398638427, 18.986792534864776 ], [ -98.623311886612669, 18.986621311574822 ], [ -98.62389290541762, 18.985962772288246 ], [ -98.630847269955666, 18.985949704303323 ], [ -98.631436676390592, 18.985779173385254 ], [ -98.632169566906271, 18.985166097601507 ], [ -98.63254968176193, 18.985121668338024 ], [ -98.633110562625291, 18.984960112547242 ], [ -98.633833923307918, 18.984356048391419 ], [ -98.634738399648938, 18.983472182651496 ], [ -98.638814080860243, 18.983453093923742 ], [ -98.639676903595387, 18.984241029098484 ], [ -98.640531777221213, 18.984314995380089 ], [ -98.64114791461094, 18.984957845629026 ], [ -98.641613062900944, 18.98513045918537 ], [ -98.64505220266193, 18.985137108324409 ], [ -98.645764982081573, 18.985020993028343 ], [ -98.646374467224121, 18.984335324664471 ], [ -98.646914566803389, 18.985005122290033 ], [ -98.647218348965339, 18.985114151564858 ], [ -98.651351000334955, 18.98513104631536 ], [ -98.651653895765378, 18.985664821736009 ], [ -98.65224218486685, 18.986018388145965 ], [ -98.653238223620065, 18.986743250758536 ], [ -98.654653683751405, 18.986800130641427 ], [ -98.655744630780418, 18.987579381674323 ], [ -98.657160117796593, 18.98762720523689 ], [ -98.657966362016168, 18.988261316352123 ], [ -98.658279602386983, 18.988397457214262 ], [ -98.658906437092469, 18.988498028498896 ], [ -98.660158057444789, 18.989702306081483 ], [ -98.660746378966962, 18.990055845829886 ], [ -98.661363739206138, 18.990147354111912 ], [ -98.661657211664249, 18.99066302142711 ], [ -98.662179199962395, 18.990935098850457 ], [ -98.663062914895647, 18.990864417166847 ], [ -98.663928998665938, 18.990115898279271 ], [ -98.668869358657446, 18.990124837511928 ], [ -98.669476162488252, 18.990749503433562 ], [ -98.669941321240856, 18.990940121138124 ], [ -98.672211945429865, 18.99097128460636 ], [ -98.672237273355051, 18.992579977696209 ], [ -98.671665597407127, 18.993401358887013 ], [ -98.671607984570073, 18.993708526036357 ], [ -98.671721477353685, 18.993970811244481 ], [ -98.672148519041116, 18.994224617015732 ], [ -98.672527380138035, 18.994821755366218 ], [ -98.673001930120051, 18.995075643592941 ], [ -98.675538603689233, 18.995125313504673 ], [ -98.675575089142114, 18.995902589586933 ], [ -98.674822826590741, 18.996759811663878 ], [ -98.674726665074559, 18.997347069398074 ], [ -98.674809502328799, 18.99871185457431 ], [ -98.675245655387982, 18.999173528260428 ], [ -98.676385536850432, 18.999311093803556 ], [ -98.677153659572298, 19.000071578116263 ], [ -98.677494546361572, 19.00066863976582 ], [ -98.677542000197832, 19.000695834850376 ], [ -98.678081436165201, 19.001799333994711 ], [ -98.678365548976501, 19.002278809352106 ], [ -98.678877889819887, 19.002659271448749 ], [ -98.678866989523726, 19.003382239808957 ], [ -98.678781284022989, 19.003481501151384 ], [ -98.678296692004494, 19.003489692930714 ], [ -98.677830857289393, 19.003624439017187 ], [ -98.675517407137875, 19.0059700869528 ], [ -98.674481537946178, 19.00606767022407 ], [ -98.674177060846944, 19.006284028044945 ], [ -98.673977029857099, 19.006536719562632 ], [ -98.673871481940751, 19.007060698194493 ], [ -98.67393481523618, 19.00867849315614 ], [ -98.674171702476542, 19.009013293656494 ], [ -98.674418376147457, 19.009203513817909 ], [ -98.67470321699227, 19.009312465058997 ], [ -98.673581970589794, 19.009328556239495 ], [ -98.672973482231328, 19.009517260962468 ], [ -98.672430827310507, 19.010049499347701 ], [ -98.672230057289255, 19.010672718048568 ], [ -98.67227585316607, 19.011540383238753 ], [ -98.672673756837639, 19.012137554539208 ], [ -98.673262076653373, 19.012545278955599 ], [ -98.673832034936595, 19.012627625136872 ], [ -98.674430056406266, 19.012935952429416 ], [ -98.67471497443978, 19.013008754498856 ], [ -98.675028681957826, 19.012937009650386 ], [ -98.675485325624493, 19.012657657570116 ], [ -98.677205254112835, 19.012624530748269 ], [ -98.677709403196673, 19.012345256384094 ], [ -98.678062028045701, 19.011803633154841 ], [ -98.67974231739305, 19.012610885433332 ], [ -98.67919057343795, 19.012935269107572 ], [ -98.678885529881143, 19.013440828078785 ], [ -98.678390618607125, 19.013855681699965 ], [ -98.678095178247418, 19.014307032061822 ], [ -98.678065567055171, 19.014876332121219 ], [ -98.678254680116368, 19.015355641131293 ], [ -98.679696142297018, 19.016840276213202 ], [ -98.679768617687614, 19.018674979967443 ], [ -98.679996010770083, 19.019018793777548 ], [ -98.680537034979409, 19.01933603979387 ], [ -98.680821131706637, 19.019842622869248 ], [ -98.680791998248253, 19.020167916131982 ], [ -98.680335603893298, 19.02031172147457 ], [ -98.67972620996477, 19.020952312498366 ], [ -98.679202945702514, 19.021276745160435 ], [ -98.679069333919017, 19.021574744006614 ], [ -98.679125754240829, 19.021882111381387 ], [ -98.67931521006858, 19.022189710521161 ], [ -98.680529025427631, 19.023493195639389 ], [ -98.680622031903681, 19.024541686509338 ], [ -98.680840001466095, 19.024849333539521 ], [ -98.681096173827086, 19.025057635958035 ], [ -98.681894226097313, 19.025149390119793 ], [ -98.682426636578441, 19.025014749635432 ], [ -98.683045624367651, 19.024328979951179 ], [ -98.683386856621951, 19.024781433438648 ], [ -98.683870872490559, 19.025107609056533 ], [ -98.684650024481471, 19.025145094954837 ], [ -98.686366848665557, 19.026819933591696 ], [ -98.685614619611556, 19.02761393454773 ], [ -98.685535321633495, 19.029339927531453 ], [ -98.684916256367444, 19.030061854230667 ], [ -98.684734582321937, 19.030648968843423 ], [ -98.684711965321071, 19.032546766949793 ], [ -98.684616762162193, 19.032636976968092 ], [ -98.68332421707504, 19.032698018219605 ], [ -98.682953284085556, 19.032860051161208 ], [ -98.682648751210991, 19.033085459089932 ], [ -98.682257961288599, 19.033690284808529 ], [ -98.682198134238376, 19.035154226386624 ], [ -98.675593353095564, 19.035151737788681 ], [ -98.674796321141798, 19.034517719316966 ], [ -98.674463957064745, 19.034390609338288 ], [ -98.674121823762334, 19.034399041108372 ], [ -98.673788962412118, 19.034524973699661 ], [ -98.673274773273477, 19.035039188102814 ], [ -98.673131529488103, 19.035391388736628 ], [ -98.673130870011903, 19.035725767946644 ], [ -98.673272795701052, 19.036042325747417 ], [ -98.673917437666091, 19.036847789541071 ], [ -98.677787300152318, 19.040713537091563 ], [ -98.67827157865031, 19.040922242677709 ], [ -98.678870181828017, 19.040986549714546 ], [ -98.679021766456515, 19.041230821521083 ], [ -98.679695386396418, 19.041819420521733 ], [ -98.679856424229456, 19.04209082002177 ], [ -98.680520599181989, 19.042652287683438 ], [ -98.680282727976135, 19.042796471276688 ], [ -98.679682684643183, 19.043473225198909 ], [ -98.679112338299319, 19.043535492251408 ], [ -98.678493929101421, 19.04387782993922 ], [ -98.677455785267512, 19.045023749851964 ], [ -98.677293498495658, 19.045393994548533 ], [ -98.677292847011643, 19.045728373530665 ], [ -98.67741574589013, 19.04606296922617 ], [ -98.677918291358651, 19.046660311733149 ], [ -98.678354189938716, 19.04732079743485 ], [ -98.678857268269155, 19.047647019339479 ], [ -98.678381508336997, 19.047935381565821 ], [ -98.677971782710983, 19.048476902532911 ], [ -98.676641203392137, 19.048483605245451 ], [ -98.675329525853556, 19.048544555536637 ], [ -98.675005928304984, 19.048778953728004 ], [ -98.674824837222502, 19.049040715232707 ], [ -98.674738768385794, 19.049311681912911 ], [ -98.674708623138429, 19.05014305975277 ], [ -98.671648230475967, 19.050173770656784 ], [ -98.671010737561232, 19.050534123161754 ], [ -98.669706149726949, 19.051797005711251 ], [ -98.668909278925071, 19.051054515148678 ], [ -98.668329670556659, 19.050981172557499 ], [ -98.667787734899491, 19.051079604706672 ], [ -98.667502211278475, 19.05127790914355 ], [ -98.667321105821827, 19.051539663043911 ], [ -98.667235041704032, 19.05180158872804 ], [ -98.667195318003337, 19.05265102193772 ], [ -98.666585809628486, 19.053264453551833 ], [ -98.666404336499113, 19.053706951517938 ], [ -98.666372928966382, 19.055143822944046 ], [ -98.664785679364343, 19.055149973971993 ], [ -98.663884414044446, 19.054334973521179 ], [ -98.661422884904255, 19.054285272275763 ], [ -98.660901016513264, 19.053859558609872 ], [ -98.660331444096755, 19.053524128223614 ], [ -98.658915455085094, 19.053449209712937 ], [ -98.65813735397586, 19.052842267386666 ], [ -98.657805004222098, 19.052697052923122 ], [ -98.657215872734525, 19.052632695085151 ], [ -98.655954325172274, 19.051419344316457 ], [ -98.655318373815987, 19.051020513510764 ], [ -98.653617209499771, 19.050981169324359 ], [ -98.652961045992299, 19.051160678364511 ], [ -98.652237403750519, 19.051791921472102 ], [ -98.649737615089464, 19.051877552072995 ], [ -98.649242824030182, 19.052147727732631 ], [ -98.649147284625883, 19.052382514748615 ], [ -98.649241791064014, 19.052635738683193 ], [ -98.649772289203099, 19.05345914144965 ], [ -98.650417282852004, 19.054074902964999 ], [ -98.650778103508117, 19.054238259234694 ], [ -98.651367180742113, 19.054329749325177 ], [ -98.65285640480937, 19.055742380740583 ], [ -98.653274220137575, 19.05592391429127 ], [ -98.653825362678504, 19.055979176013921 ], [ -98.654498913285749, 19.056585939906199 ], [ -98.654991563589988, 19.057345995809783 ], [ -98.655266780125089, 19.057545331914753 ], [ -98.655542260429968, 19.057618146251855 ], [ -98.656340583017482, 19.057646751482935 ], [ -98.656634098809661, 19.058189536247653 ], [ -98.657289126921512, 19.058570323597166 ], [ -98.659765841711021, 19.061019834434035 ], [ -98.660609502186276, 19.061613006074879 ], [ -98.661350428481455, 19.061831266746481 ], [ -98.664623088622989, 19.065036460823364 ], [ -98.664984093471958, 19.065127491784665 ], [ -98.666305262862295, 19.065138931930562 ], [ -98.66800345831615, 19.066732567167662 ], [ -98.668877759348675, 19.066815479654849 ], [ -98.669038893323034, 19.067041701731966 ], [ -98.67051891173594, 19.068436101044824 ], [ -98.672201232127179, 19.068484295520591 ], [ -98.673007687088386, 19.069235825996827 ], [ -98.673862993703779, 19.069318681271113 ], [ -98.674688435170083, 19.070088312726057 ], [ -98.676323177104109, 19.070172534767153 ], [ -98.677110930602964, 19.070779418146572 ], [ -98.677443351073578, 19.070915561101799 ], [ -98.678032555798325, 19.070979855349776 ], [ -98.678041480646471, 19.071278101126325 ], [ -98.678211380740549, 19.071892933542415 ], [ -98.678818336472261, 19.072607940301623 ], [ -98.678818178535494, 19.072689275509333 ], [ -98.678446712881623, 19.073077228658406 ], [ -98.67807480576522, 19.073691112118752 ], [ -98.678032350604497, 19.07596843063402 ], [ -98.677194201872737, 19.076816463411717 ], [ -98.671357733279365, 19.076815153436087 ], [ -98.670902272768444, 19.076407661183566 ], [ -98.670332639583364, 19.076054186615522 ], [ -98.669657960492202, 19.075944527706213 ], [ -98.668149494211718, 19.074486809665871 ], [ -98.667219284001419, 19.073825406987453 ], [ -98.666953295321434, 19.073743589726575 ], [ -98.666724982773758, 19.073833548496452 ], [ -98.66647702148498, 19.07423977566674 ], [ -98.666039277554091, 19.0744829868907 ], [ -98.665648804147963, 19.074852804787554 ], [ -98.665532436193928, 19.075991288437478 ], [ -98.665284962415228, 19.076153508600328 ], [ -98.664694279821447, 19.076812151993465 ], [ -98.663648442264616, 19.076918687841669 ], [ -98.663343839620609, 19.077125987086504 ], [ -98.663038610411434, 19.077640551561046 ], [ -98.662458562605195, 19.077738896876781 ], [ -98.662144562066828, 19.07789195326535 ], [ -98.661906366296705, 19.078162632981673 ], [ -98.661791614526749, 19.078496800436085 ], [ -98.661866976736633, 19.07883131773724 ], [ -98.66221772896472, 19.079301900337157 ], [ -98.661932242527541, 19.079455008717503 ], [ -98.661341461036272, 19.080149789723407 ], [ -98.660809136423154, 19.080148807839123 ], [ -98.659497132023205, 19.080245791095933 ], [ -98.659192499603819, 19.080462120494076 ], [ -98.659030397891343, 19.080705825682173 ], [ -98.658972804054429, 19.080976836474804 ], [ -98.65902929893582, 19.08123902173071 ], [ -98.659190377194648, 19.081492363721679 ], [ -98.659712549474648, 19.081809635461582 ], [ -98.659709110132042, 19.083481521190265 ], [ -98.65912920782489, 19.083498520719729 ], [ -98.658653628836873, 19.083633196565302 ], [ -98.658024813414102, 19.084318858404799 ], [ -98.656903064358687, 19.084334841558757 ], [ -98.656294321648488, 19.084505411552641 ], [ -98.655751480621518, 19.084983369510098 ], [ -98.655065969722045, 19.08549720700961 ], [ -98.654979962474044, 19.085713939486027 ], [ -98.655055464800114, 19.085976161464714 ], [ -98.655254490635059, 19.086265726981537 ], [ -98.655776481951989, 19.08667338192032 ], [ -98.656384613532282, 19.086801041835315 ], [ -98.65643986719499, 19.087659683745414 ], [ -98.6566765096415, 19.08814813752349 ], [ -98.657189247576468, 19.088438286992357 ], [ -98.657720644491803, 19.088900177520657 ], [ -98.658252324497141, 19.089226508349498 ], [ -98.659697116440498, 19.089310525894803 ], [ -98.660541453297185, 19.090152552315317 ], [ -98.660559853811719, 19.090450815501697 ], [ -98.66073928835084, 19.091029530864262 ], [ -98.660995294526856, 19.091355344463466 ], [ -98.661289512650399, 19.091590855711331 ], [ -98.6616124544542, 19.091727009699127 ], [ -98.662192292917553, 19.091755188846321 ], [ -98.662668187471184, 19.091475908856069 ], [ -98.663039970205205, 19.090970505412372 ], [ -98.663201008554552, 19.091250955505757 ], [ -98.663874789259012, 19.091830573782829 ], [ -98.663902720731244, 19.092119816851664 ], [ -98.664063118870558, 19.092716568698677 ], [ -98.664689082423138, 19.093440692506874 ], [ -98.664905846286331, 19.094371924638324 ], [ -98.665522312998235, 19.095096028282171 ], [ -98.665616063156449, 19.09574688075827 ], [ -98.665947664835699, 19.096307793568542 ], [ -98.668879230448283, 19.09931346934917 ], [ -98.668868111717188, 19.100117764037748 ], [ -98.668354138298525, 19.100415065287336 ], [ -98.668153911381239, 19.10070389523986 ], [ -98.668067803965869, 19.100974856850826 ], [ -98.668053358340501, 19.103432960403381 ], [ -98.66748125715668, 19.104263350982251 ], [ -98.66742365011703, 19.104543401024614 ], [ -98.667537190816688, 19.104814723873233 ], [ -98.668002499162128, 19.105086683247578 ], [ -98.66938104675495, 19.105089171564657 ], [ -98.669761715187349, 19.104900074830482 ], [ -98.670475910130165, 19.104322975037803 ], [ -98.672710223756383, 19.104263712104569 ], [ -98.673090904521359, 19.104065571202852 ], [ -98.673805102400138, 19.103479421067846 ], [ -98.67543085869346, 19.103464228741529 ], [ -98.675535241942328, 19.103563822997558 ], [ -98.675552196974991, 19.104612173310443 ], [ -98.675731698295579, 19.105190874144512 ], [ -98.676357723791739, 19.105933033164433 ], [ -98.676428434400123, 19.108662404881386 ], [ -98.676665447859762, 19.109006237807421 ], [ -98.677197141045326, 19.10937770079488 ], [ -98.677206224508723, 19.109594610540171 ], [ -98.677395173612069, 19.11020947515965 ], [ -98.677926554932526, 19.110743605823814 ], [ -98.678278017536968, 19.110906892751245 ], [ -98.678591661658231, 19.110961665892262 ], [ -98.68212847816767, 19.110967827746606 ], [ -98.682887851431246, 19.111610786067843 ], [ -98.683258388132572, 19.111746984813124 ], [ -98.683866737280766, 19.111820332091213 ], [ -98.683911610222481, 19.113212144587749 ], [ -98.684252677319193, 19.113845338811416 ], [ -98.686207628861894, 19.115764588512775 ], [ -98.686882309018188, 19.115964560819748 ], [ -98.688802880423623, 19.115976866830351 ], [ -98.689040032050968, 19.116266460782754 ], [ -98.689704513077686, 19.116836932399906 ], [ -98.68972148945852, 19.117921429947842 ], [ -98.689635067629183, 19.11837314568055 ], [ -98.689425704438918, 19.118472200861845 ], [ -98.686430665218552, 19.118476141515885 ], [ -98.685937177822552, 19.117987286285484 ], [ -98.685528868734934, 19.117706432273224 ], [ -98.68526255965196, 19.117751161645458 ], [ -98.684995991651135, 19.117931448741615 ], [ -98.684624127088739, 19.118482081100012 ], [ -98.682323259983434, 19.118441961271685 ], [ -98.681392994014175, 19.117654108235683 ], [ -98.677894085350488, 19.117638960052716 ], [ -98.677161602056117, 19.117827454229598 ], [ -98.676809329767025, 19.11807083915977 ], [ -98.675980486196863, 19.118909839423168 ], [ -98.675617991406227, 19.119514693146925 ], [ -98.675531370673013, 19.120047736480842 ], [ -98.675445637965481, 19.120128919863703 ], [ -98.674722898539926, 19.120190900195325 ], [ -98.673827619843053, 19.120957474714203 ], [ -98.672230145649451, 19.121008850398141 ], [ -98.671325307073801, 19.121793469891998 ], [ -98.669775419613927, 19.121817797803942 ], [ -98.668872940267988, 19.12141853301398 ], [ -98.668273472394446, 19.121643380480691 ], [ -98.667463530300608, 19.122509487317416 ], [ -98.667301125550694, 19.122888756133591 ], [ -98.667309978028754, 19.123214112157825 ], [ -98.667442456326569, 19.123530655134914 ], [ -98.66888439628093, 19.125187075302904 ], [ -98.668854257239559, 19.125991333460718 ], [ -98.666386571770431, 19.128463058732109 ], [ -98.666063244303473, 19.128480544700551 ], [ -98.665463857175382, 19.128651159388085 ], [ -98.664739921005776, 19.129282442381395 ], [ -98.66333246381862, 19.129370236123123 ], [ -98.662999275110451, 19.129559405628243 ], [ -98.662770551258632, 19.129812027127628 ], [ -98.662684327054194, 19.130128170970238 ], [ -98.662769258487401, 19.130444629576061 ], [ -98.662939879142925, 19.130707022384513 ], [ -98.663213251463731, 19.13187332485586 ], [ -98.6638772069021, 19.132687892018907 ], [ -98.663865451912216, 19.13379041003833 ], [ -98.66404466640364, 19.134504677982704 ], [ -98.665107700108081, 19.135473604012077 ], [ -98.665525910893791, 19.13556473951337 ], [ -98.665877925478753, 19.135475009272682 ], [ -98.666325486199696, 19.135159522038862 ], [ -98.666705916766716, 19.135124065168839 ], [ -98.667276781074008, 19.134962432264274 ], [ -98.668095912638989, 19.134286126156439 ], [ -98.669702842809272, 19.13432517698908 ], [ -98.671544077094211, 19.136081704123683 ], [ -98.672398558383861, 19.136751986794479 ], [ -98.673834333426782, 19.136799733143903 ], [ -98.674631844616499, 19.137433755329255 ], [ -98.674945376928008, 19.137569869779952 ], [ -98.675534780134512, 19.137652248965423 ], [ -98.67634159822444, 19.138394726840659 ], [ -98.677197260980734, 19.138477570719431 ], [ -98.677510090386477, 19.13897516811295 ], [ -98.678041933162717, 19.13931951722077 ], [ -98.6780405389934, 19.140033454543868 ], [ -98.677954761761612, 19.140132713168668 ], [ -98.676081389679155, 19.140156523416692 ], [ -98.675491425939697, 19.140354298423176 ], [ -98.674986367170504, 19.140895636064386 ], [ -98.674909651497046, 19.141220839532991 ], [ -98.675032755742848, 19.14148313691021 ], [ -98.67525111381093, 19.141664268134889 ], [ -98.675469685825533, 19.141736952976714 ], [ -98.677159106718932, 19.143393746079767 ], [ -98.678014777956719, 19.143485623634774 ], [ -98.678308582491752, 19.143992223324233 ], [ -98.67858395136841, 19.144200562330013 ], [ -98.677461604501786, 19.144316073967047 ], [ -98.677004884232986, 19.144450827617447 ], [ -98.676385508420822, 19.145091376509242 ], [ -98.67547213240465, 19.145324728536878 ], [ -98.674748177944196, 19.145947012111264 ], [ -98.674120314574282, 19.146063380249643 ], [ -98.673082194449307, 19.146856804995139 ], [ -98.672786571242568, 19.147271988641194 ], [ -98.672728795712089, 19.147633373531733 ], [ -98.672794681609446, 19.147976904851021 ], [ -98.672993864882358, 19.148239339266354 ], [ -98.67355456085005, 19.148430120292005 ], [ -98.680429991441315, 19.148487427459543 ], [ -98.680638714739246, 19.148740833172155 ], [ -98.681350808437628, 19.149329491469018 ], [ -98.68164465075489, 19.149827048617738 ], [ -98.681920033448591, 19.150035382687577 ], [ -98.68217662382051, 19.150126200082411 ], [ -98.681672080190481, 19.150396440177417 ], [ -98.681338170214929, 19.150947129083647 ], [ -98.680575752510947, 19.151786261113955 ], [ -98.680554051840602, 19.153168915146125 ], [ -98.680733795776575, 19.153657237376592 ], [ -98.683040294141335, 19.155965729436502 ], [ -98.68303871162351, 19.156788111861772 ], [ -98.682772165219149, 19.156923208344438 ], [ -98.682171645159826, 19.157636105837298 ], [ -98.681068440118963, 19.157643225167135 ], [ -98.680459451847241, 19.157813870378845 ], [ -98.679735460721645, 19.158436172285008 ], [ -98.679117063582453, 19.158552573370969 ], [ -98.678821927490787, 19.158714725534821 ], [ -98.678574130735569, 19.158985406640966 ], [ -98.678468864590968, 19.159319598048171 ], [ -98.678544294662061, 19.159654106641256 ], [ -98.679160513361921, 19.160658315755711 ], [ -98.67941690738229, 19.160857583034613 ], [ -98.679635506403088, 19.160930263137118 ], [ -98.681041386475897, 19.161791250685553 ], [ -98.687213686582652, 19.161801898554472 ], [ -98.687235606064974, 19.170287860225415 ], [ -98.687510703426483, 19.17066789203659 ], [ -98.687757646219097, 19.170849057254372 ], [ -98.687966751127988, 19.170921711373694 ], [ -98.688384208575258, 19.171464653928808 ], [ -98.688878116075045, 19.171817944555755 ], [ -98.688876629592528, 19.172604177399364 ], [ -98.688200211326318, 19.173199480592814 ], [ -98.68805658494415, 19.173705318283453 ], [ -98.688059688403087, 19.177085230653006 ], [ -98.68822972829156, 19.177700048886152 ], [ -98.688856112820417, 19.178424089696534 ], [ -98.688949996870463, 19.179074926430758 ], [ -98.689300811841576, 19.179662939299192 ], [ -98.689918293097946, 19.180070660010756 ], [ -98.691373438469782, 19.180136380741487 ], [ -98.69141133201515, 19.180217779300165 ], [ -98.692208863838232, 19.180987283268053 ], [ -98.692198811053402, 19.181276456169712 ], [ -98.692340115734851, 19.182008705547446 ], [ -98.69304277969843, 19.18265152578681 ], [ -98.693041261559131, 19.183464869474676 ], [ -98.69272734082233, 19.183482416789047 ], [ -98.692146787140302, 19.183662184266382 ], [ -98.691822913909334, 19.183914679936436 ], [ -98.691584560842443, 19.184212505120172 ], [ -98.691460280513922, 19.184546671133432 ], [ -98.691459636199738, 19.184890082807954 ], [ -98.691582662564542, 19.185224665855628 ], [ -98.692180588079623, 19.185930572893881 ], [ -98.692284017863983, 19.186572386490809 ], [ -98.692606341318651, 19.187151307777185 ], [ -98.693868972311236, 19.188472853247049 ], [ -98.693876953033168, 19.189295249567692 ], [ -98.693248010388572, 19.189908723574035 ], [ -98.693066420072682, 19.190369314757902 ], [ -98.693054764981923, 19.191517016168234 ], [ -98.693215578291984, 19.191996256156017 ], [ -98.693870743037792, 19.19262995617845 ], [ -98.69386921140574, 19.19345233622164 ], [ -98.692191882194209, 19.195139471083849 ], [ -98.68882447804998, 19.195142808671676 ], [ -98.688074148076282, 19.194536040125286 ], [ -98.687513314188038, 19.194327227783504 ], [ -98.686371712348318, 19.194388533618223 ], [ -98.685914653584803, 19.194631752652299 ], [ -98.685809551304146, 19.194875575567721 ], [ -98.685885132267742, 19.195146820360208 ], [ -98.686255028844585, 19.1957167967538 ], [ -98.687223129296569, 19.196857137962638 ], [ -98.687210572872289, 19.198456694395361 ], [ -98.686144956902695, 19.198563314274168 ], [ -98.685849652232378, 19.198779699016427 ], [ -98.685668394413256, 19.199050502336831 ], [ -98.685572663210962, 19.199366638367792 ], [ -98.685588645825533, 19.200957206020291 ], [ -98.685834991905494, 19.201472747573746 ], [ -98.686414597252735, 19.201826191862153 ], [ -98.687393003185321, 19.202568914544997 ], [ -98.688829335821424, 19.202625588014826 ], [ -98.689674543210458, 19.203386146191235 ], [ -98.690559069492906, 19.20347801726399 ], [ -98.690552839694533, 19.206785606649646 ], [ -98.690038554699413, 19.207091998522401 ], [ -98.689847781298454, 19.207362789570141 ], [ -98.68979019079211, 19.20763380650186 ], [ -98.689846774644366, 19.207895980038586 ], [ -98.690017533390176, 19.208149310081751 ], [ -98.690502107524708, 19.208466431750423 ], [ -98.691366208724162, 19.20931738562706 ], [ -98.691527441055939, 19.209579735335751 ], [ -98.692220822479158, 19.21015928232498 ], [ -98.692224154240762, 19.213457848779626 ], [ -98.69193844574562, 19.21362003603241 ], [ -98.69030835608919, 19.215361450358216 ], [ -98.688325506695548, 19.217481808237551 ], [ -98.68816300198398, 19.217888202484005 ], [ -98.688162401307466, 19.218204501527111 ], [ -98.688285479134436, 19.218521011617611 ], [ -98.689282334604513, 19.219625241341816 ], [ -98.689918973851888, 19.2200420316708 ], [ -98.690594250773984, 19.220151622354365 ], [ -98.69182882611392, 19.221337575119151 ], [ -98.69242749047504, 19.221718144168847 ], [ -98.692988693416055, 19.221782348281465 ], [ -98.693549137592697, 19.222253220897699 ], [ -98.694081312519643, 19.222579450166052 ], [ -98.695527335526322, 19.222636089228899 ], [ -98.696125511263631, 19.223287759831521 ], [ -98.69661042522489, 19.223451234581887 ], [ -98.701376951764644, 19.223459090589131 ], [ -98.701375471598567, 19.224272431387362 ], [ -98.700842139760823, 19.224569784307278 ], [ -98.700460553328867, 19.225129461827578 ], [ -98.695798584197064, 19.22514886715345 ], [ -98.695351135406327, 19.225301752724533 ], [ -98.693864150087279, 19.226790394441082 ], [ -98.693274150737466, 19.226852664448927 ], [ -98.692645569428748, 19.227195018936072 ], [ -98.691920842077479, 19.228070400197964 ], [ -98.691824969502704, 19.228458835345464 ], [ -98.691909987466829, 19.228784315730877 ], [ -98.692185021397222, 19.229254710646558 ], [ -98.693039673263229, 19.230132751531016 ], [ -98.693044521461673, 19.232627008986015 ], [ -98.691902742032255, 19.232643160208568 ], [ -98.691293505036867, 19.232804799585494 ], [ -98.690569205875477, 19.233436172836775 ], [ -98.690198034471052, 19.233489766234243 ], [ -98.68965536080492, 19.233669587297527 ], [ -98.689102486416459, 19.234210874588769 ], [ -98.688901548188369, 19.23480698290723 ], [ -98.688878748619629, 19.236795112357981 ], [ -98.688564709355319, 19.236821688315558 ], [ -98.687983963856254, 19.237001439291646 ], [ -98.687383515923671, 19.237533602603605 ], [ -98.686735662439276, 19.237975311291734 ], [ -98.686640065162237, 19.23821011248998 ], [ -98.68671568358036, 19.238472318890729 ], [ -98.687266082042015, 19.239241418161384 ], [ -98.688254105330714, 19.240047412132697 ], [ -98.689766814479299, 19.240140360430132 ], [ -98.690764472723345, 19.240892134619514 ], [ -98.692153546880377, 19.240957742458136 ], [ -98.692419696386423, 19.241102785145131 ], [ -98.694717909921224, 19.243483407545682 ], [ -98.694687799506426, 19.244323809746845 ], [ -98.693238696538856, 19.245812504999265 ], [ -98.692495689318037, 19.246245036378866 ], [ -98.692180631600706, 19.246804806710998 ], [ -98.689973051177503, 19.246810106918929 ], [ -98.688659743042649, 19.246907279493598 ], [ -98.688364354603607, 19.24712366616717 ], [ -98.68818311567486, 19.24735832165527 ], [ -98.688058418498372, 19.247882261351151 ], [ -98.688112451241011, 19.249490960376363 ], [ -98.688340187917106, 19.249825722728247 ], [ -98.688872474562061, 19.250133892959468 ], [ -98.689623056657581, 19.250740657893743 ], [ -98.68994631306731, 19.250885801292554 ], [ -98.690536126314953, 19.250968136586664 ], [ -98.692150825091517, 19.252543326087675 ], [ -98.693045130789017, 19.252635203996874 ], [ -98.693196942134193, 19.252870424339051 ], [ -98.693852513364391, 19.253413752485471 ], [ -98.694490034406556, 19.253432895397793 ], [ -98.695583975706541, 19.253633540566682 ], [ -98.695802938743554, 19.253579683105613 ], [ -98.695974524060262, 19.253417301038894 ], [ -98.696022471533354, 19.253218564375686 ], [ -98.695946664215626, 19.253046732836481 ], [ -98.695500197579236, 19.252630280850326 ], [ -98.700553084323531, 19.252611533200877 ], [ -98.699685615306464, 19.253450559276303 ], [ -98.698648215879246, 19.253548256831095 ], [ -98.698333813384522, 19.253755590899232 ], [ -98.698018793945039, 19.254297296713617 ], [ -98.696867365911544, 19.254304424164104 ], [ -98.696153446670678, 19.254429756100023 ], [ -98.69552411091172, 19.255124564656853 ], [ -98.694448601803003, 19.255240248917062 ], [ -98.694000547046244, 19.255673279353289 ], [ -98.693894066302278, 19.256640071752656 ], [ -98.693779165927765, 19.257019437607653 ], [ -98.692492070950323, 19.258318616362089 ], [ -98.691691891957817, 19.258760084036282 ], [ -98.691424506687895, 19.25925667287936 ], [ -98.691392826838296, 19.260919447049616 ], [ -98.690638967754239, 19.262020696912145 ], [ -98.690590243202394, 19.262626100289197 ], [ -98.690836711266115, 19.263132596089292 ], [ -98.691311998367098, 19.263413551374128 ], [ -98.691663030532141, 19.263983482737217 ], [ -98.691919615056747, 19.26417369553792 ], [ -98.69213837244655, 19.264237324675605 ], [ -98.692546541497109, 19.264789276583599 ], [ -98.693040733655607, 19.265142556118462 ], [ -98.692989888808427, 19.265663395884474 ], [ -98.69286418512695, 19.26695105226031 ], [ -98.692769053547579, 19.267925526097372 ], [ -98.692198670350422, 19.26759922856138 ], [ -98.69207543078835, 19.26734598167036 ], [ -98.691647968935172, 19.26692955270579 ], [ -98.691115299567286, 19.266793094713194 ], [ -98.689506855480374, 19.266871697133752 ], [ -98.689163832364613, 19.267097040271835 ], [ -98.688867841770161, 19.267611650172512 ], [ -98.688429117754367, 19.268116978635646 ], [ -98.688085453925851, 19.268676691201563 ], [ -98.688035099924832, 19.270131577647533 ], [ -98.687787372939056, 19.270284784287298 ], [ -98.687243661027196, 19.270943560481385 ], [ -98.687192884446745, 19.27261533578627 ], [ -98.686697403702567, 19.272930783317804 ], [ -98.686353758453492, 19.273472418036079 ], [ -98.683032329676166, 19.273484748456667 ], [ -98.683025943043276, 19.271867098103087 ], [ -98.683559686551746, 19.271452318896877 ], [ -98.683836544992403, 19.271000944505317 ], [ -98.683876303571537, 19.270124415388864 ], [ -98.684114552019537, 19.269953123464006 ], [ -98.684658255546992, 19.269303393667144 ], [ -98.684709073691295, 19.267622581733576 ], [ -98.685328829811453, 19.267009129536291 ], [ -98.685529561285136, 19.266548583785038 ], [ -98.685522483996863, 19.2645207906927 ], [ -98.683632078075561, 19.26649107957212 ], [ -98.68270671942264, 19.270113347038148 ], [ -98.680222574609161, 19.273669621371482 ], [ -98.679346563739728, 19.275846020883137 ], [ -98.680047236241251, 19.278657785133021 ], [ -98.679622811143417, 19.280581938299065 ], [ -98.679716225871005, 19.282940780417107 ], [ -98.680339752466239, 19.285797591692472 ], [ -98.681326876683272, 19.288167034360185 ], [ -98.680465253163732, 19.290741091642303 ], [ -98.68077003657362, 19.293073190288055 ], [ -98.681777540248675, 19.293797918331336 ], [ -98.682951046637186, 19.29383611244873 ], [ -98.683945675729092, 19.294334879474263 ], [ -98.693444906715968, 19.297306235353687 ], [ -98.696955734206824, 19.299616564604264 ], [ -98.699577286249223, 19.29952150024468 ], [ -98.701258110072445, 19.299072411493057 ], [ -98.705677404353708, 19.297543304190583 ], [ -98.705604674075403, 19.300932091218613 ], [ -98.70487972505083, 19.303895078461778 ], [ -98.705303368044952, 19.304916954029409 ], [ -98.706906583153113, 19.306365473905146 ], [ -98.706562196652783, 19.309437523378278 ], [ -98.713781791615702, 19.314112148449851 ], [ -98.720905529815411, 19.317186781829719 ], [ -98.722581580940584, 19.31793942225903 ], [ -98.72224923159456, 19.316330316488234 ], [ -98.724928986065891, 19.315177642619915 ], [ -98.728021926478903, 19.313401988863802 ], [ -98.730014500063874, 19.312709101796941 ], [ -98.735693914513718, 19.313142184931621 ], [ -98.738171270152236, 19.312269170725813 ], [ -98.741212440524464, 19.31480390636267 ], [ -98.743267306382734, 19.315032745805183 ], [ -98.744602879184697, 19.314420104628823 ], [ -98.748060084717565, 19.313745041330947 ], [ -98.748073591604282, 19.315057541808983 ], [ -98.745699430290529, 19.317521360904436 ], [ -98.745165746452983, 19.317900171184988 ], [ -98.744889242772274, 19.318179932983412 ], [ -98.744840358778447, 19.319002238727649 ], [ -98.745571758283688, 19.32003349075876 ], [ -98.745637197687813, 19.320801734056715 ], [ -98.745778950334341, 19.321470676137835 ], [ -98.746216153787145, 19.321923140865579 ], [ -98.746777481385038, 19.322140813446879 ], [ -98.747329934822289, 19.321942766370682 ], [ -98.747749446280579, 19.321527643301067 ], [ -98.748131449123775, 19.320741946996066 ], [ -98.748903558046891, 19.320083308132439 ], [ -98.750913928195018, 19.320100754307816 ], [ -98.752185303850524, 19.321750634203283 ], [ -98.752251378940173, 19.322121244582263 ], [ -98.752421911075828, 19.322663701751082 ], [ -98.753030068267094, 19.323396532542517 ], [ -98.753132596732087, 19.324842604490698 ], [ -98.753531558419866, 19.325421518951828 ], [ -98.754102127871192, 19.325837997387907 ], [ -98.75466368351573, 19.325920089992962 ], [ -98.755757302164398, 19.326707788802764 ], [ -98.756318902193698, 19.326762765170088 ], [ -98.756956015919116, 19.327251620573179 ], [ -98.75741256133972, 19.327532380012315 ], [ -98.758031218125495, 19.327632612688149 ], [ -98.758325563058804, 19.328157154907103 ], [ -98.758877261066459, 19.328474185535697 ], [ -98.759628470901134, 19.329071627944984 ], [ -98.759951943245767, 19.32921664881286 ], [ -98.760542074043542, 19.329298761189307 ], [ -98.76136911122677, 19.330131260395945 ], [ -98.761387714878651, 19.330429508371253 ], [ -98.761567752904455, 19.331008117638419 ], [ -98.761814804284256, 19.331333776440715 ], [ -98.764695209359616, 19.334274579730504 ], [ -98.764787999321811, 19.335946558592525 ], [ -98.765044376395906, 19.336416818211489 ], [ -98.765282260794891, 19.336507496507636 ], [ -98.765529926303543, 19.336417445662278 ], [ -98.766130281383596, 19.336029625525214 ], [ -98.767245492184202, 19.335118313553039 ], [ -98.768816389711787, 19.335111282781327 ], [ -98.769634246047872, 19.335753954348661 ], [ -98.769948232695754, 19.335889908478237 ], [ -98.770538392743958, 19.335971988766914 ], [ -98.772040680455348, 19.337374627405779 ], [ -98.772449815596303, 19.337555882042125 ], [ -98.773039995550675, 19.337628917237794 ], [ -98.773077271865134, 19.338207336607809 ], [ -98.773257523020618, 19.338668452566708 ], [ -98.774740691860131, 19.340161415816112 ], [ -98.774921187270365, 19.340450826004883 ], [ -98.775253941917413, 19.340794646991014 ], [ -98.776358136575709, 19.340958677832873 ], [ -98.77665256367203, 19.341483190522183 ], [ -98.777204329656911, 19.341809203124512 ], [ -98.777479731448864, 19.342324654041818 ], [ -98.778041035191166, 19.342641638738428 ], [ -98.778039962540447, 19.343427862686099 ], [ -98.77749685766031, 19.34372542115409 ], [ -98.777181884342667, 19.344294370266596 ], [ -98.776905637578295, 19.344393438744987 ], [ -98.776457551953513, 19.344826666856022 ], [ -98.77636088769043, 19.34588388488163 ], [ -98.775817684519609, 19.34624469755795 ], [ -98.775512284081856, 19.346768470053519 ], [ -98.775208130382396, 19.346388536808661 ], [ -98.77499873963518, 19.34633405497874 ], [ -98.774760622894291, 19.346397019146707 ], [ -98.774550906699176, 19.34657750015316 ], [ -98.774445810384691, 19.346839444542411 ], [ -98.774473960571868, 19.347137702726229 ], [ -98.774692285147012, 19.347616938378621 ], [ -98.770807581387885, 19.347639186356673 ], [ -98.770350319584338, 19.347810312705292 ], [ -98.769711487882944, 19.348451134979825 ], [ -98.769111557154815, 19.348513632385846 ], [ -98.768530270085932, 19.348856300539239 ], [ -98.767395632734917, 19.349975445952964 ], [ -98.766690429313144, 19.350408319918415 ], [ -98.766490103923957, 19.350670137101304 ], [ -98.766356298130347, 19.35102241027829 ], [ -98.764983058584164, 19.352511752346629 ], [ -98.764306598956125, 19.352809098213356 ], [ -98.76393490518808, 19.353052615781394 ], [ -98.763677180341631, 19.353495096227789 ], [ -98.763705430124617, 19.353712022355921 ], [ -98.763866995469868, 19.353920084888784 ], [ -98.764837649951289, 19.354300901331158 ], [ -98.765522399220572, 19.354862084645731 ], [ -98.766064821639588, 19.355079673889065 ], [ -98.770492371860485, 19.355103400713858 ], [ -98.771091563112577, 19.355583121522727 ], [ -98.771595769022213, 19.355900053810956 ], [ -98.773042994549826, 19.355956091864584 ], [ -98.773094097797411, 19.36027586855829 ], [ -98.773341140008995, 19.360655733598492 ], [ -98.773835881488594, 19.360945536692725 ], [ -98.77471072949794, 19.361796108158785 ], [ -98.774720240469151, 19.361943648492911 ], [ -98.741835288937125, 19.357306098875654 ], [ -98.741302378137902, 19.366580957419444 ], [ -98.741899335602341, 19.366758932668915 ], [ -98.742451773443406, 19.366669346956201 ], [ -98.742728220672916, 19.366479961231335 ], [ -98.742909529919018, 19.366236218149425 ], [ -98.742976514173563, 19.366028461184385 ], [ -98.74333885966206, 19.365712677602687 ], [ -98.743806346723375, 19.365144004665126 ], [ -98.744179077203796, 19.364276974713675 ], [ -98.744779243949267, 19.364106115758773 ], [ -98.745341801490326, 19.363627942737764 ], [ -98.746037707731318, 19.363122843410792 ], [ -98.746381264276579, 19.362635323537233 ], [ -98.748867840541038, 19.361789298534632 ], [ -98.748876121726823, 19.362593606729092 ], [ -98.748361467892607, 19.362891116402523 ], [ -98.748151548105625, 19.363170973555441 ], [ -98.74808457156513, 19.363378732556043 ], [ -98.747512654788977, 19.363757493662433 ], [ -98.747216710110081, 19.364245081926924 ], [ -98.746902084603448, 19.364497680616125 ], [ -98.744765555773427, 19.366762985431137 ], [ -98.744696262875948, 19.36844377651164 ], [ -98.744242862492399, 19.368754971282385 ], [ -98.763801963849687, 19.373132762736759 ], [ -98.761013161925121, 19.374800961938774 ], [ -98.758406128845593, 19.373306397887973 ], [ -98.751910755698304, 19.381367699798034 ], [ -98.751296741545616, 19.383083893660796 ], [ -98.747041650319318, 19.384361266771748 ], [ -98.742262813627178, 19.384957138767732 ], [ -98.742279397027005, 19.38532152440996 ], [ -98.742507443596367, 19.385647180884519 ], [ -98.742764290077162, 19.385828285636705 ], [ -98.74303081763378, 19.385909996552073 ], [ -98.743811696680496, 19.385938212131634 ], [ -98.74462016715529, 19.386590017443211 ], [ -98.745210339520668, 19.386771587758801 ], [ -98.747962627691493, 19.386775433103992 ], [ -98.748856593419248, 19.387580967843178 ], [ -98.750542204131136, 19.38761944224359 ], [ -98.750541053202824, 19.388369513228099 ], [ -98.749997639154287, 19.388739282679751 ], [ -98.74980676373491, 19.389001092967362 ], [ -98.749692035044291, 19.389290119210841 ], [ -98.749406325944619, 19.389289724642026 ], [ -98.748815581245196, 19.389469647730323 ], [ -98.74848184817381, 19.389731258665563 ], [ -98.748080916180413, 19.390336182239196 ], [ -98.748020202103987, 19.392640536592921 ], [ -98.747257073348351, 19.393425694681525 ], [ -98.746866495980839, 19.393488408961503 ], [ -98.746313829004293, 19.393668376866458 ], [ -98.745817753141523, 19.394200865851246 ], [ -98.745750576877072, 19.394526104065392 ], [ -98.745864440282219, 19.394797373998472 ], [ -98.746311642986711, 19.395069110526151 ], [ -98.74666314253011, 19.395638933610712 ], [ -98.746919995122653, 19.395829069508693 ], [ -98.747138934976988, 19.395901671047511 ], [ -98.747490411087995, 19.396489566512969 ], [ -98.748051825891707, 19.396815679866506 ], [ -98.748184812855698, 19.397041789856985 ], [ -98.748850605061534, 19.397621081959983 ], [ -98.749021578655004, 19.397919540025896 ], [ -98.749420993228, 19.398308683902144 ], [ -98.749706564916778, 19.398408485484424 ], [ -98.750544622173777, 19.398454825628789 ], [ -98.750533752254682, 19.39933140052625 ], [ -98.75011540922327, 19.398860899921203 ], [ -98.74994407110529, 19.398797404610832 ], [ -98.749715420988366, 19.398842274128185 ], [ -98.74951513438242, 19.399022737673249 ], [ -98.749419474311992, 19.399293715718045 ], [ -98.749466635613317, 19.399592002157704 ], [ -98.749713458377528, 19.400116489532991 ], [ -98.748122892236495, 19.400123323578498 ], [ -98.747752287593357, 19.399580587889432 ], [ -98.747476379750367, 19.399390426640366 ], [ -98.747209842133316, 19.399299685117455 ], [ -98.745543118667342, 19.399288316485183 ], [ -98.745372065091999, 19.399044077162898 ], [ -98.744725271163304, 19.39850094726188 ], [ -98.743925312317288, 19.398454634171628 ], [ -98.743373638462231, 19.397992966870788 ], [ -98.74282176755338, 19.397657815715206 ], [ -98.741412255826731, 19.397619663050364 ], [ -98.740851067837752, 19.397157974587117 ], [ -98.740318238670227, 19.396831880105196 ], [ -98.738918273450054, 19.396784684873637 ], [ -98.738347571374106, 19.396322975046473 ], [ -98.737824259417152, 19.396005924046278 ], [ -98.736414778200526, 19.395958695883905 ], [ -98.735834562134471, 19.395496964404344 ], [ -98.735320767004566, 19.395188957118933 ], [ -98.733768449118884, 19.395132463033747 ], [ -98.733016946178623, 19.394589138082154 ], [ -98.732502951178105, 19.394407640663985 ], [ -98.731645589633956, 19.394532892251391 ], [ -98.730692044792477, 19.395227328205465 ], [ -98.729948830328567, 19.395434074220304 ], [ -98.729538848464358, 19.395704573401019 ], [ -98.729462295752455, 19.395921347274736 ], [ -98.730269812893255, 19.397142545166673 ], [ -98.730488537189444, 19.397341684347396 ], [ -98.730793113561901, 19.397459617715185 ], [ -98.731450082198933, 19.397578072727924 ], [ -98.732429875296759, 19.398302481037604 ], [ -98.732763071900763, 19.398393342350914 ], [ -98.733810684264142, 19.398421994109754 ], [ -98.734619190160515, 19.399064806195952 ], [ -98.734942776982166, 19.399209871483947 ], [ -98.735533159854299, 19.399283029492835 ], [ -98.73555170849653, 19.399590314590284 ], [ -98.735731713929226, 19.400177982081289 ], [ -98.736387539581699, 19.401010340767812 ], [ -98.736385825004845, 19.402067667253561 ], [ -98.736584884866261, 19.402655361505424 ], [ -98.737117389108107, 19.403189317311558 ], [ -98.737450466945234, 19.403361502931091 ], [ -98.738088429958509, 19.403470869658861 ], [ -98.739334219895852, 19.404665548969547 ], [ -98.739914637201366, 19.405027862542795 ], [ -98.740581167663379, 19.405146298572504 ], [ -98.74181744960066, 19.406349984348083 ], [ -98.742426423694099, 19.406730404619736 ], [ -98.743883608748774, 19.406786691429431 ], [ -98.744064206944984, 19.407021908484353 ], [ -98.745386265503726, 19.408216654242324 ], [ -98.745776524969244, 19.408379868030011 ], [ -98.746357421348762, 19.408452977900538 ], [ -98.746651856964945, 19.40898657260442 ], [ -98.747213326650865, 19.409303651544235 ], [ -98.747227327554697, 19.41254795271243 ], [ -98.74575796203834, 19.414154481939761 ], [ -98.745566469504752, 19.414786802613435 ], [ -98.745560676685898, 19.416646810336943 ], [ -98.745547301418696, 19.420940965233456 ], [ -98.745299341476027, 19.421130393492319 ], [ -98.744097108352207, 19.422411951082495 ], [ -98.743905913061724, 19.4228454561229 ], [ -98.743873757983863, 19.425113693301796 ], [ -98.743625832588179, 19.425276008235585 ], [ -98.743072311029209, 19.425925886579421 ], [ -98.7430315330393, 19.427615743930858 ], [ -98.742793114562005, 19.427787108116149 ], [ -98.742258647308518, 19.428427973798932 ], [ -98.742200128465697, 19.429286403363903 ], [ -98.741961692319308, 19.429466803353932 ], [ -98.741417704695266, 19.430098615842326 ], [ -98.741376994569691, 19.431734250201487 ], [ -98.740613549468947, 19.432582633879633 ], [ -98.740535953474989, 19.433450072105927 ], [ -98.740231086327015, 19.433467708993987 ], [ -98.739649698516928, 19.433647613538028 ], [ -98.739315874940758, 19.433900168514469 ], [ -98.738943393072589, 19.434496072028537 ], [ -98.738874397540542, 19.435932850771621 ], [ -98.738349968209491, 19.436230313749604 ], [ -98.738053819850848, 19.436744992793876 ], [ -98.736794212149391, 19.438053526516512 ], [ -98.736450291055746, 19.438649466025424 ], [ -98.736373066196791, 19.439272904212942 ], [ -98.7356382279782, 19.440067085695262 ], [ -98.735531992375002, 19.440952552974352 ], [ -98.73496036524989, 19.440969791045404 ], [ -98.734502850584363, 19.441113712154561 ], [ -98.733014212727937, 19.442620695704591 ], [ -98.730803983452347, 19.44263549698411 ], [ -98.730336873814679, 19.442815541083007 ], [ -98.72886731156359, 19.444277333569858 ], [ -98.728648632998841, 19.44401493422265 ], [ -98.728068285591291, 19.443544141785424 ], [ -98.727220539625932, 19.443461534010794 ], [ -98.725848486935377, 19.44357694224982 ], [ -98.725323749844733, 19.444027994776889 ], [ -98.725065684394167, 19.444524635629932 ], [ -98.725132081400659, 19.444696438572691 ], [ -98.725645736232025, 19.445167139242244 ], [ -98.72638752142467, 19.445945439800255 ], [ -98.726386104469498, 19.446785874339128 ], [ -98.723899430074027, 19.446863431830423 ], [ -98.723413123826219, 19.447115724220737 ], [ -98.723298368715405, 19.447368583511434 ], [ -98.723364595537589, 19.447639793243241 ], [ -98.723858785114714, 19.448354466779961 ], [ -98.723961630441238, 19.449502316263477 ], [ -98.724170689353969, 19.449818928139052 ], [ -98.724694175772015, 19.450117944319061 ], [ -98.722474287848854, 19.450150702604901 ], [ -98.721988108970265, 19.450321658654616 ], [ -98.721472634100962, 19.450908267886348 ], [ -98.721366314317777, 19.451793725025595 ], [ -98.721118295295923, 19.451974082026766 ], [ -98.720612308244995, 19.452578777148858 ], [ -98.720534611349876, 19.453437166940091 ], [ -98.71867660759699, 19.45353369534206 ], [ -98.718352270048229, 19.453768151518318 ], [ -98.718161299092117, 19.454011851736368 ], [ -98.718074155372392, 19.454816003865801 ], [ -98.718263809396433, 19.45533140480444 ], [ -98.718863005326114, 19.455928774552945 ], [ -98.718900066288256, 19.456534307134518 ], [ -98.719051771142176, 19.45695927886311 ], [ -98.720516460059287, 19.458443604641275 ], [ -98.720697002765007, 19.458724028472659 ], [ -98.721362929301847, 19.459312456003545 ], [ -98.72168606432291, 19.459782874051314 ], [ -98.722190444935734, 19.460127052701694 ], [ -98.722293470711463, 19.461166458735477 ], [ -98.722502541028121, 19.461483072278668 ], [ -98.723016533592499, 19.461782078692067 ], [ -98.722501566964524, 19.462052397840466 ], [ -98.72216707070379, 19.462648322400128 ], [ -98.721947712584495, 19.462774502575769 ], [ -98.721346260241319, 19.463469421426225 ], [ -98.72108866433399, 19.46366783712898 ], [ -98.720601727605185, 19.464254486657921 ], [ -98.720532104182837, 19.465953322601479 ], [ -98.717473546767962, 19.46597568347994 ], [ -98.716987362940984, 19.466119514585728 ], [ -98.716366868467844, 19.466787275825141 ], [ -98.711374121042411, 19.4667884177465 ], [ -98.711203081627843, 19.466526073969419 ], [ -98.710565634424142, 19.466000913741937 ], [ -98.709755813624383, 19.465963468967345 ], [ -98.708909178234649, 19.46520300723148 ], [ -98.708328131693747, 19.465111702412457 ], [ -98.706994079673962, 19.465181842820982 ], [ -98.706660190708419, 19.465407225073591 ], [ -98.70634035960461, 19.463129400886146 ], [ -98.706188976936858, 19.462541754894403 ], [ -98.70552350278524, 19.461727349866692 ], [ -98.705517451601281, 19.459811511006194 ], [ -98.705356579979821, 19.459205774882889 ], [ -98.704700651012956, 19.458391382276204 ], [ -98.704670909815263, 19.453791534776485 ], [ -98.70448111959297, 19.453375526073103 ], [ -98.703882183921507, 19.452669666546001 ], [ -98.70378148936328, 19.450419304559659 ], [ -98.703487451429908, 19.449704905214446 ], [ -98.703078182343461, 19.449487348091225 ], [ -98.701954217258901, 19.449358984572996 ], [ -98.700324751820062, 19.449537034185198 ], [ -98.699990752472047, 19.449834700078554 ], [ -98.699770158507988, 19.450629584850049 ], [ -98.699709418998282, 19.452563388133626 ], [ -98.698916627719257, 19.453655540516706 ], [ -98.698875903655448, 19.455065234116091 ], [ -98.697443911299445, 19.456608161824875 ], [ -98.697271657871909, 19.457014535668236 ], [ -98.697194341980264, 19.457601806686228 ], [ -98.695514321310668, 19.459288894174222 ], [ -98.693894619198943, 19.459286162809747 ], [ -98.693562106417914, 19.45877953253887 ], [ -98.693038753235157, 19.458426205913497 ], [ -98.693048827597579, 19.458137041406417 ], [ -98.69291682585748, 19.457404826640584 ], [ -98.692203493264799, 19.456752956771766 ], [ -98.692175955842231, 19.456201657485735 ], [ -98.692005335487522, 19.455740484108162 ], [ -98.691396609190235, 19.455197232091109 ], [ -98.690539313814213, 19.455105399736055 ], [ -98.690396885073255, 19.454852122339332 ], [ -98.689693101040746, 19.454200258993637 ], [ -98.689697728622093, 19.451778370340094 ], [ -98.689945764073855, 19.451607093508414 ], [ -98.690480510517148, 19.450966386226014 ], [ -98.690548801993884, 19.450126068409077 ], [ -98.691742093526557, 19.448862932901591 ], [ -98.692143428611303, 19.448231030206614 ], [ -98.692212977373231, 19.44672198041377 ], [ -98.692585416799034, 19.44625269226816 ], [ -98.692910339313357, 19.445720064210605 ], [ -98.692920532422647, 19.445367640976201 ], [ -98.692550045782525, 19.444806722460669 ], [ -98.691969715462392, 19.444381000534293 ], [ -98.691417299035095, 19.444307764853136 ], [ -98.69082754989563, 19.443827801644261 ], [ -98.690313707990583, 19.443510631174433 ], [ -98.688608508847722, 19.443462523478843 ], [ -98.687969870698794, 19.4436421633294 ], [ -98.68714931806727, 19.444291407442449 ], [ -98.684405570928277, 19.44430472230772 ], [ -98.68380504984259, 19.444475376895241 ], [ -98.68321338483247, 19.444989448357262 ], [ -98.682507570549376, 19.445412948507283 ], [ -98.682220757937102, 19.445927550631723 ], [ -98.680750548335652, 19.447488354258496 ], [ -98.680558765434284, 19.448120601053176 ], [ -98.680538771495435, 19.453443314122751 ], [ -98.679937358206416, 19.454047725999942 ], [ -98.679726830147047, 19.454517273682995 ], [ -98.679720824686569, 19.457562704702184 ], [ -98.6792528684324, 19.458122165277985 ], [ -98.678937404317821, 19.458654784277371 ], [ -98.678888640540151, 19.459224023494187 ], [ -98.678411095286265, 19.459810575462086 ], [ -98.678095643039967, 19.46033415594934 ], [ -98.678045209436277, 19.461743824737425 ], [ -98.677586745246458, 19.462312334379476 ], [ -98.677280849225497, 19.4628178564314 ], [ -98.677232078257816, 19.463387094871791 ], [ -98.676477683049995, 19.464235217898704 ], [ -98.676380746622044, 19.465066440262206 ], [ -98.675645431356941, 19.465896519845387 ], [ -98.67553883511016, 19.466790982597047 ], [ -98.674957568063292, 19.466817050565851 ], [ -98.674480874198025, 19.466960784513788 ], [ -98.673888862150648, 19.467592302358184 ], [ -98.673583544304961, 19.46779960088196 ], [ -98.67304873118826, 19.46841314518673 ], [ -98.672495459251365, 19.468728436654146 ], [ -98.672179897656463, 19.469288153400214 ], [ -98.671341414272945, 19.469286632981721 ], [ -98.671353944110535, 19.463096376278259 ], [ -98.671231472382601, 19.462409348974745 ], [ -98.670537243273884, 19.461766466672657 ], [ -98.670529365450705, 19.460953130595954 ], [ -98.670805962798056, 19.460809043112704 ], [ -98.671417199879329, 19.460087200522196 ], [ -98.671655757366977, 19.459906895036795 ], [ -98.672219166784146, 19.459275331988181 ], [ -98.672514578210667, 19.45924875573337 ], [ -98.673096127813722, 19.459069068272754 ], [ -98.673630728136573, 19.45854589164361 ], [ -98.673841605558948, 19.457913687654752 ], [ -98.673749016384932, 19.456576057592713 ], [ -98.673530483683294, 19.456277445594651 ], [ -98.673302169879094, 19.456105332497884 ], [ -98.672797451482325, 19.455986941442177 ], [ -98.669748705916618, 19.455963333944396 ], [ -98.669149434112626, 19.455492320758594 ], [ -98.668654635262556, 19.455184161197792 ] ] ] ] } },
{ "type": "Feature", "properties": { "NUM_ANP": 13, "ID_ANP": "ANP00603013", "ID_DOF": "6.3.08.013", "NOMBRE": "Lagunas de Zempoala", "CAT_MANEJO": "PN", "ESTADOS": "Morelos y Estado de México", "REGION": "Centro y Eje Neovolcánico", "SUPERFICIE": 4790.0, "S_TERRES": 4790.0, "S_MARINA": 0.0, "PRIM_DEC": "1936-11-27", "ULT_DOF": "1947-05-19", "PM": "2011-03-08", "CERT_SINAP": "SINAP 032" }, "geometry": { "type": "MultiPolygon", "coordinates": [ [ [ [ -99.318793308143086, 19.029070657484112 ], [ -99.329307109730394, 19.025248767339292 ], [ -99.330016657406418, 19.025838096257928 ], [ -99.330017662568821, 19.025838933311945 ], [ -99.348586983432824, 19.041299879054122 ], [ -99.319493661023671, 19.101503775785261 ], [ -99.318342345758424, 19.101420743332881 ], [ -99.318342012897915, 19.101420719325972 ], [ -99.272173652020058, 19.098090811475174 ], [ -99.27217345458314, 19.098083443578332 ], [ -99.272067672508285, 19.094135791468773 ], [ -99.271160436730838, 19.061364534930419 ], [ -99.27121501847256, 19.061319539653084 ], [ -99.303671126176198, 19.0345555445071 ], [ -99.318783835205124, 19.029074093964709 ], [ -99.318793308143086, 19.029070657484112 ] ] ] ] } },
{ "type": "Feature", "properties": { "NUM_ANP": 7, "ID_ANP": "ANP00603007", "ID_DOF": "6.3.04.007", "NOMBRE": "Los Mármoles", "CAT_MANEJO": "PN", "ESTADOS": "Hidalgo", "REGION": "Centro y Eje Neovolcánico", "SUPERFICIE": 23150.0, "S_TERRES": 23150.0, "S_MARINA": 0.0, "PRIM_DEC": "1936-09-08", "ULT_DOF": "1936-09-08", "PM": null, "CERT_SINAP": null }, "geometry": { "type": "MultiPolygon", "coordinates": [ [ [ [ -99.211585259923709, 20.978430281394083 ], [ -99.201286539996602, 20.96051605012093 ], [ -99.200545919708247, 20.960571136684848 ], [ -99.200315090497043, 20.960598514959997 ], [ -99.200093820503298, 20.960580703460494 ], [ -99.199901312675422, 20.960490572762239 ], [ -99.199756781991994, 20.960310029150889 ], [ -99.199217163966068, 20.959605879739001 ], [ -99.198851187693492, 20.959271987830562 ], [ -99.198649015259946, 20.95914572435322 ], [ -99.197869614481647, 20.958965917491582 ], [ -99.197474879818117, 20.958704341158523 ], [ -99.1967607497823, 20.956943214229966 ], [ -99.19646116387662, 20.955877352323512 ], [ -99.196055655323391, 20.954721254954165 ], [ -99.194870831514038, 20.953421478056157 ], [ -99.194687873069086, 20.953268080789883 ], [ -99.194351292397755, 20.953331714261196 ], [ -99.194024470151078, 20.953503763879098 ], [ -99.193697484347297, 20.953549313830479 ], [ -99.193197136936135, 20.953423382085475 ], [ -99.192706351431184, 20.953252259762735 ], [ -99.192292437529545, 20.953017799747784 ], [ -99.191580293166794, 20.952747531305135 ], [ -99.191512880437074, 20.952684357383589 ], [ -99.191416473212826, 20.95251278804227 ], [ -99.191349072144646, 20.952458649701327 ], [ -99.190386910377697, 20.952242870493706 ], [ -99.190135929682413, 20.951538368787453 ], [ -99.189933546883481, 20.951231381719538 ], [ -99.189539016924982, 20.951105321279556 ], [ -99.188643835395965, 20.950600316440898 ], [ -99.188114284320989, 20.950185260670708 ], [ -99.187671203118612, 20.949688787118475 ], [ -99.187574340588355, 20.949146753697164 ], [ -99.1873046132431, 20.948821766072058 ], [ -99.187159917936413, 20.948487605205457 ], [ -99.187072912430835, 20.948135309612042 ], [ -99.186784388048409, 20.948162732761659 ], [ -99.186514944040709, 20.948063635215647 ], [ -99.186013939710961, 20.94738650710616 ], [ -99.185282440371282, 20.946989733678549 ], [ -99.184040346858865, 20.945924869006205 ], [ -99.183510615668411, 20.945338120963356 ], [ -99.18331803817415, 20.945166650220131 ], [ -99.183202540261789, 20.94510352457246 ], [ -99.183058231172765, 20.945076572449295 ], [ -99.182308061036679, 20.945131589708808 ], [ -99.182173370483838, 20.945104626558361 ], [ -99.182048265611968, 20.945050546055597 ], [ -99.181961558003763, 20.944933174804589 ], [ -99.181893869007069, 20.944635069770982 ], [ -99.18180717267046, 20.944526734094723 ], [ -99.181585841129504, 20.944436613060134 ], [ -99.18132616697784, 20.944454960571932 ], [ -99.181181902323374, 20.944464149501016 ], [ -99.180835641033354, 20.944464516843993 ], [ -99.180546764925452, 20.94419375255012 ], [ -99.180373147522573, 20.943787330828457 ], [ -99.179882191911474, 20.943435457801002 ], [ -99.178303859161929, 20.942651010612053 ], [ -99.177255373635603, 20.942570781919699 ], [ -99.176322318701409, 20.942499463215029 ], [ -99.175591479481568, 20.942626716341465 ], [ -99.174860544573164, 20.942672645341077 ], [ -99.174629653989598, 20.942627703406799 ], [ -99.173975330772578, 20.942384408486589 ], [ -99.173744472161331, 20.942366572351887 ], [ -99.173504057827415, 20.942402959693027 ], [ -99.173273313602238, 20.942484515269712 ], [ -99.173081114830325, 20.942629281190932 ], [ -99.172494328747916, 20.942566625635891 ], [ -99.170983739829978, 20.942107326354972 ], [ -99.170935669223184, 20.942125445876286 ], [ -99.170704811336861, 20.942107605623278 ], [ -99.170464376191831, 20.942125917345379 ], [ -99.169493260846707, 20.94241602648475 ], [ -99.1692432271131, 20.942452417383606 ], [ -99.169012297920688, 20.942371325152521 ], [ -99.168790946700312, 20.942254080410805 ], [ -99.168483102545281, 20.942200170566366 ], [ -99.168175309059905, 20.942191438518421 ], [ -99.167973376609211, 20.942236815823321 ], [ -99.167857988020842, 20.942264036414997 ], [ -99.16757925023785, 20.942435988322643 ], [ -99.167031481227014, 20.942861202395136 ], [ -99.166743103094348, 20.943015091012683 ], [ -99.166569983978036, 20.943024295780333 ], [ -99.166011904314757, 20.942826054692091 ], [ -99.165848373784229, 20.942808142355034 ], [ -99.165704159373263, 20.942862496551015 ], [ -99.165550455716414, 20.943034323682753 ], [ -99.16513749369318, 20.943603971726702 ], [ -99.164954894042296, 20.943739683558306 ], [ -99.1645895357276, 20.943866535906295 ], [ -99.164368313921329, 20.943866749159895 ], [ -99.163925742425135, 20.943749711083058 ], [ -99.149589538731789, 20.911605993386445 ], [ -99.165687561209609, 20.884744802910632 ], [ -99.14955902115355, 20.852424780711146 ], [ -99.205902099826687, 20.794784705706434 ], [ -99.310676575035075, 20.777420203955614 ], [ -99.291310289060561, 20.818896338416607 ], [ -99.289802162729529, 20.819260324238485 ], [ -99.289485263593804, 20.819387360123812 ], [ -99.288795333961616, 20.820445706674093 ], [ -99.288257529550037, 20.820645398288093 ], [ -99.287641931367205, 20.820366323874907 ], [ -99.287305738739633, 20.820457245113118 ], [ -99.287277986571155, 20.821026544033259 ], [ -99.287086359741693, 20.821334080602469 ], [ -99.286250437481783, 20.82143487163313 ], [ -99.285423835228528, 20.821382035280578 ], [ -99.285193235107045, 20.821409526300158 ], [ -99.284742035547026, 20.821672313126214 ], [ -99.284271342221814, 20.821790559045439 ], [ -99.283839767095856, 20.822270169046931 ], [ -99.283716319013251, 20.823065519631427 ], [ -99.284036990831794, 20.824944424854323 ], [ -99.283922644572328, 20.8254686877832 ], [ -99.283855894269607, 20.825748906568947 ], [ -99.283885217464672, 20.826010894735759 ], [ -99.283856791471919, 20.826227799788285 ], [ -99.284147283775098, 20.827383894239176 ], [ -99.28509173117061, 20.828755759365038 ], [ -99.285669290133455, 20.829233692164337 ], [ -99.285719168512514, 20.830200433642517 ], [ -99.285268573519886, 20.830797543335734 ], [ -99.285115646936049, 20.831249584978821 ], [ -99.285455168423937, 20.8329115962743 ], [ -99.285234536353471, 20.833137857181725 ], [ -99.28484120747396, 20.833527048288317 ], [ -99.284640356500404, 20.834051454982387 ], [ -99.284997095667165, 20.834647220849376 ], [ -99.286372298255856, 20.835060572022428 ], [ -99.286642664025806, 20.835719728799063 ], [ -99.286721231615843, 20.836605099548592 ], [ -99.286539400983088, 20.837021047595215 ], [ -99.286589219721805, 20.83795164502385 ], [ -99.287060920505724, 20.838339391927263 ], [ -99.287331346743315, 20.839025654376599 ], [ -99.28715037182883, 20.839893388173095 ], [ -99.287352970780489, 20.840290620689132 ], [ -99.288305333980873, 20.840713699969172 ], [ -99.288268022756768, 20.841310120986805 ], [ -99.287346789134688, 20.84209777727898 ], [ -99.287347972575503, 20.842721240651997 ], [ -99.287752682232565, 20.843253669292892 ], [ -99.28879393393504, 20.84491449076296 ], [ -99.288679521080383, 20.845402612843657 ], [ -99.287183291634733, 20.847112880283532 ], [ -99.287443744923507, 20.847600372483555 ], [ -99.287762130564374, 20.848223302765291 ], [ -99.287590347921764, 20.848874163390235 ], [ -99.286667319282571, 20.848740175087471 ], [ -99.286408302936536, 20.849011680165631 ], [ -99.286582144195222, 20.849445104054439 ], [ -99.28704486879991, 20.850149115419697 ], [ -99.286958975073219, 20.850474545355667 ], [ -99.28667091392856, 20.850637670811238 ], [ -99.286238479186522, 20.850701644231378 ], [ -99.285979236746584, 20.850855684635462 ], [ -99.285778196868762, 20.851289734896454 ], [ -99.285779579211976, 20.852021625993359 ], [ -99.286329435818061, 20.853050779495334 ], [ -99.286186120397019, 20.853511840761655 ], [ -99.285667915364911, 20.85397352776846 ], [ -99.285649594506992, 20.854452451410566 ], [ -99.285900716455671, 20.855084532511285 ], [ -99.286623099694737, 20.855842324915727 ], [ -99.287720024477665, 20.856409735093393 ], [ -99.289305443497028, 20.856054670530398 ], [ -99.289651603112588, 20.856108299529978 ], [ -99.289480183244962, 20.856948910828748 ], [ -99.28959740417389, 20.857924569553404 ], [ -99.2897721479506, 20.858818809313163 ], [ -99.290291293148357, 20.858845036904995 ], [ -99.291155874544359, 20.858545390183508 ], [ -99.291617481437868, 20.85864399729229 ], [ -99.291905133758405, 20.858264007216803 ], [ -99.292308330020319, 20.857983212225463 ], [ -99.292779496220646, 20.858054692764483 ], [ -99.29442727516107, 20.860102972511697 ], [ -99.295082822071436, 20.861059628575958 ], [ -99.295459793499447, 20.862116155770195 ], [ -99.295376188271007, 20.86360719113776 ], [ -99.295463553963032, 20.864040754059829 ], [ -99.2968484348267, 20.864336535887503 ], [ -99.297022643553532, 20.864932589890429 ], [ -99.29742709193755, 20.865284279802324 ], [ -99.297657489538892, 20.865121236658183 ], [ -99.297886765167107, 20.864388946056295 ], [ -99.298347609645134, 20.864089965241476 ], [ -99.298895881498026, 20.864251651244331 ], [ -99.299012418893597, 20.864847803853252 ], [ -99.298552804538815, 20.865770247513012 ], [ -99.298467355324703, 20.866312538448369 ], [ -99.29895784829921, 20.8664201106983 ], [ -99.299880941272761, 20.866526924047776 ], [ -99.300892012012355, 20.867365469098047 ], [ -99.300575417505001, 20.867691310486578 ], [ -99.299710749631345, 20.867963897880657 ], [ -99.299309508882118, 20.869238633131374 ], [ -99.299281723860702, 20.86977178767944 ], [ -99.298927560119864, 20.870549476393364 ], [ -99.298342219928713, 20.871101675256739 ], [ -99.297411050891299, 20.871790008984874 ], [ -99.297758958114059, 20.872711044497976 ], [ -99.298683642340734, 20.873603966149062 ], [ -99.298743093198766, 20.874498395625892 ], [ -99.298629066409717, 20.875176271363443 ], [ -99.298496078534129, 20.875989715383866 ], [ -99.297566321667546, 20.877409938068411 ], [ -99.297077215042464, 20.878025214865545 ], [ -99.297300258356415, 20.879000681437446 ], [ -99.297051623761035, 20.879678789776335 ], [ -99.296475944568158, 20.880276143745789 ], [ -99.296101681588539, 20.880629183744816 ], [ -99.296304005487173, 20.880845689792238 ], [ -99.297543867622778, 20.880653788087727 ], [ -99.298034139288063, 20.880625827471533 ], [ -99.298198722401821, 20.881203824312138 ], [ -99.297603902485889, 20.881846393766295 ], [ -99.296902946886917, 20.88229939611341 ], [ -99.295874497326395, 20.882445749268982 ], [ -99.295529335844321, 20.882934272883404 ], [ -99.295992259498632, 20.883665362556826 ], [ -99.296253177717858, 20.884342586836681 ], [ -99.296033072372438, 20.884867037429672 ], [ -99.29541825761271, 20.885130135309339 ], [ -99.29388928741605, 20.8849972344766 ], [ -99.293110302611808, 20.884890143207599 ], [ -99.292708647749578, 20.886002219950285 ], [ -99.293316400791582, 20.887049317461731 ], [ -99.29304803273476, 20.887483490181239 ], [ -99.292029682730004, 20.887900873593139 ], [ -99.291147361463345, 20.889058945082525 ], [ -99.290811453908816, 20.889375765461864 ], [ -99.290052875557706, 20.889892087638145 ], [ -99.289890360437255, 20.8903802898663 ], [ -99.290276569625689, 20.891219952599272 ], [ -99.290210116311471, 20.891662813559094 ], [ -99.289105680063756, 20.892333324758511 ], [ -99.28884794281862, 20.893309613395672 ], [ -99.288917876372068, 20.894682917763305 ], [ -99.288169552840941, 20.895551605533001 ], [ -99.287738833365211, 20.896582397809993 ], [ -99.287750584461662, 20.897702801354683 ], [ -99.28817555582151, 20.898696009181947 ], [ -99.288243743495968, 20.899156713365016 ], [ -99.28762959737594, 20.899808316178508 ], [ -99.286601396532831, 20.900153398858095 ], [ -99.28549645499703, 20.900597995958719 ], [ -99.284833650627263, 20.900951492971728 ], [ -99.28477733857801, 20.901683476027756 ], [ -99.285095983810947, 20.90238772690725 ], [ -99.284721690909919, 20.902767848954511 ], [ -99.283596389523098, 20.902625149354833 ], [ -99.283058117630276, 20.902734469769598 ], [ -99.282212617460289, 20.903097294853183 ], [ -99.281924721593896, 20.90340498278232 ], [ -99.280521134458752, 20.903569934594373 ], [ -99.279896617239388, 20.903842028698421 ], [ -99.279034110709972, 20.905415645642904 ], [ -99.279064378687679, 20.906183627989947 ], [ -99.278930358014804, 20.90650913084238 ], [ -99.278661346985018, 20.906636069105616 ], [ -99.278604402503106, 20.907042766982784 ], [ -99.27829714323093, 20.907287230706515 ], [ -99.277047387365371, 20.907460939341945 ], [ -99.276759091395888, 20.907560798893826 ], [ -99.276029717498318, 20.908348081807731 ], [ -99.275339377434534, 20.909451547031438 ], [ -99.274513299618263, 20.909949837964405 ], [ -99.27410044746955, 20.910302891801962 ], [ -99.273832590183247, 20.911071352923898 ], [ -99.273920382854783, 20.911757922720483 ], [ -99.274066399347021, 20.912733540247302 ], [ -99.274673903566452, 20.91365420212901 ], [ -99.274909340607337, 20.916201879716652 ], [ -99.27519077509578, 20.917601953585404 ], [ -99.274539479188888, 20.91904870688586 ], [ -99.273503335921419, 20.920405717788242 ], [ -99.272552157584016, 20.920895163874036 ], [ -99.271370168969213, 20.921384971621308 ], [ -99.270477748614155, 20.922470666103493 ], [ -99.269756480662124, 20.92247180700349 ], [ -99.26943975260366, 20.922824697609997 ], [ -99.269325657096772, 20.923556765662397 ], [ -99.268836013174848, 20.924018355634018 ], [ -99.268318544568444, 20.925058269786632 ], [ -99.267812227388561, 20.926965587453481 ], [ -99.26747703677762, 20.927761250248864 ], [ -99.26751581050496, 20.927932866872197 ], [ -99.268074816848866, 20.928609663835346 ], [ -99.268383761239704, 20.929277816515764 ], [ -99.268962640265329, 20.930306969412186 ], [ -99.269772249525829, 20.931281541798683 ], [ -99.270464317983681, 20.931063591201053 ], [ -99.271378610750673, 20.931414530357188 ], [ -99.271956605181401, 20.931937677911264 ], [ -99.272217404323214, 20.932560721650304 ], [ -99.271920369236568, 20.933175618835605 ], [ -99.272074887010092, 20.933527762687277 ], [ -99.272681679539119, 20.934014719085326 ], [ -99.273365712475822, 20.93466419110797 ], [ -99.273538978398221, 20.934745234286027 ], [ -99.274068247032005, 20.934907026782355 ], [ -99.274664675988845, 20.934978353164865 ], [ -99.27533832786753, 20.935203158767081 ], [ -99.275618183877725, 20.935717738483731 ], [ -99.27559904756788, 20.93577198321492 ], [ -99.275965515251244, 20.936313529342499 ], [ -99.277354053151555, 20.938253940223888 ], [ -99.27810510076074, 20.938713535322734 ], [ -99.278894792102733, 20.939263420226212 ], [ -99.28005046061935, 20.940074734490508 ], [ -99.280685384740195, 20.940145976387726 ], [ -99.281127763309712, 20.94011814129135 ], [ -99.281752934815188, 20.940117110234496 ], [ -99.282128122331187, 20.940161668510882 ], [ -99.282417222229356, 20.940459366082166 ], [ -99.282562289665634, 20.940883800505276 ], [ -99.282421102593105, 20.942528518551626 ], [ -99.28193187818033, 20.943225070877645 ], [ -99.281595781137923, 20.943514765945054 ], [ -99.280269439366066, 20.944041016117239 ], [ -99.279779562107819, 20.944394209552797 ], [ -99.279607238131405, 20.944828202119822 ], [ -99.280186758907917, 20.946128381482424 ], [ -99.27992852346415, 20.946914904710979 ], [ -99.280034881127278, 20.947212905751883 ], [ -99.278977233642649, 20.947422457910307 ], [ -99.278428628675442, 20.94723360602984 ], [ -99.277918682416271, 20.947144081271404 ], [ -99.277188526740076, 20.947606086048779 ], [ -99.277132778446514, 20.9486723802965 ], [ -99.276758335159855, 20.949043448759369 ], [ -99.275921136260195, 20.948836985588912 ], [ -99.27525704086338, 20.948612167811916 ], [ -99.274399736339319, 20.947926841388551 ], [ -99.273821474260728, 20.947295276646742 ], [ -99.273349905855525, 20.947151462840679 ], [ -99.272861148457764, 20.948137128638393 ], [ -99.271535191126929, 20.948916308237301 ], [ -99.271132691160119, 20.949739190450146 ], [ -99.270952327737064, 20.951067713975988 ], [ -99.270597344331463, 20.951574272465166 ], [ -99.269838531077369, 20.952171825781704 ], [ -99.268945354778225, 20.952941264508297 ], [ -99.269178291938204, 20.9541064924436 ], [ -99.26955542072011, 20.955217278304588 ], [ -99.269719721019328, 20.955650728347223 ], [ -99.269499357256905, 20.956139000218684 ], [ -99.269009173029474, 20.956356629015431 ], [ -99.267825930768595, 20.956304277613469 ], [ -99.266441456780399, 20.956685942337117 ], [ -99.265979836092697, 20.956740876654294 ], [ -99.265517210627706, 20.956226567100259 ], [ -99.265083779677866, 20.955901958939592 ], [ -99.264420970560366, 20.956418018394004 ], [ -99.264018855839311, 20.957493880456866 ], [ -99.26420299992958, 20.958279694320822 ], [ -99.265493614509865, 20.959208358692877 ], [ -99.265755345398645, 20.960346438917952 ], [ -99.266073885857395, 20.960969399757857 ], [ -99.266016984482746, 20.961430304997691 ], [ -99.265382247681941, 20.961512614650644 ], [ -99.264747462455261, 20.961567815170042 ], [ -99.263162488850242, 20.962844290846817 ], [ -99.262759464589521, 20.963414156276883 ], [ -99.262961995907574, 20.963712019350794 ], [ -99.263569119713452, 20.964334539309391 ], [ -99.263608120614549, 20.964632654294746 ], [ -99.262992971481594, 20.964922744005207 ], [ -99.26186739685528, 20.964879298547658 ], [ -99.261116831082347, 20.964744915540734 ], [ -99.260800198518268, 20.965215252216638 ], [ -99.260896912163901, 20.965513279540517 ], [ -99.261773575237669, 20.966243820424666 ], [ -99.261995914594991, 20.966866936188126 ], [ -99.261267309528534, 20.968304716825742 ], [ -99.260710705896088, 20.969082631635331 ], [ -99.260643413641105, 20.969109841378383 ], [ -99.260086835082575, 20.969905825316346 ], [ -99.259655794291859, 20.970981720131192 ], [ -99.258733159198243, 20.971498152957111 ], [ -99.257867633857245, 20.971662105628809 ], [ -99.257232570874464, 20.97158174477039 ], [ -99.255152615218776, 20.970392170367177 ], [ -99.254402577856354, 20.970583039361884 ], [ -99.253307405673809, 20.971479196161681 ], [ -99.252703088902592, 20.972519188656463 ], [ -99.252820930966948, 20.973946640453448 ], [ -99.252677311222442, 20.974353455910659 ], [ -99.251551743749758, 20.974355121019926 ], [ -99.250078720409476, 20.973679618027575 ], [ -99.249241044574489, 20.973247135734198 ], [ -99.248521145190921, 20.974224033201153 ], [ -99.24776935264822, 20.973366744599957 ], [ -99.246989836430771, 20.973196199409017 ], [ -99.247047201088662, 20.97297926152288 ], [ -99.247306112859917, 20.972472891609584 ], [ -99.247506737190406, 20.971623252555901 ], [ -99.247504327785464, 20.97015948620276 ], [ -99.246866828750569, 20.968588213115311 ], [ -99.246568005384688, 20.968218185221133 ], [ -99.246047528429528, 20.96760451509823 ], [ -99.245545793701467, 20.966683605174808 ], [ -99.244823179980074, 20.965988901544335 ], [ -99.244226332769131, 20.965727724555165 ], [ -99.243831647212005, 20.965556612667115 ], [ -99.24210011958354, 20.965568116033921 ], [ -99.240445751177276, 20.96570599176448 ], [ -99.240378341143696, 20.965660908699363 ], [ -99.240311133263106, 20.965742324079258 ], [ -99.2401087158363, 20.965489611772 ], [ -99.239559804228577, 20.965119923308862 ], [ -99.238673233319787, 20.964136283405651 ], [ -99.236930279783508, 20.962991189567049 ], [ -99.235919408364509, 20.962468524732799 ], [ -99.233552186890904, 20.961938681467359 ], [ -99.232916337644667, 20.961316092545587 ], [ -99.23265472708141, 20.96009663905113 ], [ -99.232163471636397, 20.959663598108477 ], [ -99.231874725246826, 20.959555563361448 ], [ -99.231411956408294, 20.958878519260338 ], [ -99.231353893511937, 20.958652707116073 ], [ -99.230947569154864, 20.957144306302553 ], [ -99.230714299075942, 20.955572420685314 ], [ -99.230884946699803, 20.953945774257306 ], [ -99.2304783358382, 20.9522385875689 ], [ -99.23041854799294, 20.950883321562287 ], [ -99.230321489483913, 20.950314206926521 ], [ -99.230253564180316, 20.949925765813134 ], [ -99.229867961184425, 20.949366075716739 ], [ -99.228924673621975, 20.948933633066304 ], [ -99.227913349916321, 20.94803142225112 ], [ -99.227277637701263, 20.947444953065371 ], [ -99.227161629075908, 20.947056574568535 ], [ -99.226035246283288, 20.946380396721679 ], [ -99.225582433849468, 20.945884035116478 ], [ -99.224965855066955, 20.945216210839192 ], [ -99.224367131703104, 20.943617688195502 ], [ -99.224453628963317, 20.943572396150557 ], [ -99.223894801049255, 20.942922563047887 ], [ -99.223114732500449, 20.942254946139258 ], [ -99.222797010964598, 20.942038505472283 ], [ -99.222431132731117, 20.941776948685401 ], [ -99.221344119779644, 20.941669934253412 ], [ -99.220911461322146, 20.941778922847902 ], [ -99.219478893234282, 20.942151233542347 ], [ -99.218266423909768, 20.941755219679919 ], [ -99.217707955864796, 20.941331257012848 ], [ -99.217486490543081, 20.941159861839765 ], [ -99.217177719884774, 20.9404735447294 ], [ -99.217472840858761, 20.938367859162156 ], [ -99.217645076290523, 20.937753214349243 ], [ -99.217623425439569, 20.93608164363593 ], [ -99.217102592083904, 20.935061276425131 ], [ -99.216370501239908, 20.934267067128928 ], [ -99.215821451123304, 20.933680443658091 ], [ -99.214760559045658, 20.931612612765264 ], [ -99.214784285742951, 20.928016384112937 ], [ -99.214552685870729, 20.927465498979359 ], [ -99.213589819710762, 20.926662530840417 ], [ -99.213425546568203, 20.926111559807566 ], [ -99.213395121509734, 20.925000209135419 ], [ -99.212913627940964, 20.924549026129284 ], [ -99.212787815064132, 20.923988970669484 ], [ -99.212316796280959, 20.924143163582528 ], [ -99.211797373800152, 20.924071523179748 ], [ -99.211201142039101, 20.924090333042557 ], [ -99.21073968780496, 20.924208367054803 ], [ -99.210297530002151, 20.924371554475556 ], [ -99.21000913121361, 20.924453230567565 ], [ -99.209489495208516, 20.924227976789439 ], [ -99.209181611323288, 20.92412896171578 ], [ -99.208633539241532, 20.924201917716857 ], [ -99.208104376398808, 20.924039921126678 ], [ -99.208075949332965, 20.92434716903324 ], [ -99.208096206387211, 20.925088070409231 ], [ -99.208183097400195, 20.925331927935247 ], [ -99.208578050022368, 20.92580130142801 ], [ -99.209078769147538, 20.926252473118439 ], [ -99.209271414059913, 20.926469093463766 ], [ -99.209281420217678, 20.926749187315522 ], [ -99.209147180359082, 20.927038493596456 ], [ -99.208984075682906, 20.92731879941914 ], [ -99.20883072540596, 20.9276984856333 ], [ -99.208533064745268, 20.928042205304166 ], [ -99.20824494514045, 20.92833169873569 ], [ -99.208120169503161, 20.928512564480513 ], [ -99.208159000790658, 20.928774551845436 ], [ -99.208092066117331, 20.929054739500202 ], [ -99.207986524467515, 20.929235581692296 ], [ -99.207794251595374, 20.929290029900187 ], [ -99.207553879194563, 20.929335500696936 ], [ -99.207342383683738, 20.929399007445397 ], [ -99.207179148892749, 20.929588954877943 ], [ -99.207025655244991, 20.929869247127954 ], [ -99.207093585682514, 20.930311912979676 ], [ -99.207238829177982, 20.931025555266444 ], [ -99.207162410968294, 20.931405146462964 ], [ -99.206951259883112, 20.931721651268617 ], [ -99.206701513713256, 20.931947845780428 ], [ -99.206490187539998, 20.932137850749541 ], [ -99.206230599787432, 20.932201414299186 ], [ -99.206047853566417, 20.932192599306347 ], [ -99.205913133476315, 20.932138547808336 ], [ -99.205711238567119, 20.932193005289832 ], [ -99.20562535865281, 20.932690070973024 ], [ -99.205625839591448, 20.933042461762682 ], [ -99.205654939142505, 20.933223140222765 ], [ -99.205703286399796, 20.933412831154726 ], [ -99.205838155698814, 20.933575310727065 ], [ -99.206030805449188, 20.933791934504484 ], [ -99.20620426984874, 20.93404472393172 ], [ -99.206291237346704, 20.934342796103863 ], [ -99.206272731858519, 20.934875923235097 ], [ -99.206282943485974, 20.93530962322194 ], [ -99.206321662069058, 20.93549028988599 ], [ -99.20652388322975, 20.935670758774336 ], [ -99.207187983174322, 20.936013309459781 ], [ -99.207476704279543, 20.936148493809867 ], [ -99.207678778216689, 20.936220533419146 ], [ -99.207832650988564, 20.936211310444605 ], [ -99.207996041757724, 20.93612979035936 ], [ -99.20807284704216, 20.936030304353949 ], [ -99.208168850384254, 20.935903687883922 ], [ -99.208255185801022, 20.935740940467838 ], [ -99.208389722456445, 20.935659455210725 ], [ -99.208562780147986, 20.935614065469167 ], [ -99.208755110867799, 20.935595758997124 ], [ -99.20896676484756, 20.935640678354048 ], [ -99.20912076236965, 20.93572181078639 ], [ -99.209236351608581, 20.935848168524501 ], [ -99.209265506266263, 20.936064988892213 ], [ -99.209188827233277, 20.93625483198457 ], [ -99.209064021183963, 20.936417626986042 ], [ -99.208948719914019, 20.93649908922157 ], [ -99.20899747357015, 20.936977920068898 ], [ -99.209085025272657, 20.937691630757683 ], [ -99.209066353793901, 20.938098258751893 ], [ -99.208874483537954, 20.938450884782128 ], [ -99.208673031952685, 20.938830629310246 ], [ -99.208654096382134, 20.939047508504814 ], [ -99.208769963350505, 20.939372650850942 ], [ -99.208991554132581, 20.939643449654056 ], [ -99.209318793704824, 20.939805690593857 ], [ -99.209771106583958, 20.939994884198654 ], [ -99.210290671444909, 20.94012977973216 ], [ -99.210512038734123, 20.940237934793572 ], [ -99.210656562734698, 20.940418469769156 ], [ -99.210810996089322, 20.940806812684002 ], [ -99.210859820442693, 20.941330820942824 ], [ -99.21108235508018, 20.942270254905452 ], [ -99.211439370726964, 20.943083022582755 ], [ -99.211382257289358, 20.943507769490282 ], [ -99.211219025184448, 20.943706756205756 ], [ -99.211026887048376, 20.943869635868055 ], [ -99.210969569612871, 20.944149812272087 ], [ -99.211104530286207, 20.944366501225602 ], [ -99.211297188825881, 20.944574082958752 ], [ -99.211576641782472, 20.944944198753831 ], [ -99.21190418814524, 20.945314254339451 ], [ -99.21216452170961, 20.94576571380162 ], [ -99.212424895089725, 20.946244279758957 ], [ -99.212550241274471, 20.946460979457697 ], [ -99.212819788570016, 20.946623285284943 ], [ -99.213416416633947, 20.946821324466612 ], [ -99.214157349653362, 20.947037251776806 ], [ -99.21467701998057, 20.947226347446247 ], [ -99.214994650691835, 20.947379553626092 ], [ -99.215254725804357, 20.947641259714146 ], [ -99.215563049919922, 20.94801133230203 ], [ -99.215755861717412, 20.948318300848769 ], [ -99.216102442430497, 20.948534717890027 ], [ -99.216391182520738, 20.948660851046213 ], [ -99.216766633829195, 20.948886265746978 ], [ -99.217248139108506, 20.949283222001156 ], [ -99.217700921556116, 20.949770570047747 ], [ -99.218037811163413, 20.949932781525945 ], [ -99.218769147261241, 20.950148700830425 ], [ -99.21895212618108, 20.950302072148531 ], [ -99.219356678601628, 20.950690085414521 ], [ -99.219607398720086, 20.951123474060921 ], [ -99.220022353121863, 20.95204457562852 ], [ -99.220244379532858, 20.952586428036454 ], [ -99.220235315977447, 20.95296593698373 ], [ -99.220197342766483, 20.95330934064674 ], [ -99.220236096076292, 20.953499039219537 ], [ -99.220361446363597, 20.953706697213249 ], [ -99.220602343594919, 20.953995526521112 ], [ -99.220910402142408, 20.954166805086118 ], [ -99.221381983983008, 20.954337870909853 ], [ -99.221738218921246, 20.954563299296922 ], [ -99.221892282634485, 20.954671526679192 ], [ -99.22194043092145, 20.954707606614136 ], [ -99.222123698695498, 20.955050722561168 ], [ -99.222307220921607, 20.955565515211958 ], [ -99.222365776402057, 20.95613468447533 ], [ -99.222289451009772, 20.956559459242726 ], [ -99.222154983457358, 20.956695169116244 ], [ -99.222020528994335, 20.956839914510056 ], [ -99.2217995685603, 20.957029950545518 ], [ -99.221540144229834, 20.957229071910433 ], [ -99.221309563443128, 20.95741911980889 ], [ -99.221069323062693, 20.957582072988373 ], [ -99.220800052210507, 20.957627600058686 ], [ -99.22048257932255, 20.957600903885066 ], [ -99.220020580967173, 20.95741175205751 ], [ -99.219279786079312, 20.957331385409759 ], [ -99.219106654196082, 20.957340643584985 ], [ -99.218904875098474, 20.957494508669242 ], [ -99.218683673363216, 20.957521899402991 ], [ -99.218144802702795, 20.957387054900664 ], [ -99.217673332500794, 20.957297300894311 ], [ -99.217423129690758, 20.957225334910731 ], [ -99.216759446457615, 20.957253286712501 ], [ -99.215826270734226, 20.957173149458697 ], [ -99.21532573818024, 20.956938855379803 ], [ -99.214892463674119, 20.956650261195534 ], [ -99.214545994700075, 20.95652419835892 ], [ -99.21422847368251, 20.956461347983861 ], [ -99.213882249699452, 20.956506960786442 ], [ -99.213593817189007, 20.956606714401971 ], [ -99.213382362979303, 20.956724442527161 ], [ -99.213209436213333, 20.956878264817533 ], [ -99.21301743707221, 20.957149574172092 ], [ -99.212892924900075, 20.957529226834254 ], [ -99.212874274549392, 20.957944889865018 ], [ -99.212884520175351, 20.958387623741771 ], [ -99.212807847402075, 20.958586503652384 ], [ -99.212510084452731, 20.958894086941143 ], [ -99.212346811854275, 20.959075003247619 ], [ -99.212298944920747, 20.959237704466148 ], [ -99.212328045081449, 20.959409345494521 ], [ -99.212385977751296, 20.959562879315172 ], [ -99.21252075027769, 20.959634996559771 ], [ -99.212732477531802, 20.959707017708467 ], [ -99.212876716266464, 20.959670695123179 ], [ -99.213030587043932, 20.959643396027786 ], [ -99.213165155117849, 20.95957094270193 ], [ -99.213309342372497, 20.959498477237389 ], [ -99.213491993892092, 20.959416927854136 ], [ -99.213742057333434, 20.959389507658955 ], [ -99.21388637258201, 20.959407397993516 ], [ -99.214059635769502, 20.959488501379553 ], [ -99.214358001732649, 20.959605589945568 ], [ -99.214502355903051, 20.95965058663927 ], [ -99.21469475519865, 20.959659380149503 ], [ -99.214838980495415, 20.959614020280924 ], [ -99.214925451093848, 20.959541626163571 ], [ -99.215040714962186, 20.959424017474191 ], [ -99.215165610869633, 20.959315432197286 ], [ -99.21530015174767, 20.959224905939664 ], [ -99.215453969853115, 20.959161462152906 ], [ -99.21550207923616, 20.959170437004502 ], [ -99.215608020895331, 20.959260659525 ], [ -99.215791215148954, 20.959558604037284 ], [ -99.216138367141468, 20.960154516807961 ], [ -99.216340776299774, 20.960434365040726 ], [ -99.216889575320749, 20.960777022260288 ], [ -99.21704379842447, 20.960993681417563 ], [ -99.217063741231868, 20.961481580653583 ], [ -99.21716067904822, 20.961996488733348 ], [ -99.217324758251493, 20.962375776558474 ], [ -99.217701095327925, 20.963188503988363 ], [ -99.217865412781009, 20.963730432404645 ], [ -99.217654448835219, 20.964191519394376 ], [ -99.217241784407349, 20.964869718539262 ], [ -99.217136372595462, 20.965149957579229 ], [ -99.217175164390937, 20.965366763452209 ], [ -99.217261885115931, 20.965466044960522 ], [ -99.217935865670597, 20.96588082396562 ], [ -99.219119946386115, 20.966466622428698 ], [ -99.219610791270043, 20.966628632233039 ], [ -99.219937783932664, 20.966573996869784 ], [ -99.22004352196808, 20.966519646613392 ], [ -99.220216518812663, 20.966410995615718 ], [ -99.220341469647224, 20.966338549086913 ], [ -99.220466592544767, 20.966383565489423 ], [ -99.220582135522648, 20.966455701097516 ], [ -99.22069778468267, 20.966600121559225 ], [ -99.220852616377329, 20.967223379749328 ], [ -99.220911211160285, 20.967819655589778 ], [ -99.220825322531482, 20.968289619750351 ], [ -99.220845225726919, 20.968741375553236 ], [ -99.220912896846187, 20.968967178650189 ], [ -99.221124920210855, 20.969228937036519 ], [ -99.222068834047434, 20.970013809741829 ], [ -99.222473354374188, 20.970338564894234 ], [ -99.223022176731092, 20.970663130309276 ], [ -99.223195605311219, 20.970843615863771 ], [ -99.223272941223456, 20.971096512161637 ], [ -99.223196316159033, 20.971322503214878 ], [ -99.223081103319771, 20.97147625971877 ], [ -99.222956203173908, 20.971584850678823 ], [ -99.222658141315833, 20.971693667848513 ], [ -99.222456239839687, 20.971775252135728 ], [ -99.222302478699248, 20.971883880284906 ], [ -99.222216231670359, 20.972109883440623 ], [ -99.222303507370384, 20.972579622234093 ], [ -99.222468025774674, 20.973239008292182 ], [ -99.222574155457835, 20.973446689119044 ], [ -99.222805415126686, 20.973699384458882 ], [ -99.223229093577174, 20.973960863167974 ], [ -99.223518036311248, 20.974186375071724 ], [ -99.223922248053896, 20.974294271942711 ], [ -99.224076158597143, 20.974285034022785 ], [ -99.224364739126031, 20.974266583098256 ], [ -99.224662926323447, 20.974239083397435 ], [ -99.224951479641959, 20.974202560268566 ], [ -99.225249720746092, 20.974211201966568 ], [ -99.225365299128157, 20.974301405402741 ], [ -99.225423223855216, 20.974436863145741 ], [ -99.225413874554988, 20.974617587978003 ], [ -99.225337088455717, 20.974735152626124 ], [ -99.225087164152342, 20.974871017251303 ], [ -99.224894758413427, 20.974871271269251 ], [ -99.22470223112316, 20.974790204620547 ], [ -99.224442308141874, 20.974673084030883 ], [ -99.224221082252541, 20.974700482110961 ], [ -99.223259067982326, 20.974710780736586 ], [ -99.222826061725243, 20.974648098076102 ], [ -99.222335227292945, 20.974513204768357 ], [ -99.221901875212438, 20.974215593948998 ], [ -99.221391483181549, 20.973863868345688 ], [ -99.220746331093437, 20.973458102022391 ], [ -99.220438232998163, 20.973286823896501 ], [ -99.21986084989959, 20.973170106567181 ], [ -99.219543159607838, 20.97301691043441 ], [ -99.218878762649013, 20.97260212609666 ], [ -99.218358894215385, 20.972340759708572 ], [ -99.217906355273328, 20.972070270015536 ], [ -99.217675027819553, 20.971763354207212 ], [ -99.217327646625677, 20.971031911453053 ], [ -99.217182562890059, 20.970489958520375 ], [ -99.216826387930212, 20.970327770612982 ], [ -99.216489804950413, 20.970409519129419 ], [ -99.215797540479457, 20.970672430304887 ], [ -99.215403235972246, 20.970754249752133 ], [ -99.214970489639882, 20.970863223673405 ], [ -99.214739505519162, 20.970791229783401 ], [ -99.214594831072532, 20.970529378656181 ], [ -99.214469371357211, 20.970249431952993 ], [ -99.214305715492685, 20.970168317099137 ], [ -99.213988127138975, 20.97007835977314 ], [ -99.213622477759202, 20.97001556899221 ], [ -99.213381760197592, 20.969862264736662 ], [ -99.21290988253088, 20.969510465077747 ], [ -99.212486196086616, 20.969221853458521 ], [ -99.21200463891256, 20.968824885126196 ], [ -99.211118706684999, 20.96818445451845 ], [ -99.210858906900739, 20.96813959789921 ], [ -99.210733886635239, 20.968166859409791 ], [ -99.210580196500302, 20.968329690797248 ], [ -99.210551526626602, 20.968465260758933 ], [ -99.210561399539245, 20.968645961289383 ], [ -99.210686648095816, 20.968781341070894 ], [ -99.210879210942096, 20.968898566221924 ], [ -99.2111294682432, 20.968997648429934 ], [ -99.211562644299022, 20.969195895323537 ], [ -99.211889951168018, 20.969358130200931 ], [ -99.212092199352014, 20.969520520094648 ], [ -99.212285146901422, 20.969908812181131 ], [ -99.212516652084332, 20.970351269756065 ], [ -99.21266129719686, 20.970595051451028 ], [ -99.212815460511877, 20.970766536065241 ], [ -99.213104420032437, 20.971019172747503 ], [ -99.213220065613655, 20.971163598237524 ], [ -99.213278170449144, 20.971434594505979 ], [ -99.213326847700728, 20.971841137019624 ], [ -99.213384799121968, 20.972003705842894 ], [ -99.213596903661426, 20.972328722881798 ], [ -99.213914779374761, 20.972617464393011 ], [ -99.21461756621369, 20.972978006065262 ], [ -99.214993063032125, 20.973194387913338 ], [ -99.215147296330599, 20.973411048384605 ], [ -99.215263178593489, 20.9737181134401 ], [ -99.215475367327485, 20.974097341691561 ], [ -99.215744967543742, 20.974259641915523 ], [ -99.216014503424901, 20.974376763648422 ], [ -99.2163610928975, 20.974557036535543 ], [ -99.216649961493488, 20.974737382096237 ], [ -99.217266599862228, 20.975387162170819 ], [ -99.217459411547054, 20.975667020643925 ], [ -99.21749842891478, 20.976037431496479 ], [ -99.217450758407324, 20.976335667962928 ], [ -99.217345221579876, 20.976534586349203 ], [ -99.217162708131866, 20.976724567157532 ], [ -99.216989710299913, 20.976842250655864 ], [ -99.216672431855045, 20.976978188743715 ], [ -99.216287770775295, 20.977087104908321 ], [ -99.215345343563001, 20.977350331612911 ], [ -99.213633609331055, 20.977849445601805 ], [ -99.211585259923709, 20.978430281394083 ] ] ] ] } },
{ "type": "Feature", "properties": { "NUM_ANP": 31, "ID_ANP": "ANP00603031", "ID_DOF": "6.3.18.031", "NOMBRE": "La Montaña Malinche o Matlalcuéyatl", "CAT_MANEJO": "PN", "ESTADOS": "Tlaxcala y Puebla", "REGION": "Centro y Eje Neovolcánico", "SUPERFICIE": 46112.24142, "S_TERRES": 46112.24142, "S_MARINA": 0.0, "PRIM_DEC": "1938-10-06", "ULT_DOF": "1938-10-06", "PM": "2013-04-03", "CERT_SINAP": null }, "geometry": { "type": "MultiPolygon", "coordinates": [ [ [ [ -97.987392266001507, 19.116570838553741 ], [ -98.015085695342805, 19.109157314855679 ], [ -98.103884765308408, 19.149929110077665 ], [ -98.104663062701945, 19.150653399537191 ], [ -98.140494107123516, 19.17509479570549 ], [ -98.160105332945193, 19.219205088958859 ], [ -98.165629585078705, 19.25162538637727 ], [ -98.148396476648315, 19.294770252024364 ], [ -98.051480774414244, 19.339381530482228 ], [ -98.011229616958701, 19.335312466548203 ], [ -97.958170463837973, 19.29868641820201 ], [ -97.94775497557373, 19.267940406334731 ], [ -97.926040120305458, 19.245281852924961 ], [ -97.926335172768233, 19.208802009320607 ], [ -97.935861486656904, 19.160713440005907 ], [ -97.987392266001507, 19.116570838553741 ] ] ] ] } },
{ "type": "Feature", "properties": { "NUM_ANP": 142, "ID_ANP": "ANP00601142", "ID_DOF": "6.1.03.142", "NOMBRE": "Sierra de Huautla", "CAT_MANEJO": "RB", "ESTADOS": "Morelos", "REGION": "Centro y Eje Neovolcánico", "SUPERFICIE": 59030.94159, "S_TERRES": 59030.94159, "S_MARINA": 0.0, "PRIM_DEC": "1999-09-08", "ULT_DOF": "1999-09-08", "PM": "2007-11-27", "CERT_SINAP": "SINAP 041" }, "geometry": { "type": "MultiPolygon", "coordinates": [ [ [ [ -99.387880430814903, 18.571113064784981 ], [ -99.368720759906694, 18.545908853498759 ], [ -99.333754150184063, 18.530753739478143 ], [ -99.312874477858713, 18.506242474154078 ], [ -99.289026770270311, 18.504824927231198 ], [ -99.282091867203121, 18.481264604889077 ], [ -99.251306702437489, 18.481307450081488 ], [ -99.23484825809328, 18.548181245020999 ], [ -99.231112696861032, 18.546685510410896 ], [ -99.222419512655449, 18.558679945434051 ], [ -99.226054537739174, 18.56289633380635 ], [ -99.217496354201501, 18.56246341218889 ], [ -99.215023640652134, 18.555371527145724 ], [ -99.208325774940874, 18.549106694794375 ], [ -99.190169789382821, 18.531944625116239 ], [ -99.100965236539935, 18.490157408741652 ], [ -99.10129190718817, 18.481553139484731 ], [ -99.095011814030556, 18.481845505245133 ], [ -99.094997175788308, 18.454234588185557 ], [ -99.044888126815295, 18.422899491645637 ], [ -99.026378460897433, 18.443870840551085 ], [ -99.0172956312731, 18.447246208443687 ], [ -99.008101282827681, 18.47207070341284 ], [ -98.994507943119686, 18.492134832504178 ], [ -98.989579037918816, 18.527969903424207 ], [ -98.966545788067833, 18.569089236039531 ], [ -98.94327827845558, 18.571026496424679 ], [ -98.86395995048656, 18.549917640630895 ], [ -98.85382570558437, 18.522037137277948 ], [ -98.871609972381918, 18.459815126621891 ], [ -98.914751361829303, 18.460544995434418 ], [ -98.921200537058212, 18.442372519904723 ], [ -98.91189224338757, 18.422475669044616 ], [ -98.937704173183192, 18.400858274018958 ], [ -99.010863648395855, 18.392165648524724 ], [ -99.019080443227324, 18.380108366436389 ], [ -99.044115412810413, 18.358458422473461 ], [ -99.058689514732691, 18.348512830509094 ], [ -99.057550541377054, 18.338480877705706 ], [ -99.065612253851782, 18.33238672374415 ], [ -99.073356155246756, 18.337526710159977 ], [ -99.075629855750378, 18.34281314284874 ], [ -99.069480932096212, 18.351356368880602 ], [ -99.070714742742609, 18.359896913097145 ], [ -99.066076351572519, 18.359491799350508 ], [ -99.066078985498109, 18.366767452596605 ], [ -99.068020364385632, 18.3689359237747 ], [ -99.070529074920557, 18.369296564083811 ], [ -99.072804116331838, 18.377068464907836 ], [ -99.074366034313357, 18.376841963254833 ], [ -99.078766222814863, 18.372547179673802 ], [ -99.081322471719204, 18.373223986854271 ], [ -99.07834637504709, 18.386782255441574 ], [ -99.08739196255749, 18.395680933746746 ], [ -99.089666477183641, 18.400198914601219 ], [ -99.097715115808626, 18.401686348354644 ], [ -99.099229367715452, 18.400555835487864 ], [ -99.107519736873201, 18.410222135541574 ], [ -99.108185721013285, 18.415509015199348 ], [ -99.110602499557444, 18.419077665353768 ], [ -99.112874667595236, 18.418443703365597 ], [ -99.125710043282368, 18.425304728806054 ], [ -99.128808242367825, 18.427679667838333 ], [ -99.141117647023464, 18.402653956903293 ], [ -99.146310918555912, 18.396901941917747 ], [ -99.152941850626121, 18.389946590008549 ], [ -99.164425559460881, 18.389629912315058 ], [ -99.170768946653027, 18.389868450210656 ], [ -99.171930699475865, 18.387047547637621 ], [ -99.188285175586486, 18.3912621321698 ], [ -99.199583950906003, 18.394847910823216 ], [ -99.210880028447036, 18.387885678780776 ], [ -99.218818297600421, 18.391645695614613 ], [ -99.220904526442268, 18.401874314875556 ], [ -99.225322689491747, 18.406587014678735 ], [ -99.227980975083995, 18.412115130010648 ], [ -99.216647878913591, 18.412797013484408 ], [ -99.214955413992925, 18.42251471499867 ], [ -99.21901818862176, 18.42291684362948 ], [ -99.230003510811457, 18.445390408198818 ], [ -99.246624763694626, 18.445857858188788 ], [ -99.255955373899837, 18.447382087086908 ], [ -99.269282862699868, 18.448981646262155 ], [ -99.276864067298277, 18.451971439348199 ], [ -99.277337327888063, 18.451790001770689 ], [ -99.278379676075872, 18.452150003552106 ], [ -99.281040451925094, 18.451829797994606 ], [ -99.282820411070929, 18.451492783201445 ], [ -99.283398070900148, 18.451455780535298 ], [ -99.283710055416861, 18.451120904809216 ], [ -99.297492734479533, 18.45277202507674 ], [ -99.300431956190891, 18.449170363052815 ], [ -99.306096445024878, 18.449785009585071 ], [ -99.312552117270798, 18.458532277066638 ], [ -99.34348910790294, 18.46561011450558 ], [ -99.348937566934353, 18.462057427537673 ], [ -99.357214830316252, 18.461761980882272 ], [ -99.366046112048309, 18.477245106458781 ], [ -99.364867917143442, 18.484540857356592 ], [ -99.377163625385094, 18.49348246067018 ], [ -99.377316712343372, 18.498552336771183 ], [ -99.391483737047054, 18.513201114479727 ], [ -99.39150584606034, 18.518804448346316 ], [ -99.399055204101785, 18.530438418655535 ], [ -99.399399865261216, 18.548449825633725 ], [ -99.401501546467273, 18.551689937447065 ], [ -99.403144030650935, 18.553024028831089 ], [ -99.404861238510421, 18.553888004373221 ], [ -99.402088895950726, 18.555701422357686 ], [ -99.402049690364663, 18.559226205675543 ], [ -99.400678324940145, 18.560404001500672 ], [ -99.397360903414835, 18.560139826727436 ], [ -99.392152067775498, 18.561596675015437 ], [ -99.391684968976051, 18.564580050900645 ], [ -99.388468642310499, 18.567162399615086 ], [ -99.388373757130068, 18.57133800204582 ], [ -99.387880430814903, 18.571113064784981 ] ] ] ] } },
{ "type": "Feature", "properties": { "NUM_ANP": 161, "ID_ANP": "ANP00601161", "ID_DOF": "6.1.06.161", "NOMBRE": "Sierra Gorda de Guanajuato", "CAT_MANEJO": "RB", "ESTADOS": "Guanajuato", "REGION": "Centro y Eje Neovolcánico", "SUPERFICIE": 236882.7632, "S_TERRES": 236882.7632, "S_MARINA": 0.0, "PRIM_DEC": "2007-02-02", "ULT_DOF": "2007-02-02", "PM": null, "CERT_SINAP": "SINAP 078" }, "geometry": { "type": "MultiPolygon", "coordinates": [ [ [ [ -100.268445235524212, 21.682488212280816 ], [ -100.26784583383494, 21.682054684062166 ], [ -100.266870084061054, 21.681477215791119 ], [ -100.266466630485922, 21.681448689576996 ], [ -100.266315395257209, 21.681422749398791 ], [ -100.266114817819016, 21.681349749746971 ], [ -100.265713439458125, 21.681178911725397 ], [ -100.264936096129077, 21.6808393268592 ], [ -100.264636099965401, 21.680622546786708 ], [ -100.264289363591843, 21.680171267505045 ], [ -100.264242192375775, 21.679957073468699 ], [ -100.264146876189329, 21.679555822813029 ], [ -100.264048862224286, 21.679364599802284 ], [ -100.263925195418722, 21.6791758670484 ], [ -100.263247446410048, 21.678930353240389 ], [ -100.262871066399157, 21.678784162378633 ], [ -100.262519668775099, 21.678662634639863 ], [ -100.262243761059835, 21.678540516263297 ], [ -100.261968763246273, 21.678348399313904 ], [ -100.261743698280213, 21.678203309912078 ], [ -100.261366839373636, 21.678104561640453 ], [ -100.261064688179715, 21.67805491613035 ], [ -100.260890976784481, 21.677839429076016 ], [ -100.260492902803151, 21.677456280674164 ], [ -100.260468335459166, 21.677409029642092 ], [ -100.260395032506835, 21.677244736526802 ], [ -100.260247085694459, 21.677006470005438 ], [ -100.260047881090543, 21.676813762418135 ], [ -100.259872796861089, 21.676717983299284 ], [ -100.259621488416315, 21.676645366763921 ], [ -100.259043844550206, 21.676448764159318 ], [ -100.258720893324437, 21.676089879800827 ], [ -100.258445400652079, 21.675945173515288 ], [ -100.258220766691807, 21.675777496204489 ], [ -100.257845184840164, 21.675583878715486 ], [ -100.257593078236312, 21.675556422034845 ], [ -100.257366736214976, 21.675506201850226 ], [ -100.257166270519122, 21.675410614289433 ], [ -100.25603903010574, 21.674662595334041 ], [ -100.255659058377717, 21.674344784254345 ], [ -100.254670027232805, 21.673514411219855 ], [ -100.25429447730744, 21.673320777767799 ], [ -100.254043567942347, 21.673223306551108 ], [ -100.253472740356983, 21.672556891404952 ], [ -100.253275674819747, 21.672224138782667 ], [ -100.253076901221618, 21.672008843286733 ], [ -100.25280223863507, 21.671816694410893 ], [ -100.252526761925992, 21.671671988125411 ], [ -100.252201256590354, 21.671502810275172 ], [ -100.25187583107072, 21.671308777743263 ], [ -100.251509970799589, 21.671049567521266 ], [ -100.251401500947566, 21.670973614679895 ], [ -100.250953158892003, 21.670565962786668 ], [ -100.250604379230367, 21.67025468065026 ], [ -100.25033190360034, 21.669897663984614 ], [ -100.25010857862145, 21.669635117456437 ], [ -100.249862378396301, 21.669207894696513 ], [ -100.249617407336473, 21.668710641437713 ], [ -100.249368605111954, 21.668470874376737 ], [ -100.249169464360534, 21.668280401635513 ], [ -100.24896899866485, 21.668182547302536 ], [ -100.248743071686476, 21.668109723245664 ], [ -100.24856808323608, 21.667989089445484 ], [ -100.248445645595893, 21.667728043456748 ], [ -100.248372741723244, 21.667538879697076 ], [ -100.247803159266311, 21.666800167279291 ], [ -100.247011975854548, 21.66568145120732 ], [ -100.246737824089962, 21.66544185974152 ], [ -100.246451141223815, 21.665112491314574 ], [ -100.246388373974639, 21.665020335839188 ], [ -100.246311479305405, 21.664932634092509 ], [ -100.244216374932137, 21.665154474495239 ], [ -100.243488166291115, 21.665277806073789 ], [ -100.24273484755787, 21.665362985636932 ], [ -100.239704124861419, 21.66532585526528 ], [ -100.223184078580573, 21.665634615218153 ], [ -100.222275422079633, 21.665651536195867 ], [ -100.220811661731943, 21.664588116601863 ], [ -100.218008829485825, 21.662996139940276 ], [ -100.215006744746177, 21.661258770576183 ], [ -100.212553490320943, 21.659928398614568 ], [ -100.211124449903878, 21.659121267979742 ], [ -100.21067692197073, 21.658867070197971 ], [ -100.209771937002529, 21.658618443568628 ], [ -100.208968030931317, 21.658396204086387 ], [ -100.207760878806369, 21.658122674885988 ], [ -100.207207403204507, 21.65802054241891 ], [ -100.20667993163346, 21.657848219820778 ], [ -100.206129536926653, 21.657533776973366 ], [ -100.205605034508551, 21.657173966749951 ], [ -100.203318403823744, 21.654832678114815 ], [ -100.201080428931505, 21.652633286244395 ], [ -100.197592073605222, 21.649661467706323 ], [ -100.196147101927863, 21.648440986320509 ], [ -100.195173587000113, 21.647743347181517 ], [ -100.194447118346488, 21.647380440100051 ], [ -100.193895031541956, 21.647183390526038 ], [ -100.192838763455654, 21.646958357486199 ], [ -100.192181782552439, 21.646890801281131 ], [ -100.192032494832688, 21.646876067259996 ], [ -100.191376072641106, 21.646914650281758 ], [ -100.190717575235624, 21.64707069042953 ], [ -100.190185745714757, 21.647205499539325 ], [ -100.189449587406841, 21.647502127470602 ], [ -100.188869804473825, 21.647829245088076 ], [ -100.188304452261036, 21.64814948257208 ], [ -100.187881443782544, 21.648412236621482 ], [ -100.187082007403433, 21.648910304002982 ], [ -100.185830701104692, 21.649908482053945 ], [ -100.185293587768911, 21.650397881424908 ], [ -100.184759555328412, 21.650672703643579 ], [ -100.184121857954835, 21.650715660578328 ], [ -100.183438378162236, 21.649697432765493 ], [ -100.183213999613088, 21.649362509149739 ], [ -100.182803075266634, 21.649401587030411 ], [ -100.181491747386588, 21.649523833112255 ], [ -100.181373188800535, 21.649535981097131 ], [ -100.180553686696044, 21.650208015285045 ], [ -100.180417520715309, 21.650319677774633 ], [ -100.179634733939736, 21.650790495996716 ], [ -100.177572114650843, 21.648828955604756 ], [ -100.177440817442175, 21.648649210124915 ], [ -100.174205781922012, 21.644225076843838 ], [ -100.172368866127158, 21.641810134066191 ], [ -100.170235976891377, 21.639006551550381 ], [ -100.170046078825123, 21.638748155450799 ], [ -100.169669443403222, 21.638283307460313 ], [ -100.167837843349332, 21.636024101530097 ], [ -100.16714920744738, 21.634118224769509 ], [ -100.167614917450067, 21.633796502709117 ], [ -100.168501289342714, 21.63318498496119 ], [ -100.171095179440897, 21.631393787732293 ], [ -100.17248306676322, 21.629331008811619 ], [ -100.172236243973828, 21.628788452029539 ], [ -100.172012855141929, 21.628155383980015 ], [ -100.171862992747549, 21.627878630215719 ], [ -100.171833365073269, 21.627838195464562 ], [ -100.171646308454115, 21.627816932500195 ], [ -100.171450184744913, 21.627569870263017 ], [ -100.171618388840898, 21.627385750869848 ], [ -100.171731488017258, 21.627109412148741 ], [ -100.171832471134906, 21.62686477631587 ], [ -100.171949433402176, 21.626319649460754 ], [ -100.172093836387148, 21.626180849554089 ], [ -100.171824234130781, 21.625843978429828 ], [ -100.171771906805361, 21.625345208668193 ], [ -100.171696416896452, 21.625006964709655 ], [ -100.171356416987692, 21.624964183369912 ], [ -100.171232494770777, 21.624646611738171 ], [ -100.171106609082244, 21.62404898196246 ], [ -100.171125222157571, 21.623323870179775 ], [ -100.171170046785335, 21.622892177727635 ], [ -100.17124556862052, 21.622823887215759 ], [ -100.17169994476069, 21.622411893335823 ], [ -100.171990953650379, 21.622409834084749 ], [ -100.172148111221247, 21.622169332717306 ], [ -100.172302283676345, 21.621931098122275 ], [ -100.17236991969736, 21.62129597082162 ], [ -100.172603301483718, 21.620137969347525 ], [ -100.172401702401658, 21.61921114674044 ], [ -100.172418336042028, 21.618280508931662 ], [ -100.172678919098303, 21.617350413871122 ], [ -100.172748454738496, 21.617101483941155 ], [ -100.172991605995037, 21.617041047317059 ], [ -100.173346004698203, 21.615882183831218 ], [ -100.173469575724766, 21.615594479321203 ], [ -100.173726790548415, 21.614996402576423 ], [ -100.173888130474381, 21.613929247596786 ], [ -100.173999473699894, 21.612726916354006 ], [ -100.174187360404915, 21.611955431514275 ], [ -100.174254070561176, 21.61120739659583 ], [ -100.174187615815868, 21.610455785923477 ], [ -100.174173983254661, 21.610300049076045 ], [ -100.174066519083226, 21.609740683058533 ], [ -100.174022077571976, 21.609508370805543 ], [ -100.173921525460344, 21.609055112088754 ], [ -100.173484485340794, 21.608728457403629 ], [ -100.173408867726323, 21.608672522398024 ], [ -100.173041874069099, 21.60826857396421 ], [ -100.173014082161615, 21.608191982595542 ], [ -100.172893081207917, 21.60786084225515 ], [ -100.172595335853771, 21.607025025773908 ], [ -100.172554326427701, 21.606844625803546 ], [ -100.172492995865298, 21.60657630060183 ], [ -100.172405884756586, 21.60647978717634 ], [ -100.172150617441446, 21.60619474851859 ], [ -100.171953424198932, 21.605809939945118 ], [ -100.17182824089042, 21.605334268914248 ], [ -100.171631781954261, 21.605042046822518 ], [ -100.171170429901792, 21.60495495167703 ], [ -100.170952197179531, 21.604956484142917 ], [ -100.170693242368202, 21.603552442075795 ], [ -100.170990317268718, 21.602715987067256 ], [ -100.170873754081072, 21.6021001432959 ], [ -100.169834023855799, 21.601143134303129 ], [ -100.16817704509873, 21.600426195671616 ], [ -100.167102291642379, 21.600819464733775 ], [ -100.164867142234243, 21.602356591886803 ], [ -100.16304199130758, 21.603547972383637 ], [ -100.161663937308049, 21.604673041803835 ], [ -100.161494104967062, 21.604843305150894 ], [ -100.161293000743854, 21.605015947012589 ], [ -100.161098329684478, 21.605364487226325 ], [ -100.160880607784065, 21.605658305636837 ], [ -100.160640074490175, 21.605995543914332 ], [ -100.160526288896847, 21.606245319893389 ], [ -100.160424252208941, 21.606516678100263 ], [ -100.160414402922868, 21.606733250651416 ], [ -100.160405495464772, 21.607068924536748 ], [ -100.16041931958415, 21.607350307624927 ], [ -100.159982646618005, 21.608072354475894 ], [ -100.159192516776614, 21.609192858424706 ], [ -100.158780554823124, 21.60982364373865 ], [ -100.15851736976748, 21.610215172813582 ], [ -100.158199782172346, 21.610678009442495 ], [ -100.157992436343022, 21.611139792501092 ], [ -100.157602040654353, 21.613066150029852 ], [ -100.157370143444382, 21.61342422026587 ], [ -100.155333352591413, 21.616144538801109 ], [ -100.155145753223906, 21.616529746454091 ], [ -100.154724277211244, 21.6170262494432 ], [ -100.154169764002404, 21.617386554525353 ], [ -100.153525569611759, 21.617528084136666 ], [ -100.152940279379322, 21.617710383726489 ], [ -100.152442802635676, 21.617864667923811 ], [ -100.151989049059978, 21.617991208102865 ], [ -100.151314843878879, 21.618050718862207 ], [ -100.1510462951926, 21.61814949906011 ], [ -100.150857913628897, 21.618438767962232 ], [ -100.150478819876412, 21.61872928199324 ], [ -100.149999189975119, 21.618775894497844 ], [ -100.149565230750738, 21.618758574440449 ], [ -100.14948974084183, 21.618756834453109 ], [ -100.14938392087862, 21.618624308078836 ], [ -100.149220186474736, 21.6184199314024 ], [ -100.149103000722903, 21.618132721751294 ], [ -100.148916486852045, 21.618039959674547 ], [ -100.148799620363718, 21.617946670812728 ], [ -100.148435244669031, 21.617884063195334 ], [ -100.14803153568289, 21.61773490318086 ], [ -100.147855014766776, 21.617620846213242 ], [ -100.147620036661635, 21.617585775092664 ], [ -100.147371298289897, 21.617574616825323 ], [ -100.147028440970701, 21.617943238727548 ], [ -100.144908497879328, 21.61536045900732 ], [ -100.139453142750995, 21.609589591498491 ], [ -100.132616812360595, 21.601932881028006 ], [ -100.124929995320258, 21.594114559257605 ], [ -100.124635458566559, 21.593773250367292 ], [ -100.124904677706581, 21.593642017011177 ], [ -100.125001430579857, 21.593408635224932 ], [ -100.121137716886494, 21.59151295894037 ], [ -100.112148271902981, 21.587073564852858 ], [ -100.10604549782073, 21.581746585670601 ], [ -100.095366668811494, 21.573453151580736 ], [ -100.094137742900045, 21.57235992871756 ], [ -100.092563517301755, 21.57127237278587 ], [ -100.091223375869959, 21.570073457664932 ], [ -100.090334338125274, 21.569468820050417 ], [ -100.08887816029096, 21.566928678001204 ], [ -100.084006195776112, 21.563710164379188 ], [ -100.076252061978664, 21.558608234200051 ], [ -100.076406457918267, 21.558036241301863 ], [ -100.073011327600852, 21.550054073385354 ], [ -100.063528971345249, 21.5231417532558 ], [ -100.062141530991994, 21.523323079091199 ], [ -100.050969311814924, 21.524782673047298 ], [ -100.046452224898701, 21.525529814027493 ], [ -100.044083703067543, 21.525699055730627 ], [ -100.041443918808284, 21.525415118532408 ], [ -100.033224043081987, 21.525075900819672 ], [ -100.020754479776144, 21.524568702495799 ], [ -100.016555347608403, 21.524665758669357 ], [ -100.016340898161161, 21.524664034645241 ], [ -100.012869846929107, 21.52465203032915 ], [ -100.010667294347627, 21.52464505441651 ], [ -100.004369865169338, 21.524412039783499 ], [ -100.001121117272305, 21.524117614771797 ], [ -100.000028788347379, 21.524185139050815 ], [ -99.99866893238044, 21.524181994303035 ], [ -99.99687838964212, 21.524637663461249 ], [ -99.995869228919105, 21.524959896343603 ], [ -99.99526430396719, 21.525094497932116 ], [ -99.994785791489221, 21.525138013578328 ], [ -99.994157416616531, 21.525107875082199 ], [ -99.993604771100365, 21.52503438057181 ], [ -99.99272563053114, 21.524908606625331 ], [ -99.991970124841373, 21.524996675525244 ], [ -99.991567613094162, 21.524992285648864 ], [ -99.991116030511648, 21.524870741947041 ], [ -99.99058871857261, 21.524794821032117 ], [ -99.989155320205668, 21.524758153592757 ], [ -99.988714049841519, 21.524776575110025 ], [ -99.987670680009842, 21.524816642708174 ], [ -99.986940827160481, 21.524857093422554 ], [ -99.985380026602115, 21.524986028079638 ], [ -99.984624648617739, 21.525049210371947 ], [ -99.983011105691105, 21.525411079846435 ], [ -99.981876665880577, 21.52568427381982 ], [ -99.980187808640096, 21.526021703655715 ], [ -99.97895348717168, 21.52620061904986 ], [ -99.976912226626496, 21.526583001218796 ], [ -99.975173835618364, 21.5268732438754 ], [ -99.97361210919496, 21.527094669235225 ], [ -99.972379958720012, 21.527061194433088 ], [ -99.970594428422146, 21.527021909031134 ], [ -99.969210212632674, 21.52707964787686 ], [ -99.967626233527312, 21.526993973454978 ], [ -99.966394545984599, 21.526937862854368 ], [ -99.965138370913962, 21.526784775896147 ], [ -99.963579438048328, 21.526701176688391 ], [ -99.962197313436207, 21.526571380019163 ], [ -99.959960056887496, 21.526432931302679 ], [ -99.958802741830539, 21.526308578079863 ], [ -99.958527983464705, 21.526278535363076 ], [ -99.957019318673417, 21.526219439646695 ], [ -99.95656601206673, 21.526246880364454 ], [ -99.956369361572456, 21.526259299723336 ], [ -99.956179543322094, 21.526269420383585 ], [ -99.956158312284003, 21.526129726538613 ], [ -99.956156316885767, 21.526002244531298 ], [ -99.956160770614815, 21.525758406857847 ], [ -99.956180676708186, 21.525380606123349 ], [ -99.956225804636517, 21.525060081302058 ], [ -99.956246923932326, 21.524684499450416 ], [ -99.956292450940111, 21.524263933339228 ], [ -99.956420459732499, 21.522956867629887 ], [ -99.956445154782045, 21.522719558899496 ], [ -99.956495039739707, 21.522414358737308 ], [ -99.956544621396802, 21.522106891802537 ], [ -99.956619696263033, 21.521776693289894 ], [ -99.956770388743223, 21.521565771707117 ], [ -99.956795243424722, 21.521353317658111 ], [ -99.956794604897198, 21.521118419369031 ], [ -99.956819299946574, 21.520835950784146 ], [ -99.956768425271434, 21.520529058524119 ], [ -99.956666628031314, 21.52028119812752 ], [ -99.956218908539768, 21.519775548232417 ], [ -99.956109401080653, 21.519410278599423 ], [ -99.956211693179569, 21.518673370021702 ], [ -99.956315948750557, 21.518239107496754 ], [ -99.956671624508544, 21.51800443269218 ], [ -99.956885387538762, 21.517935439800056 ], [ -99.957078238794622, 21.517760419423382 ], [ -99.957140750632846, 21.517631309171293 ], [ -99.957265886051744, 21.517205970067437 ], [ -99.957365991194251, 21.516875627886293 ], [ -99.95739054257507, 21.516570571392606 ], [ -99.957415237624446, 21.516240660217591 ], [ -99.95754038900651, 21.515910174367889 ], [ -99.957640653780857, 21.515697289312868 ], [ -99.95781683947007, 21.515603665224148 ], [ -99.958018055435673, 21.515509913429923 ], [ -99.95844551764344, 21.51531998343728 ], [ -99.958671907553992, 21.515108630847976 ], [ -99.958897978201094, 21.514847584859581 ], [ -99.959198485186675, 21.514023708842046 ], [ -99.959197830695985, 21.513741383925719 ], [ -99.959317171478062, 21.512938882614833 ], [ -99.959449665926002, 21.512258260232727 ], [ -99.959553841680986, 21.511905314179501 ], [ -99.960223433501255, 21.510961857932159 ], [ -99.960547917192912, 21.510621187569313 ], [ -99.96088015899312, 21.510081711682062 ], [ -99.961186173277952, 21.509684691271048 ], [ -99.961491580961706, 21.509335097487053 ], [ -99.961923704419974, 21.508892166951796 ], [ -99.962279922926314, 21.508470004521996 ], [ -99.962434781798265, 21.508071579350542 ], [ -99.962557554665523, 21.507887922890006 ], [ -99.962792357175488, 21.507534210603922 ], [ -99.963047369079618, 21.507182653348082 ], [ -99.963634910121471, 21.506701490981015 ], [ -99.963989723867485, 21.506704603802348 ], [ -99.964404990200478, 21.506629640678625 ], [ -99.964785760087807, 21.506362943722024 ], [ -99.965077918326756, 21.505923876277905 ], [ -99.965110594969588, 21.505121390930071 ], [ -99.964263588294671, 21.504142240997567 ], [ -99.963421913324055, 21.503726990627626 ], [ -99.96289599018229, 21.503528999225693 ], [ -99.962626994526829, 21.503223399983597 ], [ -99.962341764310679, 21.502924632985241 ], [ -99.961936427079706, 21.502664959830838 ], [ -99.96168577312551, 21.502580578427114 ], [ -99.961338015107742, 21.502130847574335 ], [ -99.960812586824716, 21.501867343254844 ], [ -99.960437707353435, 21.501652670323153 ], [ -99.960346988564595, 21.501619307263468 ], [ -99.96015613270697, 21.501268053308081 ], [ -99.960008824422061, 21.501160493357474 ], [ -99.959748161549783, 21.5009722554625 ], [ -99.959687916484199, 21.500618000427949 ], [ -99.959454327176502, 21.500327965292854 ], [ -99.954128385601166, 21.49694562148801 ], [ -99.952955969369896, 21.496179851469037 ], [ -99.950814779277209, 21.494782641645656 ], [ -99.950654812185519, 21.494677396357247 ], [ -99.949445473103935, 21.495465770248018 ], [ -99.945705298510802, 21.497431716479468 ], [ -99.945920945196974, 21.493974712851355 ], [ -99.947943353218932, 21.490688180091809 ], [ -99.951742511786051, 21.48771224305159 ], [ -99.95553341738605, 21.485892695203347 ], [ -99.955860566929687, 21.485734978921016 ], [ -99.957675421600925, 21.484893399729458 ], [ -99.958241779494244, 21.484508431524375 ], [ -99.959441237363535, 21.483430820657532 ], [ -99.958545973975959, 21.482842353751039 ], [ -99.957660879138245, 21.481994804327883 ], [ -99.957220742160359, 21.481310334817977 ], [ -99.957057789952785, 21.480696566260576 ], [ -99.956754968305233, 21.479756446319243 ], [ -99.956389060144772, 21.479012306418042 ], [ -99.956033368423334, 21.478555248462669 ], [ -99.955458326556595, 21.478183896855455 ], [ -99.955000949337546, 21.477797986822281 ], [ -99.95455471442267, 21.477226632451675 ], [ -99.954320231176325, 21.476511258212554 ], [ -99.95406769356623, 21.475941723645121 ], [ -99.953789327520269, 21.475633043508196 ], [ -99.953397159917984, 21.475158058894237 ], [ -99.953173946681261, 21.474831819252188 ], [ -99.953070616975253, 21.474522149397444 ], [ -99.95299386597469, 21.474057205627958 ], [ -99.952741184695753, 21.473537204828347 ], [ -99.952333293354684, 21.473143073754102 ], [ -99.951879459963038, 21.472757818211448 ], [ -99.951582257357018, 21.472463441089474 ], [ -99.951413957482032, 21.472002025184167 ], [ -99.951456659005828, 21.471559222354358 ], [ -99.951803698680067, 21.471100472301316 ], [ -99.952418696402503, 21.470769459666258 ], [ -99.952979610849127, 21.470619740940265 ], [ -99.953198561914803, 21.470290979114509 ], [ -99.953213886574019, 21.469816904402421 ], [ -99.952902269210654, 21.469470614998158 ], [ -99.952611914811712, 21.469171081766888 ], [ -99.952407681803777, 21.468922295505422 ], [ -99.952341769806765, 21.46870720753094 ], [ -99.952282147305255, 21.468084212251938 ], [ -99.952054592081879, 21.467118950291649 ], [ -99.951905448030629, 21.466852636451506 ], [ -99.951655352788066, 21.466638602047226 ], [ -99.951277456274511, 21.466597656473766 ], [ -99.950731962265706, 21.466587009028501 ], [ -99.950290803644066, 21.466308802614492 ], [ -99.950122902848761, 21.46606617814308 ], [ -99.949988556671315, 21.465660106605242 ], [ -99.949867555717788, 21.465003013960086 ], [ -99.949792528741227, 21.464499934138018 ], [ -99.949714548575287, 21.464052677579105 ], [ -99.949550478944559, 21.463169482360627 ], [ -99.949480608077465, 21.462696493145017 ], [ -99.949823704844619, 21.462394597362163 ], [ -99.950226009070263, 21.462215809673694 ], [ -99.950475976607436, 21.462012087487722 ], [ -99.950551578258683, 21.461469307220909 ], [ -99.949963446578977, 21.461119681510525 ], [ -99.949691098654398, 21.460785747612533 ], [ -99.949538650223474, 21.460435355669176 ], [ -99.949430627340462, 21.459986359123093 ], [ -99.949442998810127, 21.459578834935201 ], [ -99.949289640477502, 21.45908795098768 ], [ -99.949001488998306, 21.458654039652686 ], [ -99.948641056210647, 21.458656082940536 ], [ -99.948160420628767, 21.458644765041413 ], [ -99.94778388098598, 21.458478284969544 ], [ -99.947437304244318, 21.458297597661783 ], [ -99.947298887454338, 21.457700414855424 ], [ -99.947566111195897, 21.45731335547265 ], [ -99.948015810122513, 21.457184372925894 ], [ -99.948571344975278, 21.457167164610951 ], [ -99.949139921751453, 21.456840781300002 ], [ -99.949449942796093, 21.456380466854569 ], [ -99.94925225469467, 21.456002235113885 ], [ -99.948169567534649, 21.455783587348776 ], [ -99.947087135785466, 21.455607050469439 ], [ -99.946670097538743, 21.455539526190648 ], [ -99.946622718801279, 21.455242068173675 ], [ -99.946887643844093, 21.454947834720599 ], [ -99.947593775398275, 21.454377948962986 ], [ -99.947695540712061, 21.453986898783569 ], [ -99.94742387920445, 21.453742215061197 ], [ -99.946656816167547, 21.453462843334535 ], [ -99.945990911843523, 21.45319638582572 ], [ -99.945133497171014, 21.452785413589709 ], [ -99.944655511478175, 21.452310125675467 ], [ -99.944065336510619, 21.451610938107535 ], [ -99.94353622073146, 21.451065970883974 ], [ -99.943006115234766, 21.450366464052365 ], [ -99.942537068926242, 21.449821145638964 ], [ -99.94218998136256, 21.449556140780203 ], [ -99.941484376593564, 21.449429249410628 ], [ -99.940779266683364, 21.449514524752772 ], [ -99.940093009296447, 21.449766838878475 ], [ -99.93938778764408, 21.449786601303231 ], [ -99.938964412012012, 21.449788979818209 ], [ -99.942138659718125, 21.456452317157016 ], [ -99.943159776867788, 21.459025981897696 ], [ -99.943591325651084, 21.460428459572483 ], [ -99.943766457770209, 21.461211230385118 ], [ -99.943705989219666, 21.461516494400257 ], [ -99.943327805368597, 21.461703838356755 ], [ -99.943168780104997, 21.461783797957651 ], [ -99.942668749251482, 21.461784356669341 ], [ -99.94241362560507, 21.461785793356171 ], [ -99.937992142212977, 21.460055639352277 ], [ -99.93687409659492, 21.459619205833803 ], [ -99.936537816108228, 21.459521702690836 ], [ -99.934082901511829, 21.458808132291779 ], [ -99.92941410047132, 21.456952651310871 ], [ -99.926449864446852, 21.456040770246148 ], [ -99.923019902456701, 21.454535122497077 ], [ -99.921043659970167, 21.45366737964298 ], [ -99.911472420692007, 21.450182663923272 ], [ -99.906005380511374, 21.448136614422083 ], [ -99.905174113538408, 21.448159170404551 ], [ -99.903408680892312, 21.449024758228575 ], [ -99.892140682596448, 21.457584729642917 ], [ -99.889825254323341, 21.459343042707644 ], [ -99.885993562782119, 21.461775688659031 ], [ -99.881475933117827, 21.464266073456088 ], [ -99.880762314829212, 21.464660571683567 ], [ -99.875093180707779, 21.467836719008801 ], [ -99.872117163851613, 21.470151636459775 ], [ -99.872021991333838, 21.470226663436222 ], [ -99.871474693485254, 21.470651906761077 ], [ -99.868308171961644, 21.4727486553424 ], [ -99.866977640368077, 21.473392514506088 ], [ -99.867000371945608, 21.473462417299686 ], [ -99.863775361306807, 21.474310301949799 ], [ -99.858692203834892, 21.475029906433349 ], [ -99.851648575504498, 21.475669024530475 ], [ -99.846021855569461, 21.476820177797379 ], [ -99.839734882278435, 21.477409778090248 ], [ -99.835792613744502, 21.4778812827293 ], [ -99.83492887765027, 21.47811598946015 ], [ -99.835434367913422, 21.476575254627107 ], [ -99.837240331089788, 21.471588003979662 ], [ -99.838537355954713, 21.466020507466567 ], [ -99.838981052723113, 21.464078059045619 ], [ -99.839058506103981, 21.463278079918211 ], [ -99.839283714738713, 21.462578988129337 ], [ -99.839167470814914, 21.462292720306209 ], [ -99.83884723333091, 21.462093292217389 ], [ -99.837257794815741, 21.46372077100574 ], [ -99.835049479524173, 21.464090957300357 ], [ -99.833491057480501, 21.464483970951505 ], [ -99.830636600289438, 21.465542681405566 ], [ -99.827451609358889, 21.466116382364476 ], [ -99.824986206948779, 21.466207611975335 ], [ -99.82375225263371, 21.465976528887779 ], [ -99.822553592923896, 21.464509735534477 ], [ -99.822038253374615, 21.463229312383532 ], [ -99.821425873614771, 21.463105837136084 ], [ -99.819462194155903, 21.462414918498723 ], [ -99.818049883157869, 21.461821343372435 ], [ -99.816815370131394, 21.46146641788431 ], [ -99.816028784117293, 21.461825669396092 ], [ -99.81571092514821, 21.462751390543474 ], [ -99.814785938307239, 21.463848891540408 ], [ -99.81239652066472, 21.46503596197698 ], [ -99.811772120625562, 21.465565285277592 ], [ -99.809154189968694, 21.467143278187962 ], [ -99.809085404598079, 21.467195557623654 ], [ -99.807578799057808, 21.468329949544682 ], [ -99.806883011648551, 21.46904481296184 ], [ -99.806422713166171, 21.469774490215968 ], [ -99.806366235412497, 21.470765788133463 ], [ -99.8056808240745, 21.471468583381409 ], [ -99.805169363579466, 21.471800202617487 ], [ -99.804792456783389, 21.471882844033871 ], [ -99.804311533864222, 21.47196420839532 ], [ -99.804172909552904, 21.471987466758037 ], [ -99.803815525733853, 21.472047903382304 ], [ -99.802454839681218, 21.471975382626113 ], [ -99.802323382840427, 21.471928578563109 ], [ -99.801901204447631, 21.471779274880078 ], [ -99.801272877464214, 21.471825711789506 ], [ -99.799650730380336, 21.472307305162531 ], [ -99.798337933886955, 21.472478574190291 ], [ -99.797049672811454, 21.47258116958983 ], [ -99.796134902410074, 21.47263373636298 ], [ -99.795581075618088, 21.472708699486702 ], [ -99.795079145145564, 21.47284368419173 ], [ -99.794706101440624, 21.472965994126525 ], [ -99.794330934632001, 21.473109662804688 ], [ -99.794086330725349, 21.473167305871186 ], [ -99.79342111281818, 21.473475379407148 ], [ -99.792541972248785, 21.473881610576711 ], [ -99.792432161489103, 21.473931830761387 ], [ -99.792327538764994, 21.473995571764931 ], [ -99.791449707177037, 21.474528263297941 ], [ -99.791373035992365, 21.474573790305897 ], [ -99.790754175178733, 21.475035254100703 ], [ -99.790568523319791, 21.475173910338526 ], [ -99.789254753072271, 21.475975198447259 ], [ -99.789091401785015, 21.476055014379597 ], [ -99.788158784541054, 21.476506644851668 ], [ -99.787508619918924, 21.477277698685214 ], [ -99.787420646798125, 21.478373986480165 ], [ -99.787381584880677, 21.478718647639539 ], [ -99.787369532674973, 21.479012130823037 ], [ -99.787384522107061, 21.479267222543058 ], [ -99.787468488468051, 21.479662311408504 ], [ -99.787593336549435, 21.480205554607551 ], [ -99.78782721319476, 21.480574431920957 ], [ -99.788080644743218, 21.480983855727857 ], [ -99.788303171562859, 21.481192877691683 ], [ -99.789459065896096, 21.482212510265242 ], [ -99.789911079484625, 21.482567595385319 ], [ -99.790378321952971, 21.482904243025018 ], [ -99.790773857787713, 21.483214184253768 ], [ -99.790939108694033, 21.483506837351626 ], [ -99.790999992287311, 21.483685082291856 ], [ -99.791357248401027, 21.484687027654786 ], [ -99.791628925871692, 21.485748850929951 ], [ -99.792159749711686, 21.486801048404004 ], [ -99.792217424704631, 21.487374893031642 ], [ -99.791942426890955, 21.487997074188002 ], [ -99.791466276964627, 21.489034824978205 ], [ -99.790687193648125, 21.489964393253388 ], [ -99.789731238225727, 21.490621517824991 ], [ -99.788577355253892, 21.491004458705618 ], [ -99.787784304149454, 21.491268569626129 ], [ -99.786586650120455, 21.491765008762343 ], [ -99.784673877263174, 21.493038743338445 ], [ -99.783663678932953, 21.49326077529912 ], [ -99.781464861737106, 21.493969971785191 ], [ -99.780858611840756, 21.494078904569562 ], [ -99.78020067314668, 21.494198037830301 ], [ -99.779476790529145, 21.494208413901504 ], [ -99.778717820827865, 21.494110623421079 ], [ -99.778184363061882, 21.494112028181519 ], [ -99.777851099617692, 21.494173949381945 ], [ -99.777434205039526, 21.494413445068687 ], [ -99.777153013509633, 21.494869609085811 ], [ -99.776399183954311, 21.494720592739895 ], [ -99.776080510862585, 21.49453693627953 ], [ -99.775861527870347, 21.494408193180504 ], [ -99.775779876171498, 21.494319948685586 ], [ -99.775538544718188, 21.494022857821847 ], [ -99.775028105867079, 21.493604207293231 ], [ -99.774884070035569, 21.493443011035993 ], [ -99.774905572447778, 21.492446413340588 ], [ -99.774907136840056, 21.492276325588875 ], [ -99.774698146802677, 21.49206074275537 ], [ -99.773961349967124, 21.491758511745559 ], [ -99.773817968626304, 21.491659939068938 ], [ -99.773804511660046, 21.49123289190419 ], [ -99.77393046120136, 21.491134654454584 ], [ -99.774307256254986, 21.490892860068982 ], [ -99.77446110944652, 21.490594508113588 ], [ -99.774722586441158, 21.490439282088289 ], [ -99.774770044994511, 21.489574572239519 ], [ -99.774872752136389, 21.489336401497155 ], [ -99.775131914468886, 21.488815331164005 ], [ -99.775031761436878, 21.488558483493364 ], [ -99.773966729561039, 21.488112727474061 ], [ -99.773777597727587, 21.488033566032414 ], [ -99.773018771694979, 21.487420499855546 ], [ -99.772767032244076, 21.487148982016436 ], [ -99.772657668453519, 21.485948135350213 ], [ -99.772912025866958, 21.484866693318679 ], [ -99.773114455034715, 21.484610739586685 ], [ -99.77349054770832, 21.484632497409621 ], [ -99.773763135080571, 21.484715282494847 ], [ -99.773984209250216, 21.484750082241419 ], [ -99.774133209632907, 21.484696334192392 ], [ -99.774283678628763, 21.484543566497905 ], [ -99.774402444736097, 21.482893228426519 ], [ -99.774451515571513, 21.481632232473373 ], [ -99.774346749178505, 21.481485578679042 ], [ -99.774047726769254, 21.481226512125545 ], [ -99.773466618891803, 21.480771018562677 ], [ -99.773375245612385, 21.480568653247417 ], [ -99.773365300547084, 21.48019618421722 ], [ -99.773350231299105, 21.479769647874434 ], [ -99.773409901690229, 21.479485710676443 ], [ -99.77360072562135, 21.479194526191748 ], [ -99.773805230003347, 21.478911738343299 ], [ -99.773917307535555, 21.47873499394251 ], [ -99.773899955551883, 21.478522507967227 ], [ -99.773825774624527, 21.478280809360626 ], [ -99.773065607684032, 21.4773378798983 ], [ -99.773113130090223, 21.476906171482995 ], [ -99.772957361316401, 21.47632512745821 ], [ -99.773099657160856, 21.47586917096271 ], [ -99.774112313821774, 21.4753364794297 ], [ -99.774195418170677, 21.475254843694017 ], [ -99.774311055493513, 21.474728633214738 ], [ -99.774485868348734, 21.47345898521445 ], [ -99.775148180955966, 21.472543783807168 ], [ -99.776035382934367, 21.471186226538975 ], [ -99.776464696871642, 21.470856043989784 ], [ -99.77700481128619, 21.470544298920913 ], [ -99.777053435152368, 21.470204091490473 ], [ -99.776801743590966, 21.469787659844712 ], [ -99.776347287635076, 21.46960975013144 ], [ -99.775461761791234, 21.469609223346254 ], [ -99.774944474733331, 21.469740760002992 ], [ -99.774463392182099, 21.470115543695272 ], [ -99.774274196495981, 21.470344599457917 ], [ -99.774081872025135, 21.470370236335555 ], [ -99.773981543398122, 21.470349372450755 ], [ -99.773882012930471, 21.470239689396465 ], [ -99.773860781892438, 21.470021759974543 ], [ -99.774049754094051, 21.469589093768036 ], [ -99.774245574502572, 21.469220471865981 ], [ -99.774244696527376, 21.469054662247856 ], [ -99.774069500555584, 21.468732445328783 ], [ -99.773508107213388, 21.468231999432476 ], [ -99.772199908117841, 21.467312248516862 ], [ -99.771777602019313, 21.46630894628305 ], [ -99.77194223036156, 21.465784475791111 ], [ -99.7724896718791, 21.46568904786227 ], [ -99.77301955389089, 21.465283822373578 ], [ -99.773532291440915, 21.464086599350424 ], [ -99.773250876426403, 21.463515260942927 ], [ -99.77319913973912, 21.463312209210869 ], [ -99.773250700831341, 21.463092348243379 ], [ -99.774584313319735, 21.461660035373143 ], [ -99.775012605613028, 21.461369138225677 ], [ -99.77616939388497, 21.460699003657226 ], [ -99.776884225375511, 21.46017973716414 ], [ -99.777026696814858, 21.460013943509239 ], [ -99.777123864731209, 21.459600640647977 ], [ -99.777011819125107, 21.45928128113917 ], [ -99.776768188973051, 21.459106979105911 ], [ -99.77610956386178, 21.458659387320267 ], [ -99.775811132090496, 21.458307446947742 ], [ -99.775472329420666, 21.457721518187839 ], [ -99.77446666463544, 21.456579687421765 ], [ -99.774303361237628, 21.45627887713573 ], [ -99.774356614427745, 21.455831413055535 ], [ -99.774555260320369, 21.455539270779639 ], [ -99.7751737859071, 21.455186548210975 ], [ -99.775236217929432, 21.455131555033688 ], [ -99.775195655472658, 21.455028800002196 ], [ -99.774561661558209, 21.454475867148744 ], [ -99.774544485169542, 21.454322891932748 ], [ -99.775809328250489, 21.452425156397283 ], [ -99.776345866911356, 21.450842294715187 ], [ -99.776585027371368, 21.449799068551954 ], [ -99.77687972375702, 21.44928928419165 ], [ -99.776727291289262, 21.448839202148747 ], [ -99.776979669267462, 21.448234756092518 ], [ -99.777840404282642, 21.447604689121988 ], [ -99.778079117773416, 21.446552140457925 ], [ -99.777494817258514, 21.445263528192356 ], [ -99.777028341023083, 21.44323372921491 ], [ -99.77604558341045, 21.442387776110536 ], [ -99.776095276809883, 21.442057944751355 ], [ -99.776443561612837, 21.441850343511135 ], [ -99.7767224065542, 21.442113225266269 ], [ -99.777178778092548, 21.442042923392933 ], [ -99.778061478452287, 21.441472766261313 ], [ -99.778763028571973, 21.440875407859835 ], [ -99.779050509597369, 21.440317047523024 ], [ -99.779350186497197, 21.439806449040248 ], [ -99.779658547370389, 21.439287757221848 ], [ -99.779457842226748, 21.438924993808939 ], [ -99.779120811470648, 21.43866163315829 ], [ -99.778947179891247, 21.43825865847873 ], [ -99.779141515723381, 21.437779443620514 ], [ -99.779611567712607, 21.436809935452573 ], [ -99.779676314397193, 21.436616126405511 ], [ -99.779811171396432, 21.435733841088563 ], [ -99.780172322527449, 21.435263182498204 ], [ -99.780586758774916, 21.434813643203881 ], [ -99.780588147572189, 21.434396732662265 ], [ -99.780382286319252, 21.433771853727364 ], [ -99.779548050193739, 21.433707729607306 ], [ -99.779009595950299, 21.433614297076758 ], [ -99.778674656371663, 21.433280059878314 ], [ -99.778674177475978, 21.432797189450241 ], [ -99.778971699345618, 21.432401685542061 ], [ -99.779130900204507, 21.431749254147235 ], [ -99.779165125276108, 21.43140888708507 ], [ -99.779151572530964, 21.431068535985958 ], [ -99.779430098208763, 21.430758067971965 ], [ -99.779677320077781, 21.430468671364338 ], [ -99.779707522426463, 21.42991730290305 ], [ -99.779372119915365, 21.429462511720203 ], [ -99.777841457853128, 21.427961461368795 ], [ -99.776147572208856, 21.426980890712684 ], [ -99.775317917517668, 21.427181611819435 ], [ -99.774808612053107, 21.426836870844284 ], [ -99.774844178032538, 21.426043707997394 ], [ -99.775667000479871, 21.423913053607805 ], [ -99.776001125936148, 21.423535236910197 ], [ -99.776539516326636, 21.423218910406888 ], [ -99.776811912140886, 21.422976764831162 ], [ -99.776980291831876, 21.422808544771726 ], [ -99.777052397545219, 21.422575402433267 ], [ -99.777201461780578, 21.42174925964332 ], [ -99.777552013355773, 21.421025967663581 ], [ -99.77812309635226, 21.420317569337101 ], [ -99.778851097471716, 21.419488792621223 ], [ -99.779017896807375, 21.419147084651229 ], [ -99.77929493790873, 21.418692006131096 ], [ -99.779542766378938, 21.418328684006724 ], [ -99.779455256190658, 21.417475818842433 ], [ -99.779348622104919, 21.417032824454282 ], [ -99.779032215785548, 21.41578349759061 ], [ -99.779052600774833, 21.415065186125219 ], [ -99.779274185766269, 21.414571636325604 ], [ -99.779497239371153, 21.414464076374941 ], [ -99.779867186217814, 21.414458537149187 ], [ -99.780128503580499, 21.414469791195756 ], [ -99.780372277401284, 21.4145169464486 ], [ -99.780398760327614, 21.41436890385728 ], [ -99.780298735001224, 21.414002165610896 ], [ -99.779290069136778, 21.412908591557539 ], [ -99.779220389828026, 21.412595617323461 ], [ -99.778646688868605, 21.411692707569557 ], [ -99.777853621801228, 21.410762149576783 ], [ -99.777307648897079, 21.410336714693699 ], [ -99.777074059589268, 21.409746603578924 ], [ -99.775985322381416, 21.408105556082091 ], [ -99.77527156042413, 21.407910677501434 ], [ -99.774693485552064, 21.407841253603522 ], [ -99.773686048853108, 21.407859627230948 ], [ -99.772420327796908, 21.407150909640734 ], [ -99.772251293615227, 21.406435088432545 ], [ -99.772345875495148, 21.40603656748192 ], [ -99.77251704874368, 21.405474982581381 ], [ -99.772716987654462, 21.404640427192135 ], [ -99.772784751380982, 21.404061378565643 ], [ -99.772842490226537, 21.403080408829794 ], [ -99.772864072454695, 21.402508607489835 ], [ -99.772884633038984, 21.401666549402933 ], [ -99.77295464757492, 21.401501777391957 ], [ -99.773268627489699, 21.400762841489666 ], [ -99.774247649716813, 21.399794259186592 ], [ -99.774748558545525, 21.399674519324833 ], [ -99.775099684795293, 21.399278520557687 ], [ -99.775120708311988, 21.398947986818484 ], [ -99.775539725993895, 21.398561294588944 ], [ -99.775597385023445, 21.398064871415784 ], [ -99.777227960670189, 21.396695533316006 ], [ -99.778937330605061, 21.395131428377965 ], [ -99.779101448125516, 21.394928232977406 ], [ -99.779368177008337, 21.394597986575263 ], [ -99.779046135684325, 21.394399947283603 ], [ -99.779092492777693, 21.392066544462637 ], [ -99.779024377861106, 21.391521257975569 ], [ -99.778911534095869, 21.390186160910844 ], [ -99.780114886982631, 21.389139534589049 ], [ -99.779838324776676, 21.387000834753508 ], [ -99.779047077512246, 21.386823084672017 ], [ -99.778473871411904, 21.386341363593488 ], [ -99.778450932312921, 21.38583912982034 ], [ -99.778310216824252, 21.385582377928984 ], [ -99.777326102340567, 21.385283419372399 ], [ -99.777012729026751, 21.385182356438918 ], [ -99.776860695638675, 21.384991165354393 ], [ -99.776758052349692, 21.384878177920427 ], [ -99.776720123818507, 21.384573312985026 ], [ -99.776562886431691, 21.38418868000673 ], [ -99.776159624414731, 21.383349351624474 ], [ -99.775984731743733, 21.382495831969493 ], [ -99.776140005658533, 21.381936880994942 ], [ -99.776149918797273, 21.381339331035235 ], [ -99.776124026508796, 21.381026995328398 ], [ -99.775964745834187, 21.380760777267483 ], [ -99.775777784994034, 21.379994097347208 ], [ -99.775557125867351, 21.379621915654297 ], [ -99.775398164456305, 21.37882104258847 ], [ -99.775052816879906, 21.376768336438317 ], [ -99.774794851786226, 21.376291452205407 ], [ -99.774115729943901, 21.375640792724312 ], [ -99.773462819653446, 21.374951374626391 ], [ -99.772923503397976, 21.374597007849786 ], [ -99.772391721766667, 21.373562752997486 ], [ -99.771771472155763, 21.371135630308572 ], [ -99.769353703894353, 21.365888658616939 ], [ -99.770628587819601, 21.362653655023223 ], [ -99.774903146043357, 21.356290936412393 ], [ -99.776463978528284, 21.353296514002068 ], [ -99.77691667853378, 21.351972080346002 ], [ -99.777268714685022, 21.348698094650842 ], [ -99.777358842836122, 21.346058980845498 ], [ -99.777246557782405, 21.344189548039765 ], [ -99.77727227447582, 21.344082115794606 ], [ -99.777302891867464, 21.344025813635767 ], [ -99.77788787879922, 21.342263637480016 ], [ -99.780898950812912, 21.337645008734626 ], [ -99.784308080844994, 21.332517729015251 ], [ -99.784786274059172, 21.331301142647078 ], [ -99.784907706018771, 21.330148169576773 ], [ -99.784878381645171, 21.327868530767887 ], [ -99.788302437256391, 21.329929713369722 ], [ -99.787378583801683, 21.327529823877057 ], [ -99.787001779064724, 21.326550945570148 ], [ -99.786500309067833, 21.324729291512995 ], [ -99.78599783500033, 21.3237271390812 ], [ -99.780583197570422, 21.314058634304502 ], [ -99.780255078768619, 21.313472690132755 ], [ -99.779075528869612, 21.312524283149912 ], [ -99.778261442001053, 21.311090513481588 ], [ -99.777953343817387, 21.309758326398139 ], [ -99.777877426917826, 21.309095295433565 ], [ -99.777092570801642, 21.308207016498898 ], [ -99.775666606389336, 21.307574391132448 ], [ -99.775057891109441, 21.307600433577591 ], [ -99.773724910329122, 21.307637901114788 ], [ -99.772158087583875, 21.307577049607971 ], [ -99.77119369473246, 21.307451156024456 ], [ -99.770263602646764, 21.306760412015933 ], [ -99.757893575219327, 21.292140377371879 ], [ -99.756886062993885, 21.292077817987888 ], [ -99.755492887884543, 21.29214797860476 ], [ -99.752424733776422, 21.291783406877471 ], [ -99.734161157764902, 21.301443929300206 ], [ -99.733803924758433, 21.303981693672711 ], [ -99.734250533287707, 21.308280550136033 ], [ -99.735016836377554, 21.309753629837815 ], [ -99.735539461939084, 21.310497825214782 ], [ -99.736008397307842, 21.310955228247735 ], [ -99.736583033073828, 21.31174470059301 ], [ -99.737253123019912, 21.312884978764657 ], [ -99.731788186107224, 21.313192767863768 ], [ -99.718911038799206, 21.313917301963102 ], [ -99.71557540952972, 21.313757984512335 ], [ -99.715168683764091, 21.313757997609059 ], [ -99.714211121337769, 21.314010053027175 ], [ -99.713971093329917, 21.314285883313289 ], [ -99.713496784992344, 21.314770480344919 ], [ -99.710734771128216, 21.315048826524446 ], [ -99.709611349900513, 21.314872819478353 ], [ -99.707565308999278, 21.314545840905112 ], [ -99.703690699337812, 21.312177022465391 ], [ -99.701400096680914, 21.310541701166017 ], [ -99.69832286726637, 21.309649818865182 ], [ -99.695571829739094, 21.308914920596919 ], [ -99.692271301922858, 21.308333029770893 ], [ -99.690268757032868, 21.307963845344432 ], [ -99.685585612236991, 21.308304046351338 ], [ -99.684396217664812, 21.30770200311099 ], [ -99.6837537359213, 21.307376774115426 ], [ -99.678709778061375, 21.304872207868982 ], [ -99.67130261510016, 21.301193768258258 ], [ -99.673793673720581, 21.296597913817948 ], [ -99.678012732843911, 21.288813262880069 ], [ -99.698243778298718, 21.268169718777983 ], [ -99.698816877702313, 21.267521928435031 ], [ -99.699076309539919, 21.26669840860103 ], [ -99.698422312849004, 21.258099561977644 ], [ -99.697847937333563, 21.250546639670347 ], [ -99.69758179764807, 21.247615351180741 ], [ -99.696401049776057, 21.238268935152405 ], [ -99.695826025486724, 21.236850858849948 ], [ -99.692841341213239, 21.233312008479515 ], [ -99.692455809867965, 21.231893140528427 ], [ -99.69244835032049, 21.230295166192263 ], [ -99.692896614985614, 21.229404543700753 ], [ -99.693652457883047, 21.228987142622827 ], [ -99.710526149348254, 21.231698648010308 ], [ -99.712549177740527, 21.232163599344801 ], [ -99.714131030243379, 21.23280795635543 ], [ -99.71501796982102, 21.233396047915903 ], [ -99.715840331730078, 21.233688489311987 ], [ -99.717355918239491, 21.233682052428605 ], [ -99.718114852695408, 21.233915564788845 ], [ -99.718305448991941, 21.234151494224989 ], [ -99.718812076879942, 21.234445264750775 ], [ -99.720011341739109, 21.234321785356769 ], [ -99.720931805968632, 21.234082433249228 ], [ -99.721499003816348, 21.233843268100884 ], [ -99.722382518533379, 21.233721121920439 ], [ -99.724024396264667, 21.23371408437032 ], [ -99.729962737442406, 21.234161978177895 ], [ -99.732748331896005, 21.235570335494174 ], [ -99.737737749080281, 21.235666975384902 ], [ -99.738364535149174, 21.234717282729207 ], [ -99.739253000069766, 21.234337723530189 ], [ -99.739761399040219, 21.233656996788227 ], [ -99.740152643339343, 21.233175115346455 ], [ -99.740927254911526, 21.232636437517158 ], [ -99.74114200571546, 21.231372098483689 ], [ -99.74177907062915, 21.230753421209101 ], [ -99.742794015457946, 21.229948252973202 ], [ -99.74527883618191, 21.228294890222514 ], [ -99.745411701679984, 21.227779588701594 ], [ -99.745299486944077, 21.227368538384781 ], [ -99.745325719997595, 21.226926194278178 ], [ -99.745396213208664, 21.226518818269369 ], [ -99.746305874896677, 21.225880173078394 ], [ -99.746302681365933, 21.225406174377497 ], [ -99.746379601452645, 21.225167974024544 ], [ -99.746632628993268, 21.224983881332889 ], [ -99.747279405575853, 21.224734602779506 ], [ -99.747517414667584, 21.22461285243071 ], [ -99.747595690663388, 21.224428122762845 ], [ -99.747547529934934, 21.224072200812088 ], [ -99.747591883523, 21.223672447656213 ], [ -99.748089163247698, 21.222919488078844 ], [ -99.75586137923051, 21.231066219502168 ], [ -99.756453549596301, 21.23700478028519 ], [ -99.754353209298017, 21.246069683251221 ], [ -99.757013665883619, 21.252918337221956 ], [ -99.764108615858447, 21.256203992006249 ], [ -99.771181520672997, 21.25519602852205 ], [ -99.777024749306236, 21.257901309735473 ], [ -99.78341423818091, 21.26178422714213 ], [ -99.787420519092564, 21.258244007422945 ], [ -99.791991609468539, 21.253733401560623 ], [ -99.798647827226318, 21.252726252199011 ], [ -99.808635641818967, 21.251898050157877 ], [ -99.817392758586323, 21.254392856757363 ], [ -99.827141205197847, 21.259563013595709 ], [ -99.834640199385717, 21.257010627782563 ], [ -99.83268438977791, 21.253580617902742 ], [ -99.825223579531894, 21.248964990236516 ], [ -99.826508264853715, 21.243250664334084 ], [ -99.827217748677072, 21.243044084737846 ], [ -99.843758084167916, 21.238228534124119 ], [ -99.847566453493755, 21.24237476429181 ], [ -99.861545144523291, 21.240915505562668 ], [ -99.864882392326365, 21.235986392840232 ], [ -99.869405162136673, 21.236006059485987 ], [ -99.870808006964978, 21.23782535192305 ], [ -99.873874423346081, 21.238461883984087 ], [ -99.87801987131769, 21.233221521051689 ], [ -99.87898816628342, 21.232172707773316 ], [ -99.880087056077855, 21.229688069723522 ], [ -99.880653302228552, 21.220619048255344 ], [ -99.880722726126749, 21.219508154144762 ], [ -99.888115309713612, 21.195888608380869 ], [ -99.899909550415316, 21.198492507396736 ], [ -99.903588075182029, 21.202281848604173 ], [ -99.906064556043589, 21.208743858235039 ], [ -99.913798336778427, 21.21136846150398 ], [ -99.914636515811083, 21.21555380147862 ], [ -99.922351875028653, 21.215130936668459 ], [ -99.923537285293776, 21.20979190528044 ], [ -99.925152520318306, 21.208259487267526 ], [ -99.927154862614714, 21.203677733483119 ], [ -99.934847969150439, 21.199826375296084 ], [ -99.939731315417248, 21.201322860176276 ], [ -99.944565130557294, 21.200458567025123 ], [ -99.944693344230132, 21.200435642234709 ], [ -99.944567841411242, 21.200596957944299 ], [ -99.944729059673193, 21.208827258444956 ], [ -99.945026896257559, 21.209523164818563 ], [ -99.945362190004573, 21.209885369935989 ], [ -99.946308259628097, 21.210296173471704 ], [ -99.947085854597105, 21.210395828481808 ], [ -99.948028943288705, 21.210338524964016 ], [ -99.949026536458916, 21.210124874988253 ], [ -99.954714124861766, 21.205671821831629 ], [ -99.955094792001489, 21.207041006727593 ], [ -99.957327524069797, 21.215071136506992 ], [ -99.965049670805797, 21.216292469757548 ], [ -99.98141016474176, 21.218019536539941 ], [ -99.977673341376203, 21.228050389155669 ], [ -99.977429477983094, 21.228704961495623 ], [ -99.99999998946447, 21.228115570797399 ], [ -100.000325297290829, 21.228107056701162 ], [ -100.019210475250418, 21.226953820849644 ], [ -100.024837225783926, 21.198619912017136 ], [ -100.025074804455585, 21.19747169354747 ], [ -100.026793480928291, 21.194705592593493 ], [ -100.034239269815941, 21.194126368372054 ], [ -100.039662235638559, 21.192446498405502 ], [ -100.046658980090228, 21.190035322939991 ], [ -100.049401726902204, 21.190394957568401 ], [ -100.057516836235777, 21.191458648536411 ], [ -100.06473810290521, 21.207375158662842 ], [ -100.060556067310301, 21.211318815994048 ], [ -100.057554557245567, 21.213076921537322 ], [ -100.058009731544701, 21.217434919336938 ], [ -100.058214842527832, 21.217567621306159 ], [ -100.061930529592871, 21.220197460500401 ], [ -100.067944197168345, 21.224018408816903 ], [ -100.070912743253018, 21.218108565806574 ], [ -100.073802926055748, 21.216594042525742 ], [ -100.074371279347076, 21.214958199027706 ], [ -100.07435849283479, 21.213190100529516 ], [ -100.074054633580033, 21.211287799522665 ], [ -100.073892926500946, 21.208976601493987 ], [ -100.076505525453513, 21.209231996514688 ], [ -100.078676279367642, 21.208538044871659 ], [ -100.080408795923006, 21.207438883703219 ], [ -100.081560252490419, 21.206207371755681 ], [ -100.082701668213531, 21.203615812282692 ], [ -100.08326097037849, 21.200755863755433 ], [ -100.082954062154954, 21.198445623517955 ], [ -100.080891937725141, 21.194106302646617 ], [ -100.082193224760942, 21.193553944467851 ], [ -100.083202465300019, 21.192731409357975 ], [ -100.08593810849402, 21.189993563244229 ], [ -100.085775156286559, 21.187546326940321 ], [ -100.086909420502082, 21.184002659172904 ], [ -100.091098926868369, 21.18179940421112 ], [ -100.099518741505335, 21.182968994958401 ], [ -100.102702998129303, 21.182132188759851 ], [ -100.105305157158, 21.181027025433139 ], [ -100.107610177433457, 21.178971765173401 ], [ -100.110796317713096, 21.178406812040407 ], [ -100.109802561465017, 21.18126966586766 ], [ -100.109974931952763, 21.184940847568839 ], [ -100.109409084881463, 21.186848799543782 ], [ -100.106981291738634, 21.191897205158739 ], [ -100.105848480173108, 21.19557702294378 ], [ -100.106447802046489, 21.198157344333424 ], [ -100.105021746745024, 21.201431074617403 ], [ -100.100107846939181, 21.203775364331591 ], [ -100.098678583037554, 21.206640915937214 ], [ -100.098251583762249, 21.207731872027807 ], [ -100.096979381652432, 21.212228589918141 ], [ -100.096706395200272, 21.214542581504418 ], [ -100.095019980327265, 21.221898322056859 ], [ -100.095330161004028, 21.224616597304077 ], [ -100.093906755591661, 21.228298139113292 ], [ -100.108106377122169, 21.227985324510939 ], [ -100.11106711720879, 21.229887673407347 ], [ -100.115320556136794, 21.23271647775772 ], [ -100.117071701730822, 21.235065700096698 ], [ -100.117101840226951, 21.23547158007608 ], [ -100.11810057698932, 21.238612640317342 ], [ -100.122587764857087, 21.237415177846458 ], [ -100.13004391385266, 21.237552317581446 ], [ -100.133035031883139, 21.237909334247263 ], [ -100.133102795609773, 21.242325358229664 ], [ -100.130953033286175, 21.244077317946164 ], [ -100.130235168789682, 21.246181649041148 ], [ -100.13340989539131, 21.247137732169335 ], [ -100.135495693226801, 21.247123700528277 ], [ -100.137028765730406, 21.250588494191447 ], [ -100.139667672014411, 21.256060866076155 ], [ -100.140047867226713, 21.2602935368987 ], [ -100.140281680019314, 21.263925177786973 ], [ -100.147032431767116, 21.264300360558934 ], [ -100.15093515948837, 21.266254988891205 ], [ -100.147628289629097, 21.280963421027593 ], [ -100.150053592514837, 21.286097884180947 ], [ -100.152792572014732, 21.284680512852901 ], [ -100.155166377660919, 21.28541486732081 ], [ -100.159548862988458, 21.286770477080154 ], [ -100.163671292045137, 21.295040525101683 ], [ -100.166545064691775, 21.294530373588088 ], [ -100.168328966744582, 21.292152720814045 ], [ -100.169763019602215, 21.291129065517509 ], [ -100.172624356926804, 21.288237094838223 ], [ -100.174082689791135, 21.285656326479568 ], [ -100.172939294633011, 21.282490762747045 ], [ -100.173100746300975, 21.2801243640194 ], [ -100.171684779733596, 21.278264557015007 ], [ -100.169610746766466, 21.271870279184554 ], [ -100.171940350349189, 21.270164644635031 ], [ -100.173354066107152, 21.266606913300279 ], [ -100.17422710873916, 21.263053013130218 ], [ -100.173529772900906, 21.258972439548586 ], [ -100.174351046919128, 21.255956323167936 ], [ -100.173974587092346, 21.253931632410342 ], [ -100.174312208486299, 21.251057205272957 ], [ -100.17033828495363, 21.249902188914803 ], [ -100.162520505931468, 21.241170980398977 ], [ -100.160857748500973, 21.235945048187205 ], [ -100.157745709332744, 21.229715446588386 ], [ -100.15575179559869, 21.228208585636992 ], [ -100.153935536166955, 21.226362522936256 ], [ -100.153550248698082, 21.223155183544634 ], [ -100.149923859697992, 21.214175683626252 ], [ -100.152571944814326, 21.213193867841483 ], [ -100.153873231850298, 21.21054061065297 ], [ -100.155601821461687, 21.208949464077079 ], [ -100.157759820789806, 21.20842788292191 ], [ -100.160765066240231, 21.208641326688223 ], [ -100.161900815032254, 21.208061559718487 ], [ -100.165872232344668, 21.209047813268796 ], [ -100.169814325283596, 21.206317390036759 ], [ -100.169797037152762, 21.204121238693119 ], [ -100.170483071054889, 21.199723875675545 ], [ -100.173912282775348, 21.196412951167133 ], [ -100.178657930595648, 21.2082833203051 ], [ -100.180490456514406, 21.212156292646512 ], [ -100.184108416951858, 21.213989345350285 ], [ -100.185028151904248, 21.216348177527493 ], [ -100.181459773123947, 21.220765781865452 ], [ -100.180234838009085, 21.225335978302951 ], [ -100.195712280691282, 21.22303068665326 ], [ -100.200748953364155, 21.221981234847647 ], [ -100.207207562836459, 21.218556301261117 ], [ -100.210786126129619, 21.21548958157922 ], [ -100.214360299546399, 21.211916094579351 ], [ -100.218523354912634, 21.214251365093389 ], [ -100.219077772342246, 21.215936806211801 ], [ -100.219840030460148, 21.220999658510607 ], [ -100.218961448602272, 21.223709138042011 ], [ -100.216993347341031, 21.225412777193185 ], [ -100.216649643972687, 21.227442544244013 ], [ -100.218297587566212, 21.230640656913806 ], [ -100.219583869206701, 21.233672353364284 ], [ -100.219622771492084, 21.238402580746538 ], [ -100.217844488481092, 21.241287463770902 ], [ -100.220431115329291, 21.249040160881691 ], [ -100.231115036594986, 21.255213444358617 ], [ -100.234398185159137, 21.259919902556021 ], [ -100.236960723558809, 21.264631500899327 ], [ -100.237709812047854, 21.268004905319685 ], [ -100.237800227536013, 21.278816595929982 ], [ -100.246133856929418, 21.283823369554682 ], [ -100.245458454509276, 21.289234522619324 ], [ -100.242073365036276, 21.29398997183597 ], [ -100.244294802067316, 21.300900195817064 ], [ -100.247409985983211, 21.313288586319288 ], [ -100.260652263293935, 21.318580334749186 ], [ -100.278950672401777, 21.321454442622837 ], [ -100.29076904944128, 21.318510415992307 ], [ -100.299041029008265, 21.316385715871434 ], [ -100.303901180765138, 21.311116204160328 ], [ -100.308148793130272, 21.313144231223987 ], [ -100.315697193380572, 21.324817407119383 ], [ -100.321809385742654, 21.327147537487122 ], [ -100.325685247420836, 21.32537310160393 ], [ -100.326077399060182, 21.323350102944175 ], [ -100.326586401224404, 21.318840167535541 ], [ -100.328485461704304, 21.316121636877369 ], [ -100.328328399912493, 21.313934233359873 ], [ -100.327760429737395, 21.311878893284302 ], [ -100.331991200940763, 21.308755616032897 ], [ -100.334555990149738, 21.30371447366764 ], [ -100.341797913182745, 21.299408420076816 ], [ -100.34877539006834, 21.296262938033067 ], [ -100.35220819350576, 21.296106578621448 ], [ -100.355911046168842, 21.295433139673264 ], [ -100.359764240122331, 21.296174517942973 ], [ -100.362974644445615, 21.30168432350024 ], [ -100.363284984753989, 21.30554396658107 ], [ -100.370088973728798, 21.29853675027897 ], [ -100.370859213439928, 21.298367779950013 ], [ -100.373526661901337, 21.298894996109993 ], [ -100.375862985985407, 21.299004631274784 ], [ -100.379430822017355, 21.298589157420167 ], [ -100.382316630906701, 21.298694290966296 ], [ -100.385331342526797, 21.29789707347021 ], [ -100.390698133896137, 21.298882688493222 ], [ -100.403206551597862, 21.29968001773176 ], [ -100.405121048479145, 21.298762884778682 ], [ -100.406617357764162, 21.297205516305382 ], [ -100.411004185078696, 21.296267631209787 ], [ -100.41376489047542, 21.297660610788739 ], [ -100.415707658160102, 21.299704042327392 ], [ -100.419032789904634, 21.302636958580024 ], [ -100.419464626025388, 21.304693176630963 ], [ -100.421126649149301, 21.306095207336512 ], [ -100.422655092328682, 21.307884600725345 ], [ -100.424474304949968, 21.311345100291362 ], [ -100.425044940977216, 21.313528848239173 ], [ -100.431467808874743, 21.309998397990057 ], [ -100.434074102368754, 21.309589947937411 ], [ -100.436546704175839, 21.309568844604996 ], [ -100.441498229212243, 21.310170193803174 ], [ -100.443721374304175, 21.312725868032601 ], [ -100.444564501924788, 21.314649655488495 ], [ -100.448148732148979, 21.31590622963904 ], [ -100.449545271518446, 21.318211377619946 ], [ -100.450256112212571, 21.320651254894926 ], [ -100.456357976393349, 21.326391568864665 ], [ -100.457990371843096, 21.33182032932416 ], [ -100.462748997733854, 21.3335452314397 ], [ -100.465928209990693, 21.335448617943257 ], [ -100.467052912257657, 21.338013502931517 ], [ -100.467481699409632, 21.339683236274425 ], [ -100.467523985890693, 21.343931135976788 ], [ -100.468248171808796, 21.347658077088454 ], [ -100.467328644377687, 21.351914373426951 ], [ -100.471077183680563, 21.355743670490199 ], [ -100.46724250702357, 21.357064512429304 ], [ -100.463272957403831, 21.358644005879114 ], [ -100.459281602071428, 21.358035042241227 ], [ -100.456415044784933, 21.359990931665152 ], [ -100.45106343440591, 21.360809699462891 ], [ -100.448598766302382, 21.361732132193993 ], [ -100.439746237569295, 21.355886429266718 ], [ -100.437124076667999, 21.354750281395297 ], [ -100.435061680863612, 21.354639209543677 ], [ -100.421191778950174, 21.35565831533188 ], [ -100.415826551973055, 21.355059935286647 ], [ -100.412368989633421, 21.352771835988676 ], [ -100.409204878550952, 21.352412153470993 ], [ -100.406843061257916, 21.349728470449008 ], [ -100.401750405689882, 21.348869890463959 ], [ -100.398039172353947, 21.348772099983535 ], [ -100.391272170082175, 21.345223643260056 ], [ -100.387668145506609, 21.341906237697742 ], [ -100.383397849453559, 21.340782844412104 ], [ -100.380236436149573, 21.340680121307059 ], [ -100.378184975128136, 21.341726843408082 ], [ -100.376589103449078, 21.347404374165592 ], [ -100.374256706308756, 21.347809743323069 ], [ -100.372191995842513, 21.347440355187871 ], [ -100.371485768509388, 21.345386356019958 ], [ -100.370121331107725, 21.346427379263218 ], [ -100.368759144515764, 21.347725904667755 ], [ -100.368361325945386, 21.349273950640054 ], [ -100.368116402775058, 21.35249444369731 ], [ -100.368162999316496, 21.357514897772717 ], [ -100.364312918184396, 21.363525149226234 ], [ -100.367900245266867, 21.366655897249018 ], [ -100.380143482514541, 21.379014340813512 ], [ -100.390101414022183, 21.400788749741366 ], [ -100.401636173127542, 21.404933543222228 ], [ -100.406267380863824, 21.415659862711209 ], [ -100.403536638367939, 21.42155471628962 ], [ -100.411890987977358, 21.420832046874295 ], [ -100.420321050980249, 21.427937516589111 ], [ -100.425698713279644, 21.44355000782889 ], [ -100.44251219485443, 21.452539899781698 ], [ -100.449642152097283, 21.463338053609846 ], [ -100.445792757382208, 21.467190976189045 ], [ -100.437790874930442, 21.46856479994409 ], [ -100.429760194890207, 21.467002642514899 ], [ -100.419667390420102, 21.46839348302683 ], [ -100.426009660189152, 21.475516192983207 ], [ -100.436512207729891, 21.480319388090493 ], [ -100.438721816039902, 21.49237014123571 ], [ -100.444055962692801, 21.503089021879759 ], [ -100.45915092742672, 21.513722627181664 ], [ -100.465232550286942, 21.521904143370989 ], [ -100.475269627273121, 21.540142419155359 ], [ -100.47688005737831, 21.543057472602356 ], [ -100.472208638375321, 21.54313891677981 ], [ -100.471748132371658, 21.543129434647028 ], [ -100.468507589552416, 21.543054136296348 ], [ -100.465989013767967, 21.542913708144738 ], [ -100.464346481694861, 21.543153986027846 ], [ -100.464273913049112, 21.543168177300572 ], [ -100.461530336151327, 21.545023785986984 ], [ -100.461080270071648, 21.545334876565164 ], [ -100.460908809485488, 21.545808376602736 ], [ -100.46079178336538, 21.546656277215959 ], [ -100.460197218521728, 21.547603229401261 ], [ -100.459875129308045, 21.54810062632879 ], [ -100.459780036606219, 21.548668309166771 ], [ -100.459676164151688, 21.549021526594004 ], [ -100.459904054602021, 21.549272467885544 ], [ -100.459893486972305, 21.549782938663043 ], [ -100.460367769206073, 21.550533080722062 ], [ -100.461041000632918, 21.550992389486794 ], [ -100.461183328403649, 21.551223759911636 ], [ -100.461495089435573, 21.55132265185199 ], [ -100.462054918385604, 21.551304182445335 ], [ -100.462368882337273, 21.551622121230366 ], [ -100.462621435910592, 21.551983495846059 ], [ -100.462966176885914, 21.552240183884749 ], [ -100.463529485810511, 21.55259881283223 ], [ -100.464139726503674, 21.552972846254818 ], [ -100.464845969799853, 21.553621558227121 ], [ -100.464316039898222, 21.55406434509365 ], [ -100.464049167346502, 21.55405088812762 ], [ -100.462859255462831, 21.554002615451623 ], [ -100.461743684138696, 21.554389547128721 ], [ -100.461062630750462, 21.554716217777127 ], [ -100.460564036583776, 21.554975779189306 ], [ -100.459255901341066, 21.554783997466757 ], [ -100.458137105453261, 21.554879600990603 ], [ -100.456636118954407, 21.55561992569028 ], [ -100.455801850902617, 21.556166968127741 ], [ -100.455381220938762, 21.556256473714484 ], [ -100.458002583680695, 21.56444716873591 ], [ -100.458195865942514, 21.564903157157914 ], [ -100.457046388810454, 21.566227894114661 ], [ -100.450411050900755, 21.57117675329863 ], [ -100.435412663444936, 21.56920498050431 ], [ -100.417823035780145, 21.55744622596626 ], [ -100.40417114310435, 21.565501409497813 ], [ -100.392668422114298, 21.56349630556997 ], [ -100.37432945054951, 21.551271936808632 ], [ -100.378239281888625, 21.542365771768857 ], [ -100.373203582970177, 21.537736894657883 ], [ -100.366738332812361, 21.539459593853621 ], [ -100.357117671508661, 21.543089829981341 ], [ -100.331707950159853, 21.534257622384587 ], [ -100.312602665827967, 21.519909575146073 ], [ -100.278342171696295, 21.507584877757722 ], [ -100.263551928229049, 21.496228970193954 ], [ -100.246916563888931, 21.483099249311181 ], [ -100.23836141335687, 21.48637617223261 ], [ -100.241753766079739, 21.506835581747453 ], [ -100.237141410866684, 21.51972285375399 ], [ -100.237834644166071, 21.525541706601359 ], [ -100.243016230646049, 21.529118146790665 ], [ -100.263708910204969, 21.539204917176392 ], [ -100.280260898822121, 21.538571817200364 ], [ -100.281956396748001, 21.545337542417258 ], [ -100.310562107662861, 21.55539254606208 ], [ -100.325695415970699, 21.557601020985544 ], [ -100.341008373979321, 21.574143798844034 ], [ -100.34917834878479, 21.613161290621235 ], [ -100.356596297875058, 21.627884297147034 ], [ -100.342291191608297, 21.633252477313704 ], [ -100.333980852503885, 21.655347123725733 ], [ -100.343369760266171, 21.669841665126455 ], [ -100.344222641393685, 21.671785821608296 ], [ -100.341721736856869, 21.67219620320634 ], [ -100.33779043503182, 21.675934877259863 ], [ -100.336768455870185, 21.678284323083346 ], [ -100.337419769841972, 21.681010484144679 ], [ -100.335141807167474, 21.682979814571411 ], [ -100.335377998474655, 21.686251437715043 ], [ -100.334721352798567, 21.686060310483299 ], [ -100.334343232800506, 21.686225960469471 ], [ -100.333637356657277, 21.686154860436943 ], [ -100.33336165646358, 21.686059911403618 ], [ -100.33174292550143, 21.685727254560391 ], [ -100.330059208407079, 21.685210063281602 ], [ -100.327798837164096, 21.684451333028051 ], [ -100.326518637497713, 21.683964743177683 ], [ -100.324914911930762, 21.683141984583074 ], [ -100.324822756455433, 21.683104343389459 ], [ -100.323760613916079, 21.682681478579411 ], [ -100.322807292419498, 21.682269037730123 ], [ -100.322078125987218, 21.682094192948625 ], [ -100.320890704360579, 21.68217365769101 ], [ -100.317857603149605, 21.682513960900394 ], [ -100.312955899218423, 21.682925459921762 ], [ -100.308039078149363, 21.683269179252989 ], [ -100.306666036590514, 21.683365820383983 ], [ -100.30317356276214, 21.683849488971134 ], [ -100.301027312339443, 21.684146372313421 ], [ -100.298643737223131, 21.684280223632072 ], [ -100.296203061789015, 21.684416756766154 ], [ -100.293424748997438, 21.684589749818088 ], [ -100.291479570871616, 21.684711054072011 ], [ -100.288906081725884, 21.68495690310715 ], [ -100.288219552964847, 21.685023214183786 ], [ -100.283338393654503, 21.685765661987148 ], [ -100.277296343533862, 21.686492082751215 ], [ -100.277142905385233, 21.686516266978799 ], [ -100.273982497762006, 21.687014398213023 ], [ -100.272135461306732, 21.68734700716675 ], [ -100.271884903131763, 21.687224729158231 ], [ -100.271735647338062, 21.687081331854017 ], [ -100.271663589514162, 21.686822169521406 ], [ -100.271589456476363, 21.686703052224004 ], [ -100.271493517725332, 21.68637181610444 ], [ -100.271343958631519, 21.686228418800056 ], [ -100.271145935303025, 21.685965712640154 ], [ -100.271024231969307, 21.685657255987735 ], [ -100.27094634758248, 21.685592365634761 ], [ -100.270824628285425, 21.685489403081931 ], [ -100.27057619321431, 21.685227080038487 ], [ -100.270328221075317, 21.684917330367966 ], [ -100.270205320502669, 21.684678888251426 ], [ -100.27003358854239, 21.684348226806492 ], [ -100.269966431416833, 21.684199689356262 ], [ -100.2698623195148, 21.683967887925405 ], [ -100.269638850867125, 21.683730212041837 ], [ -100.269490473048734, 21.683514533429275 ], [ -100.268770293890555, 21.682704784831628 ], [ -100.268445235524212, 21.682488212280816 ] ] ] ] } },
{ "type": "Feature", "properties": { "NUM_ANP": 3, "ID_ANP": "ANP00607003", "ID_DOF": "6.7.01.003", "NOMBRE": "Nevado de Toluca", "CAT_MANEJO": "APFF", "ESTADOS": "Estado de México", "REGION": "Centro y Eje Neovolcánico", "SUPERFICIE": 53590.67863, "S_TERRES": 53590.67863, "S_MARINA": 0.0, "PRIM_DEC": "1936-01-25", "ULT_DOF": "2013-10-01", "PM": "2016-10-21", "CERT_SINAP": null }, "geometry": { "type": "MultiPolygon", "coordinates": [ [ [ [ -99.871315185349602, 19.30181272857368 ], [ -99.871219533119984, 19.301722819422594 ], [ -99.870298688946093, 19.302170003665651 ], [ -99.8701505675254, 19.302956891245685 ], [ -99.869971694672586, 19.303328243123815 ], [ -99.86943201559319, 19.303863971980832 ], [ -99.869204454640453, 19.304027713979451 ], [ -99.868928542076901, 19.304047100776131 ], [ -99.868785349887503, 19.303966453241799 ], [ -99.868679941642768, 19.303831406359166 ], [ -99.868688982091896, 19.303740997633668 ], [ -99.868522128852646, 19.302783915085342 ], [ -99.868445226245171, 19.302639695816652 ], [ -99.868134232637885, 19.301421237739987 ], [ -99.86813270724349, 19.301132074636371 ], [ -99.868205699744749, 19.300535313630235 ], [ -99.86853489544535, 19.299792748711354 ], [ -99.868856002143218, 19.299321318966861 ], [ -99.86887274686967, 19.298887483707631 ], [ -99.868832483783137, 19.298471992871725 ], [ -99.868717371255798, 19.298300845689596 ], [ -99.867993969659835, 19.298286213073425 ], [ -99.867611472119791, 19.29794464113985 ], [ -99.867582444318657, 19.297854413295113 ], [ -99.867607661721934, 19.297221732988191 ], [ -99.867808558951367, 19.295612267209947 ], [ -99.867863707986658, 19.29524150533291 ], [ -99.867565394772726, 19.29461939880963 ], [ -99.86753541531067, 19.294348443797787 ], [ -99.867618163071597, 19.293796819188344 ], [ -99.867551116015761, 19.293715808483512 ], [ -99.867379954184401, 19.293743731288203 ], [ -99.867247288404428, 19.293852800362004 ], [ -99.867039343530848, 19.294124885269127 ], [ -99.866888642520962, 19.29442380796354 ], [ -99.86664743304766, 19.29560874518603 ], [ -99.866497158151049, 19.295988994795096 ], [ -99.866092916669515, 19.29693975375875 ], [ -99.865875781757495, 19.297275137113957 ], [ -99.865620197193266, 19.297538409864558 ], [ -99.86517374601226, 19.297703184393868 ], [ -99.864982690489626, 19.297568540863949 ], [ -99.864952192198757, 19.297198185425202 ], [ -99.865340131326832, 19.294955274457834 ], [ -99.865516393685084, 19.294086926922432 ], [ -99.865752084108408, 19.293661090176499 ], [ -99.865901408368472, 19.293100113894013 ], [ -99.865993250301642, 19.292467117386707 ], [ -99.8658973213781, 19.292322986864065 ], [ -99.865763325263799, 19.292179036747882 ], [ -99.865659067593299, 19.292260860244141 ], [ -99.865262826664264, 19.292922408892707 ], [ -99.865035988151135, 19.293221690896871 ], [ -99.86373648624965, 19.294050171403796 ], [ -99.863061445654239, 19.294179875273358 ], [ -99.862949041985758, 19.2945237969044 ], [ -99.862855813967826, 19.294894737630557 ], [ -99.862896108123891, 19.295319266931358 ], [ -99.862898760618748, 19.295825303380695 ], [ -99.862636450055447, 19.296621762599614 ], [ -99.862287299306331, 19.297192716883501 ], [ -99.861675591700077, 19.298514946703847 ], [ -99.861601204173382, 19.298849651532521 ], [ -99.861594004814378, 19.299292478321831 ], [ -99.861529417928693, 19.299681356384156 ], [ -99.861390678730515, 19.300450120968947 ], [ -99.861165383586354, 19.301047598606999 ], [ -99.860909029254003, 19.301166283345481 ], [ -99.85952967072518, 19.301299295242075 ], [ -99.859367261767886, 19.301182584172125 ], [ -99.859089323794024, 19.300813392102839 ], [ -99.859001875292051, 19.300470413126277 ], [ -99.858969455962267, 19.299729565124835 ], [ -99.859062317772498, 19.299286335167892 ], [ -99.859571908534122, 19.298452570189056 ], [ -99.859576234840063, 19.297458524602803 ], [ -99.859534202615521, 19.296699648596132 ], [ -99.859340463806006, 19.29604992566982 ], [ -99.859357799754321, 19.295724526651668 ], [ -99.859470636330684, 19.295461934315711 ], [ -99.859534613544497, 19.294955583821547 ], [ -99.858848916849695, 19.294868444167662 ], [ -99.858744182564294, 19.294859900134099 ], [ -99.858649389479183, 19.294932638673231 ], [ -99.858592805782337, 19.295032307305291 ], [ -99.858537447289336, 19.295366921694324 ], [ -99.858568119191148, 19.295773424350898 ], [ -99.858475257616476, 19.296216654200009 ], [ -99.858239544588969, 19.29664248230506 ], [ -99.858059378799226, 19.296769841406103 ], [ -99.857774053379558, 19.296807328413195 ], [ -99.857459423287082, 19.296700367029985 ], [ -99.85741230835265, 19.296790954258029 ], [ -99.857130229395125, 19.297451950297784 ], [ -99.856602723089395, 19.298502671269148 ], [ -99.856186644320701, 19.299019709026823 ], [ -99.85616873794379, 19.299236671352787 ], [ -99.856075633288071, 19.299634718252605 ], [ -99.855791570994484, 19.299916184559208 ], [ -99.855582800792888, 19.300034638841169 ], [ -99.85533544438232, 19.300053871092132 ], [ -99.854572744763686, 19.299804418006772 ], [ -99.854266971366485, 19.299570897405147 ], [ -99.853833395799256, 19.298551789569501 ], [ -99.853765743934957, 19.298353300664189 ], [ -99.853764384656472, 19.298091245521277 ], [ -99.853858056744627, 19.297801636166639 ], [ -99.854131992231146, 19.29740274434522 ], [ -99.854563214443147, 19.296135602129539 ], [ -99.854592557636693, 19.294454656322102 ], [ -99.854591666404474, 19.29428296498628 ], [ -99.854515108360147, 19.294201993796321 ], [ -99.854381729872557, 19.294175508060277 ], [ -99.854182060727624, 19.294212588561948 ], [ -99.853736730423975, 19.294594208586432 ], [ -99.853254407126315, 19.295183842407994 ], [ -99.852585997721519, 19.296596675282331 ], [ -99.852254535662382, 19.296914503951314 ], [ -99.850917335525651, 19.297833438090038 ], [ -99.850546211220376, 19.29784420392258 ], [ -99.850326801972017, 19.297745823175433 ], [ -99.850240633716908, 19.297646821741353 ], [ -99.850211008609449, 19.29743911764939 ], [ -99.850615624605098, 19.296542608681364 ], [ -99.851115687457025, 19.295699873682963 ], [ -99.851446728824669, 19.295300719516149 ], [ -99.852006411218611, 19.294945681184629 ], [ -99.852233603802404, 19.29470966915801 ], [ -99.852790614416733, 19.293839554268686 ], [ -99.853128449221572, 19.292916242161766 ], [ -99.85219368674143, 19.292513959027644 ], [ -99.852051026854895, 19.292532697895751 ], [ -99.851576490688274, 19.292787936417255 ], [ -99.851501009663536, 19.292914800949973 ], [ -99.851464717800866, 19.293258361441872 ], [ -99.851389703775112, 19.293475589879222 ], [ -99.851171327770487, 19.29357601058706 ], [ -99.850971284825221, 19.293540796416835 ], [ -99.850789762211207, 19.293406092993109 ], [ -99.850741757228661, 19.293324987110964 ], [ -99.85071250602806, 19.293189574169105 ], [ -99.850925137602303, 19.291977677238378 ], [ -99.851056832415907, 19.291678855305292 ], [ -99.851205785342188, 19.29103656148294 ], [ -99.851307433637658, 19.290448707722419 ], [ -99.851014084961378, 19.288931923191342 ], [ -99.850874921999605, 19.287784920997012 ], [ -99.850702502539889, 19.287568845210046 ], [ -99.850579673298, 19.287741112975937 ], [ -99.850044361971754, 19.28912620770609 ], [ -99.849857105747503, 19.289723495941132 ], [ -99.849698212057774, 19.290284505570469 ], [ -99.849711086129446, 19.290935082191652 ], [ -99.849655850376053, 19.291296803878197 ], [ -99.849411163088348, 19.291831102502385 ], [ -99.84889169568612, 19.292601630335582 ], [ -99.848759250883973, 19.292755868433403 ], [ -99.848493941422021, 19.292983016745836 ], [ -99.847355723188116, 19.293729304393366 ], [ -99.847326614182521, 19.293621000023279 ], [ -99.847684955735417, 19.292977737022682 ], [ -99.847899052066168, 19.292045971282732 ], [ -99.847850862777989, 19.291928718941563 ], [ -99.847632067778363, 19.2919478077946 ], [ -99.84704378813052, 19.292293928821152 ], [ -99.846720585477499, 19.29236772055566 ], [ -99.846292510779904, 19.292405851244155 ], [ -99.846244415388639, 19.292306671259723 ], [ -99.84626252029733, 19.292125854904953 ], [ -99.846706561187148, 19.29149123319371 ], [ -99.84716160321301, 19.291145731368317 ], [ -99.847341957921856, 19.291054528481482 ], [ -99.847598819066661, 19.291035263356719 ], [ -99.847788504112486, 19.290907870252965 ], [ -99.847996198690453, 19.290581587673557 ], [ -99.848465659651765, 19.289341390279844 ], [ -99.848492626813766, 19.289034019864175 ], [ -99.848506026727989, 19.287940526290413 ], [ -99.848268738026547, 19.286215633148174 ], [ -99.848085039034345, 19.285656215277015 ], [ -99.847999064806231, 19.285593358004235 ], [ -99.847789841234885, 19.285621438972726 ], [ -99.847457321402317, 19.285731421362641 ], [ -99.846612070112826, 19.286069695805622 ], [ -99.846589646526354, 19.285410125830424 ], [ -99.846237489682494, 19.285402720830803 ], [ -99.845933333009157, 19.285476422558702 ], [ -99.844899139678432, 19.286086662927687 ], [ -99.844823748945316, 19.286231597705864 ], [ -99.844558814632421, 19.286531031607524 ], [ -99.843477766852345, 19.28728606699957 ], [ -99.842908388675198, 19.287604977428828 ], [ -99.8428225540016, 19.287569226957658 ], [ -99.843019859302956, 19.287071301625929 ], [ -99.843746156801728, 19.285802819663957 ], [ -99.84399219741465, 19.285530584098865 ], [ -99.844343520828488, 19.285375337878691 ], [ -99.844419143257255, 19.285275585379281 ], [ -99.844850181653726, 19.283963280700334 ], [ -99.844971855619349, 19.283565106113883 ], [ -99.844818481085838, 19.283348936184268 ], [ -99.844618312728755, 19.28328660523016 ], [ -99.844484759149111, 19.283223966153514 ], [ -99.844236175622541, 19.282999199109952 ], [ -99.844272712822033, 19.282700821294327 ], [ -99.844430229450552, 19.281868722833622 ], [ -99.844560770864689, 19.281343994555016 ], [ -99.84500265931041, 19.280293701668938 ], [ -99.844505454445141, 19.279835131772586 ], [ -99.839381901289016, 19.27536752442802 ], [ -99.836829629658155, 19.273111027450852 ], [ -99.836477452917222, 19.273094566169107 ], [ -99.835756129793765, 19.273468368878412 ], [ -99.834984523148364, 19.27330923551898 ], [ -99.834972260788504, 19.272767091807339 ], [ -99.835109046199591, 19.271591700753902 ], [ -99.835155251392166, 19.271320389754806 ], [ -99.835249263858145, 19.271094043621474 ], [ -99.835125330882363, 19.271049426543073 ], [ -99.8350398727124, 19.271085963601081 ], [ -99.834436036832358, 19.272109864086758 ], [ -99.834352361800939, 19.272498822596788 ], [ -99.834267497270389, 19.272652833238681 ], [ -99.8336898676842, 19.273215741948547 ], [ -99.833348485845647, 19.273452252010429 ], [ -99.833044618373151, 19.27358015050396 ], [ -99.832234767476223, 19.273385033099089 ], [ -99.832062798137542, 19.273250266026707 ], [ -99.831965769787928, 19.27288020432951 ], [ -99.831815280598278, 19.271344655555708 ], [ -99.831850425124401, 19.270766148765176 ], [ -99.832009957080572, 19.270322625903134 ], [ -99.83252875508424, 19.269416596953363 ], [ -99.832982673545928, 19.268854255714189 ], [ -99.833179714989683, 19.268302120953308 ], [ -99.83327286094277, 19.267904082947894 ], [ -99.83326156436533, 19.267551704290838 ], [ -99.832086750013559, 19.26856916223079 ], [ -99.831348044822903, 19.269268346720651 ], [ -99.830950484604159, 19.269685841167302 ], [ -99.830704171075297, 19.269903840762538 ], [ -99.830114929321155, 19.270051104203787 ], [ -99.829820217050496, 19.270106662290459 ], [ -99.829620069976443, 19.270044313998767 ], [ -99.829543080833048, 19.269872966555738 ], [ -99.829626266023183, 19.269384608604128 ], [ -99.82920253419735, 19.268383459976633 ], [ -99.829107287745501, 19.268365818601183 ], [ -99.828975478451071, 19.268646553322185 ], [ -99.82851262119658, 19.269326402369245 ], [ -99.828134720176763, 19.269870315315245 ], [ -99.827794108036755, 19.270260435155876 ], [ -99.826685487446582, 19.271205266619233 ], [ -99.826201544118874, 19.271478554966734 ], [ -99.825602821676853, 19.271634883682054 ], [ -99.825317303833174, 19.271627136346126 ], [ -99.824321719525017, 19.272345526630261 ], [ -99.82398050595765, 19.272618165564097 ], [ -99.823601453691822, 19.272936157804111 ], [ -99.823411633585977, 19.273036416528612 ], [ -99.822357674592297, 19.273502032362671 ], [ -99.821854369851735, 19.273712139899374 ], [ -99.820856462215545, 19.273969651486709 ], [ -99.82038080216023, 19.273998897158378 ], [ -99.81998054982779, 19.27388321630059 ], [ -99.819665222030153, 19.273622566696645 ], [ -99.819540527085621, 19.273424318682373 ], [ -99.819539583550863, 19.273234552432598 ], [ -99.819678142340933, 19.272393518968897 ], [ -99.819903600233204, 19.27180512294774 ], [ -99.819949920555189, 19.271551887843202 ], [ -99.819715161649583, 19.270269730535631 ], [ -99.819676694526891, 19.270188572791596 ], [ -99.819457923630466, 19.270207626989816 ], [ -99.818850490690238, 19.270526633192276 ], [ -99.818604249022371, 19.270762690087565 ], [ -99.818189235090074, 19.271505557015871 ], [ -99.817991242543201, 19.271876947572935 ], [ -99.81777394853134, 19.272194204120694 ], [ -99.817574475199024, 19.272267389981664 ], [ -99.817507013034913, 19.272095994522601 ], [ -99.817726292597399, 19.270260564635237 ], [ -99.818016481396683, 19.269292339886306 ], [ -99.818752283736387, 19.26799679851257 ], [ -99.819566264780008, 19.267116591946774 ], [ -99.819727354519443, 19.266980319333186 ], [ -99.819784043161746, 19.266898734901304 ], [ -99.819631660503887, 19.266872308008487 ], [ -99.818642542668329, 19.266976143207046 ], [ -99.817768147289087, 19.267187900377451 ], [ -99.817018167820379, 19.267543684680788 ], [ -99.816800250533845, 19.267734429082736 ], [ -99.816192731541037, 19.268035353390815 ], [ -99.81587876250785, 19.26804579150695 ], [ -99.815754702432116, 19.267974051494946 ], [ -99.815553445221667, 19.267685774931294 ], [ -99.815543125130034, 19.267523160328437 ], [ -99.815674420440246, 19.267133996411133 ], [ -99.815825193254284, 19.266835112517697 ], [ -99.816042618631911, 19.266544967732727 ], [ -99.816640169540904, 19.26615372155095 ], [ -99.817152750371974, 19.265898403775111 ], [ -99.817616856335576, 19.265462567369582 ], [ -99.817832797839628, 19.264874216088288 ], [ -99.818191871583053, 19.264366554466221 ], [ -99.818694301007895, 19.263984764198881 ], [ -99.819120785177461, 19.263639459625722 ], [ -99.819724734320687, 19.262624642905621 ], [ -99.820459686241293, 19.261166438353143 ], [ -99.820686611316432, 19.260876245755355 ], [ -99.821084852861532, 19.260594320512382 ], [ -99.820922106281841, 19.260396243734988 ], [ -99.819657089613827, 19.260501321454342 ], [ -99.81921337942714, 19.261208172340957 ], [ -99.818466568966471, 19.26219651681356 ], [ -99.818248929232425, 19.262441481740836 ], [ -99.817955032367536, 19.262659677429554 ], [ -99.817603595139417, 19.262787762912922 ], [ -99.817175453115908, 19.262798713379027 ], [ -99.816490309359494, 19.262792737130212 ], [ -99.81634708837305, 19.262693972796797 ], [ -99.816393591128303, 19.26247688426082 ], [ -99.816573038606066, 19.262204981881666 ], [ -99.816601181626879, 19.262123525861227 ], [ -99.81666232954143, 19.261020774662086 ], [ -99.815688207898688, 19.260302185417061 ], [ -99.815564466620685, 19.260293700568695 ], [ -99.815024247819167, 19.26072987092931 ], [ -99.814512928663078, 19.2612382047339 ], [ -99.813972748557887, 19.261683408671274 ], [ -99.813858833616337, 19.261738135938572 ], [ -99.813583026241247, 19.261766473320108 ], [ -99.812782724117653, 19.261562187644074 ], [ -99.812487708318315, 19.261554461887329 ], [ -99.812402472080976, 19.261636170983024 ], [ -99.812613810122343, 19.262041884088603 ], [ -99.812691223245452, 19.262303604735735 ], [ -99.812654097298321, 19.26249354068284 ], [ -99.812597450986686, 19.262584159531116 ], [ -99.812426754948035, 19.262702395231088 ], [ -99.812065886615699, 19.26284858553538 ], [ -99.811866421634818, 19.262921764920463 ], [ -99.811676027024248, 19.262904536697306 ], [ -99.811656507267685, 19.262805219488826 ], [ -99.811546992565127, 19.261820703682872 ], [ -99.811564022131563, 19.261413975934886 ], [ -99.811818975452866, 19.261015228870178 ], [ -99.812131730343594, 19.260760812237663 ], [ -99.812339684186895, 19.260479750491697 ], [ -99.812329189987054, 19.260280989379112 ], [ -99.812262183592054, 19.260199956557585 ], [ -99.812109363218269, 19.260083157925976 ], [ -99.810975953235413, 19.259862269403072 ], [ -99.810899388136704, 19.259772241719247 ], [ -99.810927489204687, 19.25968174994216 ], [ -99.811135799349017, 19.259472981673696 ], [ -99.811439481953755, 19.25930897365356 ], [ -99.811686384798861, 19.259208474164325 ], [ -99.812760607949031, 19.259004895831822 ], [ -99.813301941335794, 19.258794644980583 ], [ -99.813709617155894, 19.258494620113254 ], [ -99.814136901240374, 19.258311984372938 ], [ -99.814479040108267, 19.258229130685493 ], [ -99.814678810604505, 19.258219204262218 ], [ -99.81510658396229, 19.258135967962403 ], [ -99.815296303369053, 19.258017645120219 ], [ -99.815666226374901, 19.25778104130336 ], [ -99.815703482029903, 19.257618214350885 ], [ -99.815160548357198, 19.257503157599388 ], [ -99.814855444669377, 19.257378003116003 ], [ -99.81451018477884, 19.256828301363441 ], [ -99.814421650947565, 19.256241309119275 ], [ -99.814582779482407, 19.256114077628354 ], [ -99.814915220166768, 19.255995119589898 ], [ -99.815228452012605, 19.255840099714703 ], [ -99.815559685612129, 19.255477154642506 ], [ -99.815634017529419, 19.255115354663189 ], [ -99.81575569978412, 19.254708159930317 ], [ -99.815935185094816, 19.25444529473549 ], [ -99.816323368870883, 19.254054984203151 ], [ -99.816778019788217, 19.253637265999089 ], [ -99.817679188109821, 19.253082000810593 ], [ -99.817260093668494, 19.25299350638636 ], [ -99.816156388582328, 19.252998433638595 ], [ -99.815328788140505, 19.253038270779655 ], [ -99.815034144709387, 19.253102840714291 ], [ -99.813913236292649, 19.253478336571789 ], [ -99.813808930755386, 19.253551094358443 ], [ -99.813524201426389, 19.253696948274921 ], [ -99.813058913842895, 19.253888787941037 ], [ -99.812726208814922, 19.253953523390749 ], [ -99.812250337152761, 19.253928526763218 ], [ -99.812135581804682, 19.253811558872769 ], [ -99.813102257493313, 19.253030106880374 ], [ -99.813244176517344, 19.252866815088225 ], [ -99.814274099852753, 19.251407322032549 ], [ -99.814785390534894, 19.250898989446739 ], [ -99.81550443542119, 19.250073444457257 ], [ -99.815561076083213, 19.249982824802373 ], [ -99.815607800258249, 19.24981091886275 ], [ -99.815455478671993, 19.249793524355766 ], [ -99.81522766586852, 19.249902980170816 ], [ -99.814639638663266, 19.250285141500228 ], [ -99.813491139801386, 19.250850528304454 ], [ -99.813082725035542, 19.250996931336374 ], [ -99.812655057822553, 19.251098235377071 ], [ -99.812388515586065, 19.251072308927121 ], [ -99.812102721887925, 19.251001283917788 ], [ -99.811006278580521, 19.250545274385956 ], [ -99.810721374114337, 19.250654977767113 ], [ -99.810531215684193, 19.250682930461153 ], [ -99.810302821382038, 19.250674905392543 ], [ -99.809941045570895, 19.250631323630842 ], [ -99.80978796986642, 19.250460303359489 ], [ -99.809661265944669, 19.249846366502425 ], [ -99.809641394624407, 19.249674756568311 ], [ -99.809678433117313, 19.249466747880547 ], [ -99.809744059361037, 19.249267649401133 ], [ -99.809961163416403, 19.248914256014757 ], [ -99.810501048180754, 19.248414845245861 ], [ -99.810851928616785, 19.248178335741784 ], [ -99.812037943110738, 19.24750435844237 ], [ -99.813064251173103, 19.247246772803351 ], [ -99.813339322098898, 19.247073852599158 ], [ -99.814436835828985, 19.245821903183696 ], [ -99.815194989309816, 19.245213066959593 ], [ -99.815669451851875, 19.244957924591404 ], [ -99.81632468311301, 19.244701974791724 ], [ -99.816666703374381, 19.24460104492249 ], [ -99.817376869296595, 19.243911083656599 ], [ -99.817678995643917, 19.243439824543771 ], [ -99.817981881370201, 19.243122185837308 ], [ -99.818703297041566, 19.242784601529081 ], [ -99.819083726764688, 19.242755789240164 ], [ -99.819464290870258, 19.242754085720719 ], [ -99.820062018638851, 19.242417049935455 ], [ -99.820601851179561, 19.241917610919984 ], [ -99.820668090234449, 19.241845020188691 ], [ -99.820648433378722, 19.241718594270992 ], [ -99.820107748836165, 19.242046339571402 ], [ -99.819338634498081, 19.242357032619395 ], [ -99.819243538537421, 19.242366495018985 ], [ -99.819043698019641, 19.242358352687347 ], [ -99.818776945276227, 19.242287252435062 ], [ -99.817902455826129, 19.242453823371534 ], [ -99.817417684642123, 19.242546356280513 ], [ -99.817199218247708, 19.242619625633722 ], [ -99.816895840046413, 19.242837861318378 ], [ -99.816459397319136, 19.24308380034023 ], [ -99.815955461090539, 19.243149304774136 ], [ -99.814985153181851, 19.243180738251795 ], [ -99.814349934464701, 19.243635402128461 ], [ -99.813829016153989, 19.244116665838078 ], [ -99.813259766948079, 19.244444518532021 ], [ -99.811919773472937, 19.244757717090181 ], [ -99.811272983023457, 19.244796732362261 ], [ -99.811215364754503, 19.244688546990801 ], [ -99.811224390555196, 19.244589102930718 ], [ -99.811441840933355, 19.244308000230149 ], [ -99.812539974575941, 19.24318257343964 ], [ -99.812890351726367, 19.242846658541566 ], [ -99.813478001245699, 19.242392211092294 ], [ -99.813591413436029, 19.242238082579149 ], [ -99.813401042671273, 19.242220855245478 ], [ -99.812098501576543, 19.242407373892945 ], [ -99.810635193286089, 19.242793403645635 ], [ -99.810264186723543, 19.242804083230851 ], [ -99.810092710753963, 19.242759658608804 ], [ -99.809939952821196, 19.242651893838399 ], [ -99.809805558512494, 19.242408496634823 ], [ -99.80979356256961, 19.241902492443728 ], [ -99.810183133605221, 19.239858465774034 ], [ -99.81344872266169, 19.238380032133819 ], [ -99.81614512489989, 19.235322652208083 ], [ -99.812989156737217, 19.233926962312694 ], [ -99.812636842010136, 19.233865269155956 ], [ -99.812388999399502, 19.233766964844051 ], [ -99.812254698179231, 19.233541642160162 ], [ -99.81231956034037, 19.233188921513204 ], [ -99.812536861241028, 19.232880708152209 ], [ -99.813484478404234, 19.232117414450386 ], [ -99.813607397417172, 19.23196324375067 ], [ -99.812864633392678, 19.231821954655231 ], [ -99.812047628144057, 19.232060534953007 ], [ -99.811391728891806, 19.232171883441481 ], [ -99.810868618763379, 19.232201310918981 ], [ -99.810497325677375, 19.232148734275313 ], [ -99.808926091406704, 19.231848432819959 ], [ -99.806764011280734, 19.231342876463543 ], [ -99.80646935820414, 19.231398394908695 ], [ -99.806374311623927, 19.231416886988711 ], [ -99.805442210720457, 19.231466173009835 ], [ -99.805033042772379, 19.231449898783069 ], [ -99.804613701257267, 19.231298116995958 ], [ -99.804433165173407, 19.23134409396306 ], [ -99.80394938474916, 19.231635394811917 ], [ -99.803788358697375, 19.231780689833101 ], [ -99.803741274740901, 19.231880300837531 ], [ -99.803676746215558, 19.232305311658024 ], [ -99.803629706011009, 19.232413959200017 ], [ -99.803478544082452, 19.232631504735025 ], [ -99.802350775622699, 19.233531089064002 ], [ -99.801154558431392, 19.234051422367202 ], [ -99.800518020046923, 19.234234941726356 ], [ -99.800071140784155, 19.234291115584654 ], [ -99.79965227723801, 19.234238724859324 ], [ -99.798630514855859, 19.233456985998089 ], [ -99.798314687775644, 19.233069782356324 ], [ -99.798122625945382, 19.232700112214161 ], [ -99.798102725691933, 19.232519463623703 ], [ -99.797890808726095, 19.231978181139425 ], [ -99.797680594769872, 19.231789324876559 ], [ -99.79741356191505, 19.231654936404311 ], [ -99.79619369796535, 19.231217442736352 ], [ -99.795250731207773, 19.230986584212587 ], [ -99.794897602011417, 19.230753161318773 ], [ -99.794830399126624, 19.230626938184912 ], [ -99.794733873600478, 19.230338180340084 ], [ -99.794543648147055, 19.230348042563833 ], [ -99.793906855083719, 19.230477319237991 ], [ -99.793469366313161, 19.230506325711303 ], [ -99.793079184396959, 19.230480905608317 ], [ -99.792441132602903, 19.230348116113532 ], [ -99.792012983963957, 19.230340931569572 ], [ -99.791204859759148, 19.230452866273367 ], [ -99.790795305205961, 19.230355230737644 ], [ -99.789564744251209, 19.229664708224846 ], [ -99.788629539467138, 19.229063273293661 ], [ -99.788390282011562, 19.228766089477119 ], [ -99.788265314978503, 19.228495523785455 ], [ -99.788235955911603, 19.228323951185416 ], [ -99.788214903350308, 19.227899312762702 ], [ -99.788260012963065, 19.227384021684088 ], [ -99.788087782560581, 19.227176916724602 ], [ -99.787543587755749, 19.226772601999585 ], [ -99.787419097342195, 19.226601438231285 ], [ -99.78742774945448, 19.2264206652182 ], [ -99.787550000452768, 19.226121925499399 ], [ -99.788931381327188, 19.224534542478239 ], [ -99.789736672160984, 19.223835239519417 ], [ -99.790192004055882, 19.223562172210393 ], [ -99.790885420061272, 19.223342296766475 ], [ -99.791179675832041, 19.22320547427006 ], [ -99.792166390417549, 19.222649965964024 ], [ -99.792203879443207, 19.222532325621216 ], [ -99.79157615109807, 19.222562149544103 ], [ -99.791405176594026, 19.222617108991983 ], [ -99.791168432676216, 19.222844051319839 ], [ -99.790854978523726, 19.222944809515582 ], [ -99.790645908009594, 19.222990895950147 ], [ -99.790474846294103, 19.22302778134906 ], [ -99.789951586188806, 19.223021001780523 ], [ -99.789648291473327, 19.223257265984444 ], [ -99.788661434990047, 19.223785651303388 ], [ -99.787152297513387, 19.224515086064912 ], [ -99.786381949084159, 19.224563578862046 ], [ -99.785972454661703, 19.224474968467803 ], [ -99.785610354453752, 19.224350006697307 ], [ -99.784981329610787, 19.224108709908137 ], [ -99.784628315016505, 19.223893339226322 ], [ -99.784055000065166, 19.2233626229268 ], [ -99.783425852608843, 19.223094210703721 ], [ -99.782636397386284, 19.223124695688739 ], [ -99.781865027487584, 19.222956290409286 ], [ -99.781541028338893, 19.222840194551395 ], [ -99.781398033650646, 19.222777546933116 ], [ -99.781149669684282, 19.222561722859098 ], [ -99.780794315583933, 19.221849330119994 ], [ -99.779629554211851, 19.220968683490241 ], [ -99.77921973104543, 19.220807764490701 ], [ -99.778723781531085, 19.220538768919312 ], [ -99.77811274304139, 19.220071450907426 ], [ -99.778016721058577, 19.219882085626864 ], [ -99.778101401316405, 19.219682916115914 ], [ -99.778186634330211, 19.219601222791994 ], [ -99.779125213948078, 19.218919472909988 ], [ -99.780422243085866, 19.21759457839164 ], [ -99.781303597651799, 19.216885951130052 ], [ -99.781445476755835, 19.216713646709763 ], [ -99.781492613127341, 19.216623077576401 ], [ -99.781802558380377, 19.215781332050653 ], [ -99.781820216484391, 19.215492078764271 ], [ -99.781781268853877, 19.215302471897189 ], [ -99.781657135069793, 19.215203596518336 ], [ -99.781562265279661, 19.215258222039154 ], [ -99.781193493412502, 19.215729708735978 ], [ -99.781174980410583, 19.215838229400447 ], [ -99.779811211222807, 19.217127265682052 ], [ -99.779611870186386, 19.217218482074372 ], [ -99.778348847044128, 19.21768472919598 ], [ -99.778196728030935, 19.217703448963221 ], [ -99.778110475334927, 19.217568263044427 ], [ -99.77809849615312, 19.217044178614174 ], [ -99.777794896802391, 19.217217167107719 ], [ -99.777323253729548, 19.218068629323341 ], [ -99.776473299633267, 19.219391608521846 ], [ -99.775812889861754, 19.212454127872547 ], [ -99.75975092658183, 19.211455068736655 ], [ -99.75928326970336, 19.213192082277658 ], [ -99.758797283265494, 19.215082796947115 ], [ -99.758770777040809, 19.215525712338774 ], [ -99.758802756807029, 19.216275638391039 ], [ -99.758709868646122, 19.216764012848898 ], [ -99.758587985627798, 19.217153101962879 ], [ -99.758230975894548, 19.218130559269639 ], [ -99.758156323590129, 19.218447157859998 ], [ -99.758102892842658, 19.219242621514979 ], [ -99.75802799127149, 19.219504999988203 ], [ -99.7578862504825, 19.21971343385394 ], [ -99.757705960630119, 19.219813584883468 ], [ -99.757449028891926, 19.219796573601627 ], [ -99.757115207526908, 19.219608179602233 ], [ -99.757020037021107, 19.219599536015551 ], [ -99.756801405494969, 19.219636586648335 ], [ -99.75671616151368, 19.219718270388512 ], [ -99.756509565088834, 19.220306518751386 ], [ -99.756198737751902, 19.220985565633953 ], [ -99.755962069960333, 19.221239574136007 ], [ -99.755535140955658, 19.22149436711328 ], [ -99.75523126085676, 19.221613099154013 ], [ -99.754755856773272, 19.221669279501157 ], [ -99.754403668209534, 19.221625545902725 ], [ -99.754079606687583, 19.221491327332217 ], [ -99.753821601125139, 19.221239357300192 ], [ -99.753658314372842, 19.220896628716389 ], [ -99.753530938386859, 19.220083835874107 ], [ -99.75336810642699, 19.219840510463087 ], [ -99.753272688867014, 19.219777644817214 ], [ -99.753158369025414, 19.219741967388757 ], [ -99.752968110439554, 19.219742749417435 ], [ -99.752721802856513, 19.219969682914666 ], [ -99.752351538287826, 19.220133867183165 ], [ -99.75195248745456, 19.220243947737799 ], [ -99.750668812020365, 19.220375727938404 ], [ -99.750269267218755, 19.220377364593503 ], [ -99.74992659525293, 19.220333583289744 ], [ -99.749621565566883, 19.220199278724749 ], [ -99.749401989114062, 19.220028476673519 ], [ -99.749239286011232, 19.219812257463332 ], [ -99.74916133978968, 19.219405917448682 ], [ -99.749139857171031, 19.218863793582727 ], [ -99.74917708976983, 19.218682904101911 ], [ -99.749185333275591, 19.218402727663772 ], [ -99.74894759361905, 19.218421773337639 ], [ -99.748681724501807, 19.218531302280667 ], [ -99.748150762114278, 19.218922056278757 ], [ -99.747713986380518, 19.219104576565087 ], [ -99.747286559185284, 19.219250910246615 ], [ -99.747039427581853, 19.219297102387031 ], [ -99.747001008447228, 19.219215927246296 ], [ -99.746971367362107, 19.218972052731033 ], [ -99.747018278576206, 19.218827271622899 ], [ -99.747264470105392, 19.218573235462259 ], [ -99.747596317475427, 19.218327886374141 ], [ -99.748013942985494, 19.218118333998177 ], [ -99.748620719384178, 19.21766401264199 ], [ -99.749995200324577, 19.216583005119901 ], [ -99.750071015419167, 19.216519436751412 ], [ -99.750117964267076, 19.216383691621616 ], [ -99.749994298612478, 19.216384197825562 ], [ -99.749556999158301, 19.216449245212402 ], [ -99.74926296386235, 19.216640221907483 ], [ -99.748968272974139, 19.216686610997044 ], [ -99.748739434725962, 19.216570066974612 ], [ -99.748691502702002, 19.216488931041624 ], [ -99.748488748922568, 19.215830068163257 ], [ -99.748459147346978, 19.215595230552367 ], [ -99.748354221370789, 19.215532401023609 ], [ -99.748203040385931, 19.21575894003422 ], [ -99.748139395096416, 19.216409854271433 ], [ -99.748045616669799, 19.216708453712442 ], [ -99.747847115565833, 19.216989406817277 ], [ -99.747145252086284, 19.217453150254698 ], [ -99.746746489448526, 19.217626476305099 ], [ -99.746356545334834, 19.217646138837324 ], [ -99.745138130003284, 19.217479397306022 ], [ -99.745061172363989, 19.217289935980091 ], [ -99.745079627894711, 19.217163344751725 ], [ -99.74522065005192, 19.216792259578995 ], [ -99.745825636374207, 19.215940332330433 ], [ -99.746212436654105, 19.215224844855868 ], [ -99.746466097465827, 19.214518935857939 ], [ -99.746692768832133, 19.21415653757856 ], [ -99.747043674503971, 19.213920148829061 ], [ -99.747090788496507, 19.21382055119318 ], [ -99.746957448811315, 19.213784947246552 ], [ -99.746500721618986, 19.213759697660635 ], [ -99.74620603489285, 19.213806082174813 ], [ -99.745873827385481, 19.213970098272796 ], [ -99.744973019280053, 19.214615380409271 ], [ -99.744926025900725, 19.214742087665002 ], [ -99.744699797465785, 19.215203887675329 ], [ -99.744491820232838, 19.215493912687862 ], [ -99.743904634323656, 19.216074657270042 ], [ -99.743781293896404, 19.216147452940561 ], [ -99.743610105161054, 19.216157184595829 ], [ -99.743438632004597, 19.216103659128066 ], [ -99.743333504389625, 19.215995643127258 ], [ -99.743256549544014, 19.21580618092014 ], [ -99.743264803131353, 19.215526004328126 ], [ -99.743308061125788, 19.214567920093771 ], [ -99.743325827278682, 19.214287704881713 ], [ -99.743445794843353, 19.213464862502576 ], [ -99.74335014093225, 19.213347771122244 ], [ -99.743227127117848, 19.21349286007819 ], [ -99.743085818744305, 19.213800686920081 ], [ -99.742833646198051, 19.214840950077473 ], [ -99.742183882868801, 19.216316593694728 ], [ -99.742023747516157, 19.21666968038727 ], [ -99.741919634073042, 19.216787581354254 ], [ -99.741758119436724, 19.21683341963427 ], [ -99.741548554444421, 19.2167710097238 ], [ -99.741300330798254, 19.216573202816789 ], [ -99.741175530614839, 19.216320675098757 ], [ -99.741097687049262, 19.215932404206171 ], [ -99.74119920831356, 19.215236153979106 ], [ -99.741064734703457, 19.214947517726046 ], [ -99.741034981858718, 19.214676531671671 ], [ -99.741072020140052, 19.214450459911404 ], [ -99.741204103706309, 19.214205929984246 ], [ -99.741714584296858, 19.213489951135102 ], [ -99.741761620377247, 19.213372281330521 ], [ -99.74158990755393, 19.213264533705626 ], [ -99.741323636270749, 19.213283684756504 ], [ -99.741124519937216, 19.213429080182152 ], [ -99.740887960088401, 19.213710179986435 ], [ -99.740707827616177, 19.213846461348965 ], [ -99.740441636166679, 19.213883684586619 ], [ -99.740364645207819, 19.213685184260044 ], [ -99.740373186906936, 19.213468264599499 ], [ -99.740476207079382, 19.213106373114897 ], [ -99.740462122830763, 19.212085262338519 ], [ -99.740244629172423, 19.21237532117874 ], [ -99.740028145606402, 19.212891297762155 ], [ -99.739597518553353, 19.214447379907256 ], [ -99.739380222402076, 19.214782621395671 ], [ -99.739133741062119, 19.214973390250066 ], [ -99.738791607350379, 19.215047064974556 ], [ -99.738496592877482, 19.215021143471404 ], [ -99.738201336445513, 19.214941001164163 ], [ -99.737867223151113, 19.214680277150421 ], [ -99.737704379032493, 19.214427899998896 ], [ -99.737655727438778, 19.214184099947829 ], [ -99.737634686861497, 19.213732340372133 ], [ -99.737680597343342, 19.213361643260555 ], [ -99.737916275303519, 19.212881739503246 ], [ -99.737989029122389, 19.21213138499445 ], [ -99.737931349210953, 19.211996063944923 ], [ -99.73775117570159, 19.212123305720638 ], [ -99.737543673232267, 19.212521763918801 ], [ -99.737326173781355, 19.21281181947171 ], [ -99.736899718878703, 19.213175010194902 ], [ -99.73669088474611, 19.213275255551821 ], [ -99.736386441528907, 19.213267442221365 ], [ -99.735804846583619, 19.212971560904577 ], [ -99.735337163343161, 19.212620999312946 ], [ -99.734907411765562, 19.212243173683135 ], [ -99.734715916609161, 19.211963797816168 ], [ -99.734475816256406, 19.211449657300761 ], [ -99.734196303822785, 19.210628419886348 ], [ -99.733746533128965, 19.210024749033266 ], [ -99.733202002454163, 19.209502788087889 ], [ -99.733115910418348, 19.209394689683506 ], [ -99.733036287574578, 19.208599761147752 ], [ -99.732959508271733, 19.208446440909427 ], [ -99.732510708500342, 19.208059648280027 ], [ -99.732480331112924, 19.207644072291316 ], [ -99.732622094878081, 19.207435657077326 ], [ -99.733228957440588, 19.20699945953595 ], [ -99.733681617726631, 19.206112032322665 ], [ -99.733709793626417, 19.206030587462919 ], [ -99.733680856360365, 19.20594033428182 ], [ -99.733453164985235, 19.206076798883714 ], [ -99.733007893831768, 19.206485240335439 ], [ -99.732713855729514, 19.206676190730491 ], [ -99.732438201314039, 19.20672247680875 ], [ -99.732257269054685, 19.206678015124623 ], [ -99.732190403550305, 19.206615023897257 ], [ -99.731671628489551, 19.205460371677759 ], [ -99.730818780353275, 19.204044979362038 ], [ -99.730704236407973, 19.203955066857191 ], [ -99.73066654725335, 19.204036549219609 ], [ -99.730259681608345, 19.204526163215689 ], [ -99.730051093123905, 19.204680621358136 ], [ -99.729604183182232, 19.204718548078745 ], [ -99.728985099352201, 19.20454027261394 ], [ -99.72857484525781, 19.204261759248709 ], [ -99.728354873834803, 19.203991525985884 ], [ -99.728191458538106, 19.203603587976033 ], [ -99.72808662712896, 19.203558819758086 ], [ -99.727288607577918, 19.203787909895709 ], [ -99.726444334482949, 19.204315398010579 ], [ -99.726121517918671, 19.204452230534002 ], [ -99.725750743865717, 19.204498883220026 ], [ -99.724666402588412, 19.204512209404243 ], [ -99.724314256550656, 19.204468416411373 ], [ -99.723952084584653, 19.204307182414198 ], [ -99.723656063252747, 19.204046280497948 ], [ -99.723502684471157, 19.203775778309137 ], [ -99.722939813871164, 19.203398448066537 ], [ -99.721968953410794, 19.20325768294623 ], [ -99.721621106053192, 19.20419889210217 ], [ -99.72139403688584, 19.204479930243735 ], [ -99.721213739874372, 19.204580045719297 ], [ -99.721071097366234, 19.204589643720965 ], [ -99.720832979259683, 19.20451828473773 ], [ -99.720699219144535, 19.204383256783217 ], [ -99.720479142033071, 19.204085903355633 ], [ -99.719763926429152, 19.203673014119261 ], [ -99.719478328374805, 19.203619913553553 ], [ -99.719354789261445, 19.203647509081179 ], [ -99.7187087530246, 19.203830781211821 ], [ -99.71827205992372, 19.204031304925536 ], [ -99.718148834029989, 19.204131193832438 ], [ -99.718026313823032, 19.204393744558502 ], [ -99.71767561952845, 19.204684299331461 ], [ -99.717381605142236, 19.204884262417181 ], [ -99.717115382393331, 19.204912414736782 ], [ -99.71693457316502, 19.204895048041465 ], [ -99.716686709209171, 19.204769500182977 ], [ -99.716362748505162, 19.204644249334365 ], [ -99.716287355531335, 19.204807208614739 ], [ -99.716175126305927, 19.205250456530052 ], [ -99.716083446226946, 19.206046064269231 ], [ -99.716056904167374, 19.206507051214373 ], [ -99.715934613592651, 19.206823821282512 ], [ -99.715688350138862, 19.207068779910855 ], [ -99.715460368037384, 19.207141965261769 ], [ -99.714671004449031, 19.20718119209846 ], [ -99.714385518709605, 19.207155194091001 ], [ -99.714166072936052, 19.207002421359277 ], [ -99.714070209084184, 19.206831093146718 ], [ -99.713810414714771, 19.206145298244053 ], [ -99.713590230307034, 19.205820825939213 ], [ -99.713380455102254, 19.205704162257632 ], [ -99.713237694089912, 19.205686643868262 ], [ -99.712344713815014, 19.205961223865756 ], [ -99.711859707021631, 19.205990218626482 ], [ -99.711269677014627, 19.205929250268639 ], [ -99.711012342122331, 19.205812768352985 ], [ -99.710726082773135, 19.205606028844954 ], [ -99.709464930469551, 19.204318631597459 ], [ -99.709055598851705, 19.204247919626823 ], [ -99.708228275357897, 19.204305339067901 ], [ -99.708028327141506, 19.204260926649454 ], [ -99.707398826375538, 19.203865731162807 ], [ -99.707150043939691, 19.203523287052974 ], [ -99.706892059293523, 19.203253173595328 ], [ -99.705271654829119, 19.202473199556323 ], [ -99.704194602586483, 19.201962233224322 ], [ -99.704041910638864, 19.201845339241856 ], [ -99.702837718129501, 19.20051249014125 ], [ -99.703108189623038, 19.199246279817658 ], [ -99.703473391091563, 19.197889336137393 ], [ -99.704221822797194, 19.197181581273412 ], [ -99.704685051154343, 19.196511067363076 ], [ -99.703775462744943, 19.197345959900929 ], [ -99.703264323936423, 19.197935322765545 ], [ -99.702934635168162, 19.198695690973409 ], [ -99.702840245978905, 19.198867754893683 ], [ -99.70274562639429, 19.198985597923979 ], [ -99.702593820501704, 19.199076549154711 ], [ -99.702516076473955, 19.198688257943616 ], [ -99.702496247414217, 19.198498557845824 ], [ -99.702635817521866, 19.197766029745594 ], [ -99.702477224963218, 19.196257465524354 ], [ -99.701750149894281, 19.197516386128029 ], [ -99.701428396615938, 19.197906206216203 ], [ -99.701134335146719, 19.198097106825685 ], [ -99.700868119674396, 19.198125235313285 ], [ -99.700563436193931, 19.198054103828781 ], [ -99.700296417805816, 19.19789245841207 ], [ -99.7001530147935, 19.197721303729111 ], [ -99.700028177023341, 19.197441634537313 ], [ -99.69991216368021, 19.196999266271916 ], [ -99.699976682408533, 19.196511024147128 ], [ -99.699947803408975, 19.196429801715851 ], [ -99.699422827167211, 19.19599803034663 ], [ -99.698993428050073, 19.19567433670602 ], [ -99.698868899059732, 19.195466961099555 ], [ -99.69883937231441, 19.195232112545455 ], [ -99.698914282750934, 19.194951681217333 ], [ -99.699075026314404, 19.194725144514678 ], [ -99.699245662701458, 19.194588939604444 ], [ -99.699397581026687, 19.194525101628074 ], [ -99.699701875610174, 19.194505867121507 ], [ -99.700926001393839, 19.193823421065701 ], [ -99.70106825372693, 19.193723470826512 ], [ -99.701343016668147, 19.193469385505921 ], [ -99.701939024829869, 19.192708000882647 ], [ -99.702108852059212, 19.192382020302546 ], [ -99.70220884112922, 19.191288165131823 ], [ -99.70168850945123, 19.191949854513666 ], [ -99.701214506424776, 19.192322182572013 ], [ -99.700256065187034, 19.192849987846898 ], [ -99.69975275792558, 19.19304168482978 ], [ -99.69931549574676, 19.19310661116009 ], [ -99.698744652460164, 19.193072638738954 ], [ -99.698068268359066, 19.192822179000132 ], [ -99.697458314365122, 19.192535316255203 ], [ -99.697429056720239, 19.192363725089706 ], [ -99.697595961215086, 19.191341912911014 ], [ -99.697034749721013, 19.191335009265913 ], [ -99.696683853910201, 19.1915803404641 ], [ -99.696455845654668, 19.191644465068919 ], [ -99.696103656676485, 19.191582543067568 ], [ -99.695913048275088, 19.191492896553314 ], [ -99.695760333880798, 19.191366958223853 ], [ -99.695491281430691, 19.190717316424127 ], [ -99.695288734702785, 19.190049348130856 ], [ -99.695210823001219, 19.189615868612634 ], [ -99.695226089990854, 19.18872115019451 ], [ -99.695328247851535, 19.188133359606582 ], [ -99.695052232430783, 19.18808922059128 ], [ -99.694462535992329, 19.188091453652646 ], [ -99.693493260360128, 19.188302970501127 ], [ -99.692543798158681, 19.188704184080279 ], [ -99.692250081877035, 19.188976401980767 ], [ -99.692070613579517, 19.189275299422718 ], [ -99.691986069085431, 19.189528653775653 ], [ -99.691769233860271, 19.189990357515796 ], [ -99.691561380498911, 19.190325509434444 ], [ -99.691267471150923, 19.190552541665852 ], [ -99.690944084173566, 19.190553759962086 ], [ -99.690610846607854, 19.190473681942649 ], [ -99.690286894706276, 19.190339346478311 ], [ -99.689562186635101, 19.189899259813615 ], [ -99.689180454086056, 19.189593436811151 ], [ -99.688998084560012, 19.189196494499015 ], [ -99.68898706945015, 19.188835056470396 ], [ -99.689447404498083, 19.18745970538987 ], [ -99.689901156996939, 19.186789262822799 ], [ -99.690040925684229, 19.186092889314807 ], [ -99.690030812226439, 19.185948335568753 ], [ -99.688864176478489, 19.186729900143632 ], [ -99.688636960470035, 19.186983788724717 ], [ -99.687984630261212, 19.187935119656572 ], [ -99.687586396310508, 19.188234833144577 ], [ -99.686467101982657, 19.188971020661199 ], [ -99.686296198162097, 19.189043955972863 ], [ -99.686105934626767, 19.189035630629064 ], [ -99.686001010818927, 19.188963727077351 ], [ -99.685981501617277, 19.188846319161769 ], [ -99.686018199228215, 19.188520850314546 ], [ -99.686149747210834, 19.188131767816742 ], [ -99.686547009689491, 19.187597099280083 ], [ -99.686688366682802, 19.187280275627472 ], [ -99.686716525616816, 19.187189800334977 ], [ -99.686706002824678, 19.186945840983924 ], [ -99.685953459102564, 19.186668509262802 ], [ -99.685640637932181, 19.186922714278751 ], [ -99.685137928235633, 19.187258960894383 ], [ -99.684881611483661, 19.187377398764738 ], [ -99.684605711628137, 19.187360354463294 ], [ -99.684434024361337, 19.18724351409287 ], [ -99.684280090377911, 19.186819349550092 ], [ -99.684259910717515, 19.186539277987322 ], [ -99.68434271101853, 19.185861194586721 ], [ -99.684550163178415, 19.185426644992503 ], [ -99.684596934377566, 19.185236693600643 ], [ -99.684519688026569, 19.184956834929494 ], [ -99.684424689302944, 19.184984300282338 ], [ -99.683631688920968, 19.186424138813038 ], [ -99.683404539642822, 19.186696094871593 ], [ -99.683243110592059, 19.186759955042646 ], [ -99.683128864623541, 19.186733269450372 ], [ -99.682899515861607, 19.186472050322095 ], [ -99.682850916912741, 19.186219195289709 ], [ -99.682697323186403, 19.185876360945883 ], [ -99.682573380587883, 19.185804526076254 ], [ -99.682468720967279, 19.185795878383431 ], [ -99.682212590501763, 19.185959496830378 ], [ -99.681739153728472, 19.18647636539913 ], [ -99.681455863588155, 19.186974452674178 ], [ -99.681247843851509, 19.187273446107042 ], [ -99.681058139810432, 19.187400668361306 ], [ -99.680896597656044, 19.187437415930162 ], [ -99.680706298908945, 19.187420048058414 ], [ -99.680610889605816, 19.187348106019613 ], [ -99.680515034836901, 19.18716772158939 ], [ -99.68051399523614, 19.186914689461162 ], [ -99.680588933690615, 19.186634264514566 ], [ -99.680796099606141, 19.186127423970674 ], [ -99.680805127902715, 19.186009909472773 ], [ -99.680737844281566, 19.185838456106239 ], [ -99.680336595166295, 19.185406168253792 ], [ -99.679956225033663, 19.185425652181152 ], [ -99.679710382365215, 19.185779006109897 ], [ -99.679388301192205, 19.186096494020319 ], [ -99.678809639447934, 19.186469152826191 ], [ -99.67829651723082, 19.186588531498444 ], [ -99.677906410909998, 19.186553825223257 ], [ -99.677629810358724, 19.186365069879457 ], [ -99.677515084925915, 19.186220901469085 ], [ -99.677246814184571, 19.185742930584183 ], [ -99.676998527503315, 19.18549984767202 ], [ -99.676312251004845, 19.185140898163809 ], [ -99.676130581077359, 19.184906605464107 ], [ -99.676024926504226, 19.184653958513081 ], [ -99.676015009772414, 19.184554587954722 ], [ -99.676061237421834, 19.184229085334835 ], [ -99.676145951635988, 19.184011884997517 ], [ -99.676354087567574, 19.183740007705069 ], [ -99.676515221350598, 19.183603858602453 ], [ -99.677255713297029, 19.183266757901322 ], [ -99.677721123366837, 19.183111410539311 ], [ -99.678641874558366, 19.182665194476613 ], [ -99.678955032366218, 19.182492333015148 ], [ -99.679191398165415, 19.182148052142509 ], [ -99.679096103730956, 19.182103219768976 ], [ -99.67857304008578, 19.182114191602693 ], [ -99.678449287079275, 19.182087538128599 ], [ -99.678372940701934, 19.182024561307685 ], [ -99.678334342045787, 19.181889148869629 ], [ -99.67833345407729, 19.181672263965822 ], [ -99.678226910612238, 19.181202733314649 ], [ -99.677904169564499, 19.181357554893509 ], [ -99.676261000124839, 19.181905837792044 ], [ -99.67583345129259, 19.182015856933788 ], [ -99.675576730091336, 19.182034876193711 ], [ -99.67535786833497, 19.182008570715027 ], [ -99.675252916707734, 19.181927623804881 ], [ -99.675204699210383, 19.181765134992418 ], [ -99.675213473553129, 19.18158436246091 ], [ -99.675334573675684, 19.180960362994597 ], [ -99.675334131676379, 19.180851920464818 ], [ -99.675238728491536, 19.180779975393762 ], [ -99.675019978887065, 19.180780780090686 ], [ -99.674773027934748, 19.180863021341452 ], [ -99.674279750459618, 19.181181129813979 ], [ -99.673843609949699, 19.181517101246868 ], [ -99.67372018876398, 19.181571776463784 ], [ -99.673463357708727, 19.181563682113506 ], [ -99.673310926226804, 19.181500982315811 ], [ -99.673129558320397, 19.181338981350279 ], [ -99.673062321319378, 19.181176561662653 ], [ -99.67309959388848, 19.180986647626298 ], [ -99.674261708150368, 19.179084608542723 ], [ -99.674469841330335, 19.178812733337168 ], [ -99.674858567192928, 19.178513082947006 ], [ -99.675959599180032, 19.177966810513112 ], [ -99.676671978317643, 19.177738260309866 ], [ -99.677714974213359, 19.176957229192169 ], [ -99.678909981420418, 19.176139482151086 ], [ -99.679232822577774, 19.176011769682418 ], [ -99.680268324800863, 19.175727787862115 ], [ -99.680799764965627, 19.175445670368106 ], [ -99.680885062783659, 19.175373057927288 ], [ -99.681282462042589, 19.174874547960655 ], [ -99.681518366692274, 19.174421821824922 ], [ -99.681638955507196, 19.17368033926175 ], [ -99.681779270329912, 19.173110486548467 ], [ -99.681949119122351, 19.172784523323742 ], [ -99.682185614168588, 19.17247638634467 ], [ -99.682536604547124, 19.172258193573612 ], [ -99.682498116682666, 19.172149892520849 ], [ -99.681963753012553, 19.171718101593569 ], [ -99.681849406168908, 19.171664304211561 ], [ -99.681307243844287, 19.17164824283941 ], [ -99.680965058055051, 19.171694697369617 ], [ -99.680168489995992, 19.172257944964485 ], [ -99.679808023039186, 19.17248520539647 ], [ -99.679171939153889, 19.172758670024677 ], [ -99.678374176289594, 19.173032729979127 ], [ -99.67750069669188, 19.173397436136327 ], [ -99.67678937039949, 19.173879021746075 ], [ -99.676420048480679, 19.174268974672941 ], [ -99.676097798121816, 19.174541272298995 ], [ -99.675689694241271, 19.174750626272441 ], [ -99.674568557851217, 19.175025860011317 ], [ -99.67433046386725, 19.174945401582988 ], [ -99.674254048856369, 19.174864349080337 ], [ -99.673899698088803, 19.174260169805905 ], [ -99.673202460036634, 19.173530729091112 ], [ -99.673040599086903, 19.173486137437919 ], [ -99.672888578816583, 19.173522842785644 ], [ -99.67262327658193, 19.173767814638779 ], [ -99.67231985837509, 19.173994851667771 ], [ -99.672110957853249, 19.174076949807443 ], [ -99.67190176406109, 19.17408675259054 ], [ -99.671187966107993, 19.173962845309859 ], [ -99.671064183666715, 19.173927149718111 ], [ -99.6709399257482, 19.173773974437267 ], [ -99.670910955445379, 19.173665635994212 ], [ -99.670966737862841, 19.173349136199079 ], [ -99.671184453288447, 19.173095303633318 ], [ -99.671421408480001, 19.172895622617943 ], [ -99.67182007643936, 19.172704386652015 ], [ -99.672437738882593, 19.172575607055762 ], [ -99.673426231611131, 19.172427391528458 ], [ -99.67372123690842, 19.17247149433274 ], [ -99.674110831661494, 19.172388731053275 ], [ -99.674020204532155, 19.171150991526758 ], [ -99.673942873058991, 19.170844016557226 ], [ -99.673827794659985, 19.170609476269419 ], [ -99.673703573564012, 19.170465339696875 ], [ -99.673503417489201, 19.170357629686748 ], [ -99.672789598028942, 19.170224691237877 ], [ -99.672208813130624, 19.170064151907582 ], [ -99.671780009976317, 19.169857869582472 ], [ -99.671684468316585, 19.16974977475769 ], [ -99.671645585405997, 19.169542065315113 ], [ -99.671710472760594, 19.169126124598051 ], [ -99.671814279282557, 19.168926930179623 ], [ -99.671918488403094, 19.168827141559404 ], [ -99.672184003869745, 19.168636392175813 ], [ -99.672487742581268, 19.168490687588587 ], [ -99.672772900472523, 19.168453494934283 ], [ -99.673001327461861, 19.168497843026216 ], [ -99.673982452562768, 19.16888283669573 ], [ -99.674220353846408, 19.168918111442736 ], [ -99.674781159822714, 19.16884375524404 ], [ -99.675056439588104, 19.16871622508944 ], [ -99.675880802811321, 19.167972156657299 ], [ -99.675984898300328, 19.167845255144528 ], [ -99.676041258903524, 19.167673344192394 ], [ -99.676049000469334, 19.167239538491344 ], [ -99.674928614014448, 19.167686474009997 ], [ -99.67463383762572, 19.167696594223287 ], [ -99.674214988895528, 19.167598725210667 ], [ -99.673719435688611, 19.167347507172792 ], [ -99.67341397526684, 19.167068479679244 ], [ -99.673107818903134, 19.166617750621072 ], [ -99.672302856753731, 19.165111514947853 ], [ -99.671825235462961, 19.164589114794637 ], [ -99.671662322279758, 19.164282451491204 ], [ -99.671554968815144, 19.163605066434172 ], [ -99.671440521057718, 19.163524151542674 ], [ -99.671040996824161, 19.163498500555932 ], [ -99.670660273166561, 19.163418557826844 ], [ -99.67045998149257, 19.163274696482688 ], [ -99.670402593596521, 19.163193572623754 ], [ -99.670325528639864, 19.162949853881173 ], [ -99.670323556416406, 19.162461861027225 ], [ -99.670451981651752, 19.161295614315577 ], [ -99.670441376131635, 19.161024541845848 ], [ -99.67042191838209, 19.160916168389178 ], [ -99.67016307482362, 19.16040200163502 ], [ -99.670133121964227, 19.160049666322607 ], [ -99.670264906379714, 19.15971481500759 ], [ -99.670482751807867, 19.159497131041803 ], [ -99.671014377816675, 19.159269263898523 ], [ -99.67132618414837, 19.158771087482819 ], [ -99.671586014466527, 19.157179618618045 ], [ -99.671443115874013, 19.157116881637307 ], [ -99.671110502603426, 19.157172319198139 ], [ -99.670796761962379, 19.157191539084636 ], [ -99.670682172967133, 19.157074475880506 ], [ -99.670766772035279, 19.15683016686711 ], [ -99.670880191607523, 19.156658048921827 ], [ -99.671041377577069, 19.1565399787101 ], [ -99.671772289524199, 19.156211974130997 ], [ -99.672301779529676, 19.155459962892166 ], [ -99.672423936931352, 19.155098034177058 ], [ -99.672158333077618, 19.155261672791369 ], [ -99.67184507189819, 19.155398374175945 ], [ -99.671378928297713, 19.155354892882201 ], [ -99.670741067749873, 19.155176481680996 ], [ -99.670588333124101, 19.155032446468795 ], [ -99.670511199059263, 19.15477065365809 ], [ -99.670526493115005, 19.153848819170037 ], [ -99.670610835293644, 19.153541251794422 ], [ -99.670572250339376, 19.153405836911702 ], [ -99.670132450897995, 19.152820033289743 ], [ -99.669923137760691, 19.15279368536909 ], [ -99.669590678357281, 19.152885267618785 ], [ -99.669239746685378, 19.153112472287773 ], [ -99.668557081069878, 19.153611995073561 ], [ -99.667845337750066, 19.153976065345262 ], [ -99.667541548145834, 19.154103687963868 ], [ -99.666572793568946, 19.15440542759859 ], [ -99.666449171933323, 19.154405876028306 ], [ -99.666344351275484, 19.154352033882617 ], [ -99.666277422947871, 19.154261906067347 ], [ -99.666248241804169, 19.154099344940846 ], [ -99.666276334409645, 19.153990798448717 ], [ -99.666427649015134, 19.153782397504756 ], [ -99.666683238890698, 19.15349228466539 ], [ -99.666967646301316, 19.153274363304092 ], [ -99.667185887666449, 19.153156089341564 ], [ -99.667470839039197, 19.153073721024555 ], [ -99.667802572811809, 19.152801404185084 ], [ -99.668408144574073, 19.152049127199689 ], [ -99.668938365982342, 19.151477863625814 ], [ -99.669364857812752, 19.151123865656587 ], [ -99.669554166107105, 19.15090628680332 ], [ -99.669417939893037, 19.150138633739516 ], [ -99.668445572531766, 19.149536690523746 ], [ -99.667541410857496, 19.149341161696441 ], [ -99.666762212028061, 19.149479546118812 ], [ -99.666134286703766, 19.149400489657296 ], [ -99.665848724565592, 19.149329228021088 ], [ -99.665477218776232, 19.149167906573666 ], [ -99.665162586921383, 19.148961193228047 ], [ -99.664981154749341, 19.148772071540691 ], [ -99.664518317721672, 19.147174185856613 ], [ -99.664498684880186, 19.147020626790209 ], [ -99.664563583324252, 19.146604687310003 ], [ -99.664610114898949, 19.146351481328281 ], [ -99.665015739589307, 19.145536678645044 ], [ -99.665423461129024, 19.145246017123327 ], [ -99.665689237424772, 19.145127573004117 ], [ -99.666962512429905, 19.144897030950403 ], [ -99.667712945214987, 19.144704528326429 ], [ -99.668130641373182, 19.144531306486329 ], [ -99.669032082562524, 19.144058100833718 ], [ -99.669212093352371, 19.143894778556955 ], [ -99.668972808981835, 19.14350705599395 ], [ -99.66816449434134, 19.143491921624786 ], [ -99.66795472065121, 19.143348091004839 ], [ -99.667754019921915, 19.143095782448768 ], [ -99.667705822275423, 19.142933290419137 ], [ -99.667493615769615, 19.142183984936594 ], [ -99.666962111119631, 19.142429914661705 ], [ -99.666354208988537, 19.142594786250811 ], [ -99.665385156382172, 19.142806148701709 ], [ -99.665242489760146, 19.142797627957236 ], [ -99.66440435054875, 19.142457250494317 ], [ -99.664166380615654, 19.142394850913377 ], [ -99.663947789530425, 19.142422751701361 ], [ -99.663615491512246, 19.142550470463334 ], [ -99.663387355319742, 19.142569367980457 ], [ -99.663244472376732, 19.142506624050611 ], [ -99.663196243201526, 19.142335093752024 ], [ -99.663243389510058, 19.142235515918401 ], [ -99.663575037182682, 19.141945132960529 ], [ -99.663774140822284, 19.141799821110681 ], [ -99.664001842274217, 19.141672479901274 ], [ -99.665046488769406, 19.141343369547201 ], [ -99.665597553527562, 19.141232930522676 ], [ -99.665806380480376, 19.141141803720927 ], [ -99.666725195085064, 19.140261878692797 ], [ -99.667445047943431, 19.139563412903783 ], [ -99.668004123215439, 19.139082418136923 ], [ -99.668402860909794, 19.138927338963981 ], [ -99.668849758806175, 19.138925713834794 ], [ -99.669069254430042, 19.139123730629365 ], [ -99.669345801499389, 19.139321539460013 ], [ -99.669478920316635, 19.139321054800405 ], [ -99.669535570489529, 19.139221440838355 ], [ -99.669468355423817, 19.139059018469823 ], [ -99.669277093477888, 19.138788602891225 ], [ -99.669095777479242, 19.138626595654614 ], [ -99.668581266303363, 19.138366392370813 ], [ -99.668362281391637, 19.138294891982582 ], [ -99.668153241339155, 19.138331799968626 ], [ -99.667906785246203, 19.138522473740636 ], [ -99.667773848697323, 19.138568141908763 ], [ -99.666766606231704, 19.138734464421475 ], [ -99.66590986659304, 19.138493568408649 ], [ -99.665852453619266, 19.138403405647864 ], [ -99.665842474203941, 19.138285959900486 ], [ -99.665860512879533, 19.138041893734453 ], [ -99.66590758397183, 19.137924241382052 ], [ -99.666644307411389, 19.136692530606922 ], [ -99.66633031460799, 19.136639446251706 ], [ -99.665038591351276, 19.136996568178063 ], [ -99.664697013569935, 19.137178544645735 ], [ -99.664061542216814, 19.137578471810343 ], [ -99.663738762267883, 19.137706156227694 ], [ -99.663368078809413, 19.13774364219455 ], [ -99.663196422287228, 19.137617742379746 ], [ -99.663185326262521, 19.137220151194128 ], [ -99.663305975985907, 19.136478676014747 ], [ -99.663276945783934, 19.1363522616968 ], [ -99.66285800229781, 19.136209179141076 ], [ -99.662753122309823, 19.136137260570194 ], [ -99.662657678623702, 19.136047233782961 ], [ -99.662590615776139, 19.135920956383188 ], [ -99.662541488317856, 19.135523502072147 ], [ -99.662579088904693, 19.135414921692416 ], [ -99.662683391539076, 19.135342249254393 ], [ -99.662958878965185, 19.135277996782975 ], [ -99.663176919731939, 19.135114543253678 ], [ -99.663385415729749, 19.134942086830677 ], [ -99.663839789314011, 19.1344343710212 ], [ -99.663706710364124, 19.134443888425153 ], [ -99.663069587516816, 19.134428112541627 ], [ -99.662945944602768, 19.134419521221616 ], [ -99.662669989957067, 19.134366293331027 ], [ -99.662546166894515, 19.134312517005981 ], [ -99.662460232607089, 19.134222455808526 ], [ -99.662421731328493, 19.134105112490545 ], [ -99.662409808926554, 19.133499671243555 ], [ -99.662341414326022, 19.133039026591348 ], [ -99.662195550512877, 19.132226214737273 ], [ -99.662156689774179, 19.132018501820539 ], [ -99.662090349263508, 19.132072963124074 ], [ -99.661872419278325, 19.132263526181305 ], [ -99.661664896643686, 19.132679978542456 ], [ -99.661532538578115, 19.132870233341578 ], [ -99.661087382354765, 19.133305613837308 ], [ -99.660784055796967, 19.13354166799968 ], [ -99.660613196159375, 19.13361457845366 ], [ -99.660195159544912, 19.133697413309449 ], [ -99.660024407181652, 19.133797434083874 ], [ -99.659958208853595, 19.133888042458352 ], [ -99.659391878051792, 19.134938375297395 ], [ -99.659288219743075, 19.135173711045411 ], [ -99.659213193584662, 19.135436055342836 ], [ -99.659280325429677, 19.135580407967268 ], [ -99.659404184339678, 19.13564322343899 ], [ -99.659946659802358, 19.135767796546759 ], [ -99.660127676660863, 19.135857517620536 ], [ -99.660128323094341, 19.136020182716322 ], [ -99.660005397211137, 19.136192328447748 ], [ -99.659863167209153, 19.136292246742926 ], [ -99.659256319650467, 19.136719166074954 ], [ -99.65915197874574, 19.136782799678599 ], [ -99.658781439364702, 19.136856424176585 ], [ -99.658667482308033, 19.13689298072228 ], [ -99.658591737840254, 19.136974585741029 ], [ -99.658516459057921, 19.137173671100072 ], [ -99.658509243660149, 19.137752070029876 ], [ -99.65844361618781, 19.137987269106645 ], [ -99.658377487028531, 19.138095950848651 ], [ -99.658225925039517, 19.138241086735604 ], [ -99.658131055425372, 19.138295648799954 ], [ -99.657874613628621, 19.138368863135156 ], [ -99.657741566836705, 19.138387413274188 ], [ -99.657246733723639, 19.138289774828593 ], [ -99.65660848847773, 19.137993831416964 ], [ -99.656541536486429, 19.137894662586291 ], [ -99.656531420797251, 19.137741068310504 ], [ -99.655933282427384, 19.137969130057456 ], [ -99.655876767102257, 19.138104887895622 ], [ -99.65584931231615, 19.138376098301933 ], [ -99.655831365929373, 19.138647274784091 ], [ -99.655870042192134, 19.138809804305879 ], [ -99.655851560517874, 19.138945426459713 ], [ -99.655776456012177, 19.139189695551977 ], [ -99.655681870442208, 19.139316552023615 ], [ -99.655369052346146, 19.139561668521367 ], [ -99.654988960703349, 19.139626282526535 ], [ -99.654817735857137, 19.139608818252782 ], [ -99.654684367044467, 19.139546033612191 ], [ -99.6548357908502, 19.139364752713448 ], [ -99.655186465160966, 19.139074316800816 ], [ -99.65528105098582, 19.138947460573604 ], [ -99.655318514440921, 19.138802733730813 ], [ -99.655279910025342, 19.138658277988668 ], [ -99.655098678657566, 19.138514330444139 ], [ -99.654860468101845, 19.138388659818588 ], [ -99.654774428801375, 19.138271484135544 ], [ -99.654687320987762, 19.137883199678697 ], [ -99.654579736616768, 19.137124467550905 ], [ -99.654569231070639, 19.136871466550872 ], [ -99.65462482110172, 19.136500748140406 ], [ -99.654765665310265, 19.136048392389682 ], [ -99.654954228451174, 19.135641052012602 ], [ -99.655037736358281, 19.135116603555502 ], [ -99.655045926153662, 19.134782202167685 ], [ -99.655026018821445, 19.134556345895135 ], [ -99.654938556387719, 19.134077691751258 ], [ -99.6548325768116, 19.133725622699671 ], [ -99.654737281171606, 19.13367173945511 ], [ -99.65466157174734, 19.133762379858922 ], [ -99.654549431686348, 19.134259818878661 ], [ -99.654417064103143, 19.13445006880545 ], [ -99.65424652086665, 19.134604306104109 ], [ -99.654075870568761, 19.134731432365811 ], [ -99.652700546752953, 19.135594842342925 ], [ -99.652302120547517, 19.135831220395687 ], [ -99.651979334227008, 19.135958884362196 ], [ -99.650668671519554, 19.136343084450459 ], [ -99.649965654519178, 19.136499201229185 ], [ -99.649566515303491, 19.136554834147887 ], [ -99.649271755926293, 19.136555875127442 ], [ -99.649109972419978, 19.136520297910181 ], [ -99.648909837789688, 19.136403522040155 ], [ -99.648604652825554, 19.136169634269493 ], [ -99.648318379570924, 19.135908568004538 ], [ -99.648069928947223, 19.135593145397763 ], [ -99.647773056807353, 19.135051965564514 ], [ -99.647687129906558, 19.134961897243727 ], [ -99.647050462361108, 19.135063546537708 ], [ -99.646537683152872, 19.135237054918491 ], [ -99.646252715489084, 19.135310353364957 ], [ -99.646110020662832, 19.135292780571035 ], [ -99.645986201894516, 19.13523899296149 ], [ -99.645662006511543, 19.13500516689237 ], [ -99.645423210932506, 19.134725855017962 ], [ -99.645355740267803, 19.134491127176375 ], [ -99.645383843742195, 19.134382583340368 ], [ -99.64547808353808, 19.134165362169938 ], [ -99.645761398647494, 19.133667327008368 ], [ -99.64578943147643, 19.133540709156364 ], [ -99.645779396362173, 19.133405187871631 ], [ -99.645701399064137, 19.132908421126956 ], [ -99.645558004070494, 19.132710108254685 ], [ -99.645166871312597, 19.132377107907189 ], [ -99.645042949777235, 19.132296208631317 ], [ -99.644566947173246, 19.132144246660459 ], [ -99.644461832014883, 19.132009058442179 ], [ -99.644480042010343, 19.131801141223605 ], [ -99.644584175387195, 19.131683293945343 ], [ -99.645629363655019, 19.131498885964731 ], [ -99.64617142988908, 19.131524093697351 ], [ -99.646342540264925, 19.131514455373463 ], [ -99.646494423473996, 19.131450661859844 ], [ -99.646414175136272, 19.130375528646141 ], [ -99.646394702086582, 19.130258114732158 ], [ -99.646250746332782, 19.129915210609965 ], [ -99.646231273462377, 19.129797796667788 ], [ -99.646240359706155, 19.129689319492286 ], [ -99.646306634377027, 19.129616789804061 ], [ -99.646582154685746, 19.129561598899386 ], [ -99.647257115055822, 19.129532113791868 ], [ -99.647380366586219, 19.129441309025538 ], [ -99.647157424999705, 19.128348603938775 ], [ -99.647099955320471, 19.128240360855443 ], [ -99.646947055018359, 19.128042082342574 ], [ -99.646812643244914, 19.127708182099468 ], [ -99.646793170288845, 19.127590768192931 ], [ -99.64680225609095, 19.127482290978207 ], [ -99.646839865422919, 19.127373713470661 ], [ -99.646906068581245, 19.127283109618759 ], [ -99.647019881212486, 19.127210412513534 ], [ -99.647229124004753, 19.127227750672887 ], [ -99.647629227907373, 19.12742515887237 ], [ -99.647914815653337, 19.127514524290405 ], [ -99.648057574397058, 19.127550169849599 ], [ -99.648247625728231, 19.127522388923921 ], [ -99.648578390300486, 19.127006108161254 ], [ -99.648654064896675, 19.126906433209058 ], [ -99.648739317764012, 19.126824798657708 ], [ -99.648957785699963, 19.126769805499578 ], [ -99.649147941854324, 19.126769134608139 ], [ -99.649290629575262, 19.126786705267534 ], [ -99.649423950763833, 19.126840457291735 ], [ -99.650272161341604, 19.127352575812438 ], [ -99.650952407405441, 19.126247643726174 ], [ -99.650875672797554, 19.126076210298379 ], [ -99.650770592007575, 19.125950062611594 ], [ -99.650417850118288, 19.125707308270535 ], [ -99.65035097766139, 19.125626210753353 ], [ -99.650217126886218, 19.125436904704486 ], [ -99.650092430681923, 19.125157195164547 ], [ -99.649934865556702, 19.123766037787163 ], [ -99.650029517827022, 19.123657258151013 ], [ -99.650855478326548, 19.123347076701407 ], [ -99.651199699363474, 19.123842899427757 ], [ -99.651496632103886, 19.124402148600211 ], [ -99.651641053978267, 19.124862529331836 ], [ -99.651690009732647, 19.125223839981459 ], [ -99.651644490701187, 19.125739115966041 ], [ -99.651702883678126, 19.12608231894302 ], [ -99.652409579834398, 19.126875078882108 ], [ -99.652475850657595, 19.126802547061743 ], [ -99.652494085720491, 19.126603666218386 ], [ -99.65245481287235, 19.126287507047209 ], [ -99.652492382750495, 19.126169891514053 ], [ -99.652869392114553, 19.125328103784057 ], [ -99.652983129699692, 19.12523732914434 ], [ -99.653125709876235, 19.125227785939728 ], [ -99.654106817868524, 19.125685192354297 ], [ -99.654221159698295, 19.125748045465855 ], [ -99.654383431709675, 19.125910136088521 ], [ -99.654517287529984, 19.126099438944209 ], [ -99.654613183767765, 19.126306950956632 ], [ -99.654670835539207, 19.126460376435318 ], [ -99.654813665856977, 19.126514090676551 ], [ -99.654908530017281, 19.126459530422267 ], [ -99.654924625536751, 19.125718431278301 ], [ -99.654922168536018, 19.125094880377617 ], [ -99.65475049594022, 19.124959934954916 ], [ -99.654358688201341, 19.124455251424081 ], [ -99.653861339063553, 19.123706940389582 ], [ -99.653812983417083, 19.123499258935681 ], [ -99.653822064489759, 19.123390781468515 ], [ -99.653869175949467, 19.123282168853621 ], [ -99.653935338085603, 19.123182525620223 ], [ -99.654068017697966, 19.123073608820505 ], [ -99.654181433030999, 19.122901500722776 ], [ -99.654256568896528, 19.122666268975649 ], [ -99.654274339155279, 19.122349907285923 ], [ -99.654215160069498, 19.121807891671153 ], [ -99.65423289480583, 19.121482492981784 ], [ -99.654279436446245, 19.121229288667223 ], [ -99.6543170395625, 19.121120709744275 ], [ -99.654487320273915, 19.120903213746203 ], [ -99.65466753501812, 19.120794127469821 ], [ -99.654886420069715, 19.120847571219372 ], [ -99.655000936809984, 19.120955608838528 ], [ -99.655364179753519, 19.121451355994566 ], [ -99.655708908874317, 19.122073687704642 ], [ -99.656015289423181, 19.122614821511434 ], [ -99.656234890765234, 19.122849002958617 ], [ -99.656310772928464, 19.122803546822524 ], [ -99.656841446993326, 19.1223588354556 ], [ -99.657067806306657, 19.121897135351105 ], [ -99.657029311942892, 19.121779790548828 ], [ -99.657076385139874, 19.121662140200669 ], [ -99.657596259236072, 19.12089212983426 ], [ -99.657747663458565, 19.120710846775296 ], [ -99.658628096746384, 19.119758802548574 ], [ -99.659958198301467, 19.119519072777621 ], [ -99.66090706749975, 19.119045738584987 ], [ -99.66106847675502, 19.118990936279147 ], [ -99.662000447834714, 19.119050845747324 ], [ -99.662789737232174, 19.119093190226863 ], [ -99.663643738769849, 19.11867440635973 ], [ -99.663548196770307, 19.118557268695383 ], [ -99.66314759221865, 19.118233377390823 ], [ -99.662814080482349, 19.11804479992162 ], [ -99.662699921058049, 19.118027136849889 ], [ -99.662585905697142, 19.118045621557883 ], [ -99.662054037543385, 19.118183092065067 ], [ -99.661920935455612, 19.118183570840984 ], [ -99.661825646717489, 19.118129690980084 ], [ -99.660757239162081, 19.117229820507532 ], [ -99.660375334582568, 19.116824521884098 ], [ -99.659887884499312, 19.1161755992037 ], [ -99.659734586501997, 19.115877924512063 ], [ -99.659667140170995, 19.115652238785742 ], [ -99.659415511023099, 19.114532540077619 ], [ -99.659395636933937, 19.114315720861839 ], [ -99.659421184257837, 19.113565549957457 ], [ -99.659430153845506, 19.113429961303552 ], [ -99.659467644474148, 19.11329427047059 ], [ -99.65959995427221, 19.113094980179085 ], [ -99.659827046897874, 19.112823053262389 ], [ -99.660205963405019, 19.112478284816234 ], [ -99.660414578509858, 19.112341979990163 ], [ -99.660718119208695, 19.112169185847961 ], [ -99.660983882882931, 19.112059786569716 ], [ -99.663035112895614, 19.111483072764429 ], [ -99.664353071819505, 19.110601722797242 ], [ -99.664467154066529, 19.110601311072855 ], [ -99.665779533723025, 19.110705014735231 ], [ -99.665903159040568, 19.110713604701516 ], [ -99.666205532691833, 19.110251618902907 ], [ -99.666128645751087, 19.110044043933613 ], [ -99.66611827047285, 19.109827191188572 ], [ -99.666269908854076, 19.109709160236264 ], [ -99.666383845645726, 19.109672599486828 ], [ -99.666725800579513, 19.109599064677298 ], [ -99.667409346931152, 19.109361623554378 ], [ -99.668500992065333, 19.108950993826284 ], [ -99.668414850365252, 19.108806713097579 ], [ -99.667639581917001, 19.107508184421533 ], [ -99.667457903818899, 19.107246767330878 ], [ -99.667334136053512, 19.10720203047083 ], [ -99.667220092444154, 19.107211480865772 ], [ -99.666963702567671, 19.107284706548512 ], [ -99.66675462848491, 19.107303537963332 ], [ -99.66616507073644, 19.10726952354662 ], [ -99.66597472049466, 19.107215989549502 ], [ -99.663356894068954, 19.106348840619432 ], [ -99.663251708940265, 19.106195588781191 ], [ -99.66325116860537, 19.106060034182008 ], [ -99.663288690654667, 19.105933379580335 ], [ -99.66341148364495, 19.105734120949421 ], [ -99.664073301439316, 19.104818987985311 ], [ -99.664225297605981, 19.104791328476324 ], [ -99.664387088888759, 19.104835930324612 ], [ -99.664920320883368, 19.105050896112346 ], [ -99.665272496253237, 19.105158069320225 ], [ -99.665709833282051, 19.105165525878817 ], [ -99.665985161269475, 19.105074159305843 ], [ -99.66629811702046, 19.104883248083524 ], [ -99.666961400372372, 19.104338620947999 ], [ -99.667084550034588, 19.104229729683823 ], [ -99.667169456236479, 19.104066754302892 ], [ -99.667159080238093, 19.103849901506692 ], [ -99.667082267798207, 19.103660400676233 ], [ -99.666967683305018, 19.10353429631158 ], [ -99.666844280576811, 19.103579928708484 ], [ -99.666653463779426, 19.103408914665522 ], [ -99.666586520532746, 19.103309748881145 ], [ -99.666022132818171, 19.1024351920002 ], [ -99.665964407434899, 19.102263695800218 ], [ -99.666400289422995, 19.101909672089391 ], [ -99.666494810110805, 19.101773773511127 ], [ -99.666522750091929, 19.101629078754854 ], [ -99.666445758546956, 19.101394392700286 ], [ -99.66630186127594, 19.101069577629119 ], [ -99.666206147116327, 19.100907256007872 ], [ -99.666196025905094, 19.100753661851797 ], [ -99.666837420944603, 19.099495183313707 ], [ -99.667026857175813, 19.099322792400812 ], [ -99.667282908827985, 19.099168234187118 ], [ -99.667643745519001, 19.099067518462277 ], [ -99.668688373373925, 19.098801653048156 ], [ -99.669106499600673, 19.098763986219922 ], [ -99.669268286133615, 19.098808583947061 ], [ -99.67002998013038, 19.099104039057011 ], [ -99.671087316272576, 19.099633378555666 ], [ -99.671335061008676, 19.099777069287313 ], [ -99.671468804318181, 19.099939249508907 ], [ -99.671708575312095, 19.100462526830825 ], [ -99.67188070942484, 19.100714937657301 ], [ -99.67243433696018, 19.101273217061362 ], [ -99.672577114132594, 19.101317881183888 ], [ -99.672604573971626, 19.101055705169642 ], [ -99.672151975659006, 19.099620459279322 ], [ -99.671530462548787, 19.098728053639661 ], [ -99.669601784220276, 19.096638467409377 ], [ -99.668803022133943, 19.096578109422126 ], [ -99.668669211574411, 19.096397853098836 ], [ -99.668495236317199, 19.095684553213403 ], [ -99.668428222693478, 19.095567314006757 ], [ -99.668313751812605, 19.095468321154442 ], [ -99.668104583941044, 19.095460042745742 ], [ -99.667526530664418, 19.095913993582485 ], [ -99.667241821225389, 19.09603250742316 ], [ -99.665586545730605, 19.095731233764184 ], [ -99.663942187232067, 19.095782353090897 ], [ -99.66366629683904, 19.095729124547177 ], [ -99.663331678350914, 19.095251362738793 ], [ -99.66294949606305, 19.094764734299702 ], [ -99.662806690928051, 19.094711025447964 ], [ -99.662398546287136, 19.094866124365126 ], [ -99.662095110262385, 19.095056994568836 ], [ -99.661981254200725, 19.095111626421158 ], [ -99.661620494030444, 19.095230404914162 ], [ -99.661250083768721, 19.095313068885616 ], [ -99.660974481898222, 19.095332132162298 ], [ -99.660727218604052, 19.095305907806278 ], [ -99.660213465234051, 19.095199304289679 ], [ -99.660089672492404, 19.095145525183511 ], [ -99.660003760440247, 19.095055461810034 ], [ -99.659610077328807, 19.094062788659244 ], [ -99.659027676733501, 19.09342323731704 ], [ -99.658551596244081, 19.093226122977626 ], [ -99.658332425229219, 19.093091349419808 ], [ -99.658246550921376, 19.093010322141936 ], [ -99.658188872780556, 19.092847859986421 ], [ -99.658215425648166, 19.092350723341326 ], [ -99.658271531767753, 19.092115557680472 ], [ -99.658677600697956, 19.091436322191669 ], [ -99.659254018275021, 19.090566696843041 ], [ -99.659432837789325, 19.090114200780704 ], [ -99.659639457514402, 19.089480862546964 ], [ -99.65970424312593, 19.089037811520711 ], [ -99.659751377509451, 19.088938234401155 ], [ -99.659988051273217, 19.088693384532633 ], [ -99.660082820865853, 19.088620748093717 ], [ -99.660225154210764, 19.088556978328029 ], [ -99.660367774084762, 19.088565504421638 ], [ -99.660482128014337, 19.088637391584712 ], [ -99.660587048114962, 19.088727386739322 ], [ -99.6606064536183, 19.088826725533977 ], [ -99.66073967566831, 19.088862396392926 ], [ -99.660863248720261, 19.088861953265621 ], [ -99.660957874559074, 19.088753168408573 ], [ -99.661041488273099, 19.088264863828726 ], [ -99.66094600209351, 19.088156760844015 ], [ -99.660336677664702, 19.087914942887778 ], [ -99.659182641524467, 19.086943064796174 ], [ -99.658075931895098, 19.085916787256053 ], [ -99.657999495583226, 19.085817651738864 ], [ -99.658018078120335, 19.085709139830215 ], [ -99.658074718089495, 19.085609529163833 ], [ -99.658140899128682, 19.085518921540597 ], [ -99.658264076957039, 19.085419073201024 ], [ -99.65864336506985, 19.085182752755486 ], [ -99.659336079891375, 19.084882050667716 ], [ -99.660246412970594, 19.084327527002017 ], [ -99.660331638848675, 19.08424588752905 ], [ -99.660321202205068, 19.084010959577824 ], [ -99.660204738705033, 19.083405889130177 ], [ -99.66020384343841, 19.083179964099145 ], [ -99.660288137589987, 19.082863362616365 ], [ -99.660419778634832, 19.082501405811001 ], [ -99.660495283320699, 19.082365578322936 ], [ -99.660855443306616, 19.082102210665823 ], [ -99.661073848541037, 19.082047204739411 ], [ -99.66144455249588, 19.08204587489314 ], [ -99.661558722889936, 19.082072576559653 ], [ -99.661692262672261, 19.082189579909596 ], [ -99.661750011942047, 19.082370115161723 ], [ -99.661770494093503, 19.082740563875063 ], [ -99.661875841851213, 19.082939002427224 ], [ -99.663748093298352, 19.085245773609643 ], [ -99.66451187838021, 19.086083473609165 ], [ -99.664941247087881, 19.086488595347078 ], [ -99.665236783000012, 19.086704419661601 ], [ -99.666474954990349, 19.087314470044078 ], [ -99.666627296480442, 19.087377178852876 ], [ -99.667120244497141, 19.087041021754089 ], [ -99.66717691555192, 19.086950445440152 ], [ -99.666967758406827, 19.086942165406072 ], [ -99.666692388320257, 19.087015458728104 ], [ -99.666606947292678, 19.087042879152079 ], [ -99.666387850690569, 19.086926189010228 ], [ -99.665490976101466, 19.086088977846714 ], [ -99.665357105665862, 19.085890644570895 ], [ -99.664588198145452, 19.083769695279841 ], [ -99.664775131394265, 19.082973754351769 ], [ -99.664821972626555, 19.082801880067677 ], [ -99.664707548896786, 19.082711921500902 ], [ -99.664469773204416, 19.082676630311369 ], [ -99.664089670874262, 19.082705111513803 ], [ -99.663907522468833, 19.08231717129928 ], [ -99.664208916192138, 19.081620226877135 ], [ -99.66433208744354, 19.081520374636852 ], [ -99.664626928672305, 19.081564497434556 ], [ -99.664788697274048, 19.081609099721561 ], [ -99.664969981281047, 19.081780151202963 ], [ -99.665207936167405, 19.081860626753837 ], [ -99.665483767759554, 19.081904816756946 ], [ -99.665759382829606, 19.081894784388226 ], [ -99.665882733892659, 19.081840116098249 ], [ -99.665929754283184, 19.081713426517638 ], [ -99.66435808079973, 19.08088768216885 ], [ -99.663604474072486, 19.080212612069317 ], [ -99.663556444664323, 19.080086265170507 ], [ -99.663461141664413, 19.080023348293992 ], [ -99.663213864929787, 19.079988089558128 ], [ -99.663052314042091, 19.079997707816517 ], [ -99.662768274996722, 19.080278880211551 ], [ -99.662588001006782, 19.080360862415716 ], [ -99.662492841910364, 19.080334093033969 ], [ -99.662435415951165, 19.080234890979739 ], [ -99.662501197312395, 19.080044874871817 ], [ -99.662991328419594, 19.079003842949305 ], [ -99.663095776121963, 19.078976355909447 ], [ -99.663609732591794, 19.079146212024739 ], [ -99.663752380473511, 19.079163772744721 ], [ -99.66388541531478, 19.079154256587117 ], [ -99.663941833589604, 19.079000422229058 ], [ -99.663931896490681, 19.078892012476388 ], [ -99.663864029181639, 19.078557883118094 ], [ -99.663739456055623, 19.078305292040113 ], [ -99.663752131571698, 19.076714711528155 ], [ -99.663789791337479, 19.076624204640495 ], [ -99.66412134707781, 19.076342859625981 ], [ -99.664387196048892, 19.076269604812069 ], [ -99.664757886902748, 19.076268268691308 ], [ -99.665431002461901, 19.075832058413482 ], [ -99.665535195153666, 19.0757413110627 ], [ -99.665676865780142, 19.075514871416431 ], [ -99.665771589394296, 19.075433195252685 ], [ -99.665904476685398, 19.07538752973386 ], [ -99.666037508344345, 19.075378012114584 ], [ -99.666161179616211, 19.075404676732148 ], [ -99.666418424564483, 19.075557378333542 ], [ -99.667610874304501, 19.076637519690337 ], [ -99.667667034917827, 19.076420425321203 ], [ -99.666998292675089, 19.075573355855624 ], [ -99.666435194059204, 19.074997015771146 ], [ -99.666358866498172, 19.074924994597268 ], [ -99.666116443099781, 19.07372393228593 ], [ -99.666125586722956, 19.073633527953234 ], [ -99.666382034076605, 19.073587415732675 ], [ -99.667151447551703, 19.073467150951444 ], [ -99.667303559387619, 19.073475637685078 ], [ -99.667522457652808, 19.073547142439168 ], [ -99.668332787418876, 19.074149694789412 ], [ -99.668676662803136, 19.074573193021308 ], [ -99.66890619207328, 19.074924808395963 ], [ -99.669889581951793, 19.076014730220209 ], [ -99.670242679366197, 19.076365894757487 ], [ -99.670871820715092, 19.076815462668776 ], [ -99.67109119784817, 19.077004443816293 ], [ -99.671664079000834, 19.077643993129527 ], [ -99.672160669481912, 19.078220558844009 ], [ -99.672322801177359, 19.078355524411052 ], [ -99.672512974061647, 19.078372905026413 ], [ -99.672712469582905, 19.078345065846918 ], [ -99.673273483381706, 19.078397240604431 ], [ -99.673540426850991, 19.078595082072582 ], [ -99.673959487808133, 19.078801404208662 ], [ -99.674491951767891, 19.078844642458478 ], [ -99.674700915879441, 19.078807729366872 ], [ -99.675071062479731, 19.078670817664431 ], [ -99.675696854183514, 19.078288966426499 ], [ -99.676010152174172, 19.078197446785737 ], [ -99.676295264932548, 19.078187364014184 ], [ -99.676761229127237, 19.078239876788359 ], [ -99.677570218074891, 19.078498981503117 ], [ -99.677674258549644, 19.078372079574365 ], [ -99.676597883354589, 19.077806695017728 ], [ -99.676388444182123, 19.077726129514872 ], [ -99.676141132060764, 19.077681851113141 ], [ -99.675485510112821, 19.077738477042658 ], [ -99.674915944649229, 19.077921305227051 ], [ -99.674668778896546, 19.077913172767012 ], [ -99.672935444421796, 19.077070018685731 ], [ -99.672716247563585, 19.076926224723024 ], [ -99.672305749962902, 19.076484903245898 ], [ -99.671742193300588, 19.075800136235671 ], [ -99.670996922067502, 19.074835877910232 ], [ -99.670346416272309, 19.073798974768067 ], [ -99.669935170074496, 19.07316787058204 ], [ -99.669524943283477, 19.0727898011869 ], [ -99.66936245648219, 19.072564462895059 ], [ -99.669295270700275, 19.072402038471068 ], [ -99.669236174883451, 19.071887136693704 ], [ -99.66929240453095, 19.071688115823861 ], [ -99.669960115118045, 19.069914414334733 ], [ -99.670669137388359, 19.068962938963182 ], [ -99.671010207113909, 19.068690584582896 ], [ -99.671342790050971, 19.068671300057247 ], [ -99.671571224356967, 19.068751802581176 ], [ -99.671704869150915, 19.068895909940125 ], [ -99.671867464547574, 19.069148357250128 ], [ -99.672134391232589, 19.06934620145671 ], [ -99.672410239932617, 19.069399418725197 ], [ -99.672675454097998, 19.069172523491375 ], [ -99.672930470126119, 19.068773959724524 ], [ -99.673034544881148, 19.068656097351152 ], [ -99.673233882773673, 19.068592109971632 ], [ -99.673443272418126, 19.068663642546028 ], [ -99.67371012707315, 19.068843410467423 ], [ -99.673920174674322, 19.069077608301711 ], [ -99.674120279952263, 19.069203396740932 ], [ -99.674431807464771, 19.068678104713797 ], [ -99.674459955253553, 19.068587630555726 ], [ -99.674211451387805, 19.068245128421665 ], [ -99.673962327630704, 19.067748997061869 ], [ -99.673904424776822, 19.067532317634232 ], [ -99.67389324046826, 19.067116650745561 ], [ -99.673940323970214, 19.067008033218315 ], [ -99.674347329880106, 19.06659083794051 ], [ -99.674460979710716, 19.066491014043663 ], [ -99.674954143471041, 19.066227133544885 ], [ -99.675571630121624, 19.066152576084392 ], [ -99.675780211939582, 19.066025292323275 ], [ -99.675931218339429, 19.065762662465488 ], [ -99.675977091374193, 19.065355823801553 ], [ -99.675995037609198, 19.065093681442022 ], [ -99.675935997782744, 19.064596855943591 ], [ -99.675859011990326, 19.064362172767574 ], [ -99.675677150955153, 19.064046539570882 ], [ -99.675505636587786, 19.063938722178136 ], [ -99.674687912372065, 19.063851343359318 ], [ -99.67441258387538, 19.063924647122008 ], [ -99.674099676716764, 19.06410653333387 ], [ -99.673701888195012, 19.064451397341998 ], [ -99.673493781047341, 19.064696159697235 ], [ -99.672784646753996, 19.0656114973321 ], [ -99.672635385012995, 19.066307900534071 ], [ -99.672361180990947, 19.066661348218702 ], [ -99.67187788007999, 19.067015557275056 ], [ -99.671507683413154, 19.067134388032571 ], [ -99.67104215160208, 19.067181267882802 ], [ -99.670661795340493, 19.067137465589269 ], [ -99.668911035050314, 19.066655817811238 ], [ -99.668396786628364, 19.066404642213456 ], [ -99.66812047332445, 19.066233937690924 ], [ -99.667891283990627, 19.065963653631059 ], [ -99.667843328217884, 19.065855381637903 ], [ -99.667756342201642, 19.065494211123962 ], [ -99.667764362931393, 19.065123659515734 ], [ -99.667808699890315, 19.064328231006925 ], [ -99.667874252269826, 19.064083990998085 ], [ -99.667978327880235, 19.063966131398445 ], [ -99.6682534785607, 19.063847652123911 ], [ -99.668908904399643, 19.063754905403925 ], [ -99.66979152214077, 19.063435403284188 ], [ -99.671432975386438, 19.062742614357035 ], [ -99.671499103960798, 19.062642965211523 ], [ -99.671450382971614, 19.062344917140365 ], [ -99.671477913002548, 19.062100814339431 ], [ -99.67156250369942, 19.061865540972065 ], [ -99.672279968216003, 19.060660989288408 ], [ -99.672344929983637, 19.060272155817756 ], [ -99.672248943489137, 19.060037540071903 ], [ -99.671781393828894, 19.059578349054448 ], [ -99.671572016372181, 19.059506814151632 ], [ -99.671077376041637, 19.05940016817209 ], [ -99.669478251295061, 19.058791451723323 ], [ -99.668753890989649, 19.058278961386748 ], [ -99.668696578067568, 19.058206871959669 ], [ -99.668552897652717, 19.057927241187485 ], [ -99.668552137214249, 19.05773746396045 ], [ -99.668646777133517, 19.057637712492578 ], [ -99.669159584916258, 19.057536445061885 ], [ -99.669757237086344, 19.05726316262519 ], [ -99.670069737435199, 19.056981876796272 ], [ -99.670116639353012, 19.056828075093506 ], [ -99.669884884404837, 19.055916165241001 ], [ -99.669701811086725, 19.055293266864169 ], [ -99.669614718567573, 19.054904985736073 ], [ -99.66936149735966, 19.053378626926417 ], [ -99.669340931682939, 19.052990104260971 ], [ -99.669378329732126, 19.052836337157942 ], [ -99.669491611031958, 19.052646146229335 ], [ -99.670638161886643, 19.051801529377485 ], [ -99.671083917390149, 19.051573980643695 ], [ -99.671263502072691, 19.051329324740323 ], [ -99.67160322666939, 19.05073163744953 ], [ -99.671896268599824, 19.050341973810077 ], [ -99.67230353171999, 19.049997079478999 ], [ -99.672853343567738, 19.049651664745227 ], [ -99.673327891890494, 19.049496302969658 ], [ -99.674343618618423, 19.049212443859801 ], [ -99.675255975053517, 19.049218145893633 ], [ -99.677223787525577, 19.049364568566034 ], [ -99.678022801818258, 19.049542378261719 ], [ -99.67950811921952, 19.050223738864474 ], [ -99.680413592642253, 19.050871076925489 ], [ -99.680575740273923, 19.051015073245821 ], [ -99.681311082043635, 19.051888962071814 ], [ -99.681521523778144, 19.05222255892312 ], [ -99.681742023600009, 19.052691675262849 ], [ -99.681992881824726, 19.053612535431967 ], [ -99.682128960742602, 19.054353076855307 ], [ -99.682093310333869, 19.054931584626615 ], [ -99.681973197733726, 19.055772481107795 ], [ -99.681898460757225, 19.056089056624501 ], [ -99.681539829769122, 19.056704905894549 ], [ -99.68123067065585, 19.057799539424877 ], [ -99.681052901852809, 19.058487016986362 ], [ -99.681053492091507, 19.058631608774476 ], [ -99.681129818094632, 19.058703624027771 ], [ -99.681510673872026, 19.058873923086026 ], [ -99.681710439749565, 19.058918370764786 ], [ -99.681843383144326, 19.058890768190736 ], [ -99.682422121096408, 19.058644626452065 ], [ -99.682555212024965, 19.058653171310254 ], [ -99.684572995211852, 19.059368665767693 ], [ -99.685097008078344, 19.059683019937609 ], [ -99.685430721606451, 19.059943856897632 ], [ -99.685898234398906, 19.060384938157483 ], [ -99.686117977380093, 19.060664271658709 ], [ -99.686222781180561, 19.06072714168738 ], [ -99.686250735438477, 19.060591481018548 ], [ -99.686427220350595, 19.059596742039332 ], [ -99.686426811336901, 19.059497335307412 ], [ -99.686109280486278, 19.058549619237908 ], [ -99.685870569925726, 19.058279393204714 ], [ -99.685822456432447, 19.058134978176327 ], [ -99.685840386774998, 19.057872835160936 ], [ -99.686054515247008, 19.056787585181439 ], [ -99.686120446866653, 19.056642746180728 ], [ -99.686233934163454, 19.05650676743852 ], [ -99.686461577412842, 19.056397475372478 ], [ -99.686594517908873, 19.056369869455295 ], [ -99.6871362669213, 19.056376890161062 ], [ -99.687316539719063, 19.05630392190028 ], [ -99.687420149794946, 19.056077608086014 ], [ -99.687521413854597, 19.055281964638709 ], [ -99.687644179299241, 19.055091727803017 ], [ -99.687909759697504, 19.054964218421844 ], [ -99.688261505946912, 19.054990018311685 ], [ -99.688528353451545, 19.055169765246546 ], [ -99.688853081480772, 19.055557149365654 ], [ -99.689111285220179, 19.055944781278527 ], [ -99.689168755231321, 19.056053012027689 ], [ -99.689189255643612, 19.0564144199883 ], [ -99.689275498353197, 19.056585803022472 ], [ -99.689829740574226, 19.057315738039961 ], [ -99.690097154161037, 19.057631037049987 ], [ -99.69155568991107, 19.058700992511831 ], [ -99.691736262851407, 19.058700315664282 ], [ -99.692591870861634, 19.058760365895864 ], [ -99.692820263248791, 19.058831805331067 ], [ -99.69303956491467, 19.059002686771976 ], [ -99.693440830225938, 19.059507257014275 ], [ -99.69378533761062, 19.060075299432526 ], [ -99.694832725184426, 19.060541287345472 ], [ -99.694879717870435, 19.060414590964626 ], [ -99.694668298295369, 19.059855086820448 ], [ -99.694662127241827, 19.058373025331491 ], [ -99.694727412154748, 19.05807455515685 ], [ -99.694736012836813, 19.057857632304547 ], [ -99.69461159831377, 19.057650247298852 ], [ -99.694077507333418, 19.05720040174424 ], [ -99.693963312003518, 19.057164682807809 ], [ -99.693600516697018, 19.056768414144415 ], [ -99.693513969029596, 19.056524737558334 ], [ -99.693512466625691, 19.056163258949482 ], [ -99.69353909966344, 19.055711303523537 ], [ -99.693433770708623, 19.055521920078775 ], [ -99.692994388332181, 19.054990381147491 ], [ -99.692793161418308, 19.054593503855415 ], [ -99.692763787751232, 19.054385760604191 ], [ -99.692848719751964, 19.054240848028201 ], [ -99.693010055482148, 19.05418601963072 ], [ -99.69473133160227, 19.054450661452108 ], [ -99.695054942989145, 19.05456692535887 ], [ -99.695741085762734, 19.055016195213227 ], [ -99.69655047778673, 19.05539270042209 ], [ -99.697007331967541, 19.055553643358621 ], [ -99.697977119846314, 19.055649386157029 ], [ -99.697824078817405, 19.055415000299433 ], [ -99.697003217601605, 19.054568614745108 ], [ -99.695905970522631, 19.053533488360642 ], [ -99.695800828778715, 19.05338929108251 ], [ -99.695635615010531, 19.052513314534906 ], [ -99.695710701069856, 19.052287103855008 ], [ -99.695842581587385, 19.052006456398431 ], [ -99.695860043704215, 19.051635869171776 ], [ -99.695811848424171, 19.051473382926133 ], [ -99.695658776744324, 19.051229957982855 ], [ -99.695458602754911, 19.051086118561727 ], [ -99.694877842027154, 19.050835266727859 ], [ -99.694515961349111, 19.050655886480342 ], [ -99.693829990310633, 19.050242759069477 ], [ -99.693734543631024, 19.050143709574115 ], [ -99.692503025475219, 19.048801803724018 ], [ -99.69221642831701, 19.048441393990686 ], [ -99.692081921609372, 19.048089450766952 ], [ -99.691955944815618, 19.04750251039917 ], [ -99.69186962951261, 19.047313054434824 ], [ -99.691774410376809, 19.047268225669598 ], [ -99.691470121207658, 19.047224180037404 ], [ -99.691346242979648, 19.047143309911689 ], [ -99.691192994802748, 19.046854695925276 ], [ -99.691135339821528, 19.046701280744969 ], [ -99.691104511010451, 19.04614109473863 ], [ -99.691226592473413, 19.045788190036376 ], [ -99.692443722986695, 19.043668943305704 ], [ -99.692651926388407, 19.043460308634224 ], [ -99.693334864343399, 19.043150483450916 ], [ -99.693676820374094, 19.043113050651129 ], [ -99.694095062730128, 19.043138590305432 ], [ -99.694208947826155, 19.043102013703276 ], [ -99.694341575719989, 19.043002106728295 ], [ -99.694492683139174, 19.042775610507761 ], [ -99.694520026767862, 19.042495357003816 ], [ -99.694001499073295, 19.041204998459875 ], [ -99.693857867653662, 19.040943461699783 ], [ -99.693837923387491, 19.040717608615637 ], [ -99.693931111587403, 19.04027443953504 ], [ -99.694305850812498, 19.038980722676229 ], [ -99.69459942013566, 19.038735616499991 ], [ -99.695358055654765, 19.03835320264136 ], [ -99.696440908097259, 19.038240677045565 ], [ -99.69660203881665, 19.038140661058094 ], [ -99.696515346696799, 19.037860837313985 ], [ -99.695865213978266, 19.036914390257436 ], [ -99.695874227164495, 19.036796873719084 ], [ -99.695968914137154, 19.036715182860405 ], [ -99.697201269533878, 19.035996602652972 ], [ -99.697571755188676, 19.035968092475116 ], [ -99.697762221059463, 19.036066781371972 ], [ -99.698382039512751, 19.036579554597097 ], [ -99.699508337523866, 19.037768191769089 ], [ -99.699670374356344, 19.037885060489316 ], [ -99.700050707099024, 19.037937841961082 ], [ -99.700362816449342, 19.037584211241381 ], [ -99.700580921856613, 19.037474938688035 ], [ -99.701863204789504, 19.037334513627854 ], [ -99.702243156884606, 19.037296920935319 ], [ -99.70422224970207, 19.037894871766071 ], [ -99.704670360113994, 19.038245609762953 ], [ -99.705243457047004, 19.038939279377814 ], [ -99.705348673541437, 19.039101545450251 ], [ -99.705509761290614, 19.038992484885057 ], [ -99.705736412999499, 19.038657246037531 ], [ -99.705780871500735, 19.03793410774017 ], [ -99.705864332960402, 19.037445785083719 ], [ -99.706323349755564, 19.03588061095121 ], [ -99.70646500841292, 19.035672215746274 ], [ -99.707042671876195, 19.035200075929254 ], [ -99.707251114079611, 19.035054684247086 ], [ -99.707526226174139, 19.03494518540316 ], [ -99.707811146646861, 19.034907945415512 ], [ -99.708020468676239, 19.03497040293081 ], [ -99.708931975623955, 19.034795201875852 ], [ -99.709197353494915, 19.034631515322303 ], [ -99.71025074036163, 19.034302132330708 ], [ -99.711361829836619, 19.034135189045685 ], [ -99.711504558272281, 19.034179824846376 ], [ -99.711599851738299, 19.034242717473489 ], [ -99.711733655399428, 19.034422943967115 ], [ -99.712620540920113, 19.035160566647392 ], [ -99.712772927229537, 19.035241312556536 ], [ -99.713028336535331, 19.034969213895806 ], [ -99.713131281826634, 19.034598295504111 ], [ -99.713144346211152, 19.033206531995404 ], [ -99.713200395885849, 19.032980388144381 ], [ -99.713360932332648, 19.03274480372329 ], [ -99.713654500581185, 19.032508705299961 ], [ -99.713910406348077, 19.032354085860788 ], [ -99.715219130973537, 19.031743538228227 ], [ -99.715456803462416, 19.031769729225516 ], [ -99.715714177290465, 19.031958511314315 ], [ -99.716159738059446, 19.031712783027899 ], [ -99.716147757000442, 19.031134455356266 ], [ -99.71617514043578, 19.030872273423597 ], [ -99.716345327828776, 19.030672797507407 ], [ -99.716563607003138, 19.030608691359816 ], [ -99.716763308021541, 19.030644065084971 ], [ -99.716992019774352, 19.030796808240837 ], [ -99.717306562147485, 19.031021514624456 ], [ -99.717592521070344, 19.031228257282294 ], [ -99.717811926238767, 19.031426220982155 ], [ -99.718002398043325, 19.031524888836316 ], [ -99.718287775959027, 19.031596076235019 ], [ -99.718420729631362, 19.03157748507374 ], [ -99.718543909003927, 19.03149567219225 ], [ -99.718638076307059, 19.031296489895283 ], [ -99.71880515120597, 19.03037405653572 ], [ -99.71898460375337, 19.03012031968143 ], [ -99.71931636231966, 19.029929249394058 ], [ -99.719620275277634, 19.029891917546365 ], [ -99.721007782728634, 19.029931693494404 ], [ -99.722005663628124, 19.029963944940903 ], [ -99.723621457749573, 19.030057031471756 ], [ -99.724115921588009, 19.030136427927232 ], [ -99.724534486195694, 19.030243231958991 ], [ -99.724658288488001, 19.030306005994362 ], [ -99.724820530682791, 19.030468037052287 ], [ -99.725002522500688, 19.030801695019136 ], [ -99.72531986027974, 19.031668009238956 ], [ -99.726563009496545, 19.033470539911775 ], [ -99.727625145190359, 19.032978357206844 ], [ -99.727947081594493, 19.032715013679592 ], [ -99.72819284128326, 19.032415821601205 ], [ -99.728730923306273, 19.031600363035977 ], [ -99.728996196929188, 19.031418574948134 ], [ -99.729243017720364, 19.031363378382935 ], [ -99.729737842762518, 19.031524091826554 ], [ -99.729927768597406, 19.031496230297478 ], [ -99.73008879288102, 19.031378112057837 ], [ -99.73023960386638, 19.031097366729 ], [ -99.730409616207737, 19.030861730739673 ], [ -99.730580418279999, 19.030806832948144 ], [ -99.730789624121257, 19.030842153827507 ], [ -99.731018546010318, 19.031040063760599 ], [ -99.732587126178487, 19.033365414201853 ], [ -99.732778757832307, 19.033726136825521 ], [ -99.73308699606622, 19.034673805770069 ], [ -99.733145200120589, 19.034944686729148 ], [ -99.733165513695383, 19.035242829251388 ], [ -99.732960385848685, 19.036138312760102 ], [ -99.732833337762486, 19.037503413542026 ], [ -99.733081236854048, 19.037692208074361 ], [ -99.733547973353325, 19.037943392644763 ], [ -99.73449711762288, 19.037686582725655 ], [ -99.735074745172312, 19.037223394622117 ], [ -99.735625533478014, 19.037139868176439 ], [ -99.735797215750949, 19.037283777247978 ], [ -99.735912360867587, 19.037536356130204 ], [ -99.736308179613275, 19.038944559465108 ], [ -99.736664001617612, 19.039901068363008 ], [ -99.737182491193835, 19.041109964547729 ], [ -99.737729536903828, 19.042327781863719 ], [ -99.737921629747234, 19.042787903880821 ], [ -99.738019653648053, 19.043465290840857 ], [ -99.738124424954606, 19.043519094337626 ], [ -99.73824776259687, 19.043473416003621 ], [ -99.738465489446298, 19.043282767335768 ], [ -99.738711404531557, 19.043019709264229 ], [ -99.738852227898917, 19.042630552738785 ], [ -99.73894165783031, 19.041365007987963 ], [ -99.738949041306341, 19.040886014789976 ], [ -99.738851295411678, 19.04027188644983 ], [ -99.738905952651578, 19.039738481742916 ], [ -99.739094086321188, 19.039303950438807 ], [ -99.739367382509727, 19.038787744563251 ], [ -99.739433620700993, 19.03872422000984 ], [ -99.739489235971689, 19.038407700522782 ], [ -99.739449585353213, 19.038037340147866 ], [ -99.739315109509846, 19.037712544614124 ], [ -99.739160589440189, 19.037152865786538 ], [ -99.739296368056898, 19.035625060214898 ], [ -99.739108545440956, 19.033981067711522 ], [ -99.739097164154146, 19.033556371576708 ], [ -99.739180565929189, 19.033077073833397 ], [ -99.739151619315749, 19.03297778202608 ], [ -99.738989361161885, 19.032815764146221 ], [ -99.73861773404235, 19.032582286877982 ], [ -99.738341689438869, 19.032474945662955 ], [ -99.737808047071951, 19.032133669440725 ], [ -99.73768379991543, 19.031971498524399 ], [ -99.737644354817405, 19.031646321829555 ], [ -99.737561955043816, 19.030200720887308 ], [ -99.73757053976766, 19.029992834169889 ], [ -99.737598527552734, 19.029875240617912 ], [ -99.737721775627847, 19.029811489096176 ], [ -99.738310945651108, 19.029818172701994 ], [ -99.739639959241686, 19.029523671101117 ], [ -99.739972131824061, 19.029431970431517 ], [ -99.739942825337607, 19.02925134660785 ], [ -99.739616675598199, 19.02855679882839 ], [ -99.739286291456381, 19.026904338636427 ], [ -99.739275430495354, 19.026597121936334 ], [ -99.739443786292156, 19.025990965052358 ], [ -99.739879352585206, 19.025645813184781 ], [ -99.740296473722424, 19.025427253106614 ], [ -99.740400433599746, 19.025300317725112 ], [ -99.7404284987756, 19.025200797584375 ], [ -99.740350162646109, 19.024676961768591 ], [ -99.73986573073546, 19.024715050144266 ], [ -99.739059116094666, 19.02495324147435 ], [ -99.738669102177084, 19.02485539312147 ], [ -99.738535557709668, 19.024738445011451 ], [ -99.738344363954525, 19.024477134066274 ], [ -99.738104464840376, 19.023944905400867 ], [ -99.738103387499848, 19.023700908866999 ], [ -99.738423373345825, 19.023003776360952 ], [ -99.73856530013461, 19.022867653212984 ], [ -99.738906362847729, 19.022640363227595 ], [ -99.739029005930888, 19.022441057360481 ], [ -99.739141987245773, 19.022205641785092 ], [ -99.739178755274565, 19.021925345628688 ], [ -99.739005009333198, 19.021311519758171 ], [ -99.738899732752827, 19.021140236346923 ], [ -99.738766071402779, 19.020996177531742 ], [ -99.738670017382105, 19.02076159761765 ], [ -99.738688541434385, 19.02065307874534 ], [ -99.73882076484341, 19.020471808862169 ], [ -99.739180785577958, 19.020235405619246 ], [ -99.739579251129783, 19.020098255638459 ], [ -99.739654663821113, 19.019962397839834 ], [ -99.7398325139485, 19.019356202422784 ], [ -99.739784126842721, 19.019157580552019 ], [ -99.739017377802725, 19.017660493732137 ], [ -99.738779163948323, 19.017507815666022 ], [ -99.738367890576001, 19.016894937819416 ], [ -99.738271839677452, 19.01666035749696 ], [ -99.737800811604984, 19.015424158570454 ], [ -99.737857380731555, 19.01532452496366 ], [ -99.73813192061931, 19.015097502139668 ], [ -99.738378434767185, 19.014979035770182 ], [ -99.740096401986875, 19.014574535252279 ], [ -99.740400361261777, 19.014555244085557 ], [ -99.740600087085454, 19.014599629497923 ], [ -99.741218307664724, 19.014741745145329 ], [ -99.74127587580972, 19.014868033337848 ], [ -99.741258755777039, 19.015292844332407 ], [ -99.741081074819363, 19.01593518870493 ], [ -99.741045071759743, 19.016387186556699 ], [ -99.741133387152161, 19.017019427419427 ], [ -99.741584439691735, 19.018029770214412 ], [ -99.741842501502845, 19.018372143318857 ], [ -99.74206175647447, 19.018533930478213 ], [ -99.742404570933502, 19.018704258218008 ], [ -99.742566938467689, 19.018893384409353 ], [ -99.742625632950194, 19.019272705353615 ], [ -99.742599576701025, 19.019824070992229 ], [ -99.742378040436336, 19.021288965302801 ], [ -99.742193263799493, 19.022473562677476 ], [ -99.742518207105718, 19.022896999389673 ], [ -99.74263262889491, 19.022986910262034 ], [ -99.743747503924567, 19.023696354691992 ], [ -99.743947362163567, 19.02376784673254 ], [ -99.744108811323201, 19.023749122623713 ], [ -99.744374015010465, 19.023558276392805 ], [ -99.74454315445098, 19.023132853322693 ], [ -99.744760606645457, 19.02288797658673 ], [ -99.745054353535181, 19.022706051458783 ], [ -99.745556894664958, 19.022469061370259 ], [ -99.745861028560626, 19.022485908349211 ], [ -99.746213235542882, 19.02262907951814 ], [ -99.746261066623049, 19.022701182836158 ], [ -99.746480008692572, 19.022790669199708 ], [ -99.74688914619361, 19.022915534973777 ], [ -99.747449907318924, 19.022949416124618 ], [ -99.747791563838689, 19.02285766349587 ], [ -99.748539445175652, 19.022240116354794 ], [ -99.748967545496782, 19.02235586367317 ], [ -99.748897928617055, 19.023783999875207 ], [ -99.74894628751963, 19.023973581959808 ], [ -99.749185086619946, 19.024252762581511 ], [ -99.74934710263102, 19.024360550292215 ], [ -99.749841964539314, 19.024530246943584 ], [ -99.750070858628817, 19.024719096048329 ], [ -99.75010017502143, 19.024899718006736 ], [ -99.749969379940978, 19.025397286476391 ], [ -99.749953538915861, 19.026102240426383 ], [ -99.750042745988253, 19.026924249551314 ], [ -99.750025607632267, 19.02734002320949 ], [ -99.749761904867796, 19.027865242051746 ], [ -99.749449839502745, 19.028200878759492 ], [ -99.74894753035602, 19.028492100982021 ], [ -99.748843575257808, 19.028619040975457 ], [ -99.748787049095483, 19.028727714615513 ], [ -99.748788020867664, 19.028944599778356 ], [ -99.748978385388511, 19.029016124557131 ], [ -99.750992205970363, 19.028872394477901 ], [ -99.751314908887196, 19.028789749162627 ], [ -99.751712773901033, 19.02851701964579 ], [ -99.751864602539399, 19.028471216672813 ], [ -99.75214020097394, 19.028479132029702 ], [ -99.752359397712041, 19.028622832251244 ], [ -99.752540912339043, 19.028838981998945 ], [ -99.75350611622622, 19.030055048296902 ], [ -99.753794358226912, 19.030758761320556 ], [ -99.754014578831573, 19.031128381111898 ], [ -99.754176890143924, 19.031299422248878 ], [ -99.754386141387329, 19.031343753080137 ], [ -99.754973968065769, 19.031052166731797 ], [ -99.755665784627865, 19.030642671825376 ], [ -99.755883147625411, 19.030379708689338 ], [ -99.756260000388579, 19.029664240904424 ], [ -99.756484490612479, 19.028877100016643 ], [ -99.756483222513225, 19.028596957175296 ], [ -99.756138288813418, 19.027965776701365 ], [ -99.755811217360133, 19.027081485393239 ], [ -99.755772310735608, 19.026882829734916 ], [ -99.755798691455823, 19.026412795936551 ], [ -99.755936928048811, 19.025463341597231 ], [ -99.756086381805289, 19.024893396803293 ], [ -99.756283466002003, 19.024350368081741 ], [ -99.757235446649645, 19.022647506750502 ], [ -99.75738694080303, 19.022529404487273 ], [ -99.757606215721978, 19.022691172428893 ], [ -99.758390844593464, 19.023898917101121 ], [ -99.75853398545263, 19.024033885150857 ], [ -99.758969423609983, 19.023670616009326 ], [ -99.759272944526117, 19.02355188781479 ], [ -99.759748152522548, 19.023577045935156 ], [ -99.759910256479543, 19.023702897906333 ], [ -99.760454443467097, 19.024269992422376 ], [ -99.760902834917488, 19.024665776084419 ], [ -99.76153184459497, 19.025078888403129 ], [ -99.76204559975605, 19.025221362969148 ], [ -99.76240683244356, 19.025256021086761 ], [ -99.762539445191294, 19.025165103649272 ], [ -99.762643181389478, 19.024992972054804 ], [ -99.763244073893134, 19.023409011590331 ], [ -99.764195068511128, 19.021507306040689 ], [ -99.764459459622458, 19.021144731583092 ], [ -99.765093209890154, 19.020518554422495 ], [ -99.765245730395293, 19.020626367337684 ], [ -99.765496659134214, 19.021474808683706 ], [ -99.765858608071994, 19.023741602162659 ], [ -99.765987099236725, 19.024825512252846 ], [ -99.766160201847526, 19.025276645698113 ], [ -99.766608982087973, 19.02575374653162 ], [ -99.767028761760059, 19.026122522333878 ], [ -99.767238341172629, 19.026239133505442 ], [ -99.767753224972409, 19.026625586686748 ], [ -99.767925296315809, 19.02685079707129 ], [ -99.768222221728081, 19.027364672721433 ], [ -99.768393754367537, 19.027472403657782 ], [ -99.76856491321297, 19.027498802852051 ], [ -99.769591243107186, 19.027521642057252 ], [ -99.769971735376146, 19.027610427026161 ], [ -99.770343392569885, 19.02784384021129 ], [ -99.770544307733758, 19.028141223806188 ], [ -99.770622156665809, 19.028538527583237 ], [ -99.770652412772904, 19.028917955797453 ], [ -99.770587732415834, 19.029315853986134 ], [ -99.770287667334287, 19.030184658137955 ], [ -99.770221902743344, 19.030347598479352 ], [ -99.769919752178055, 19.030764560309933 ], [ -99.76931448963262, 19.031390635362527 ], [ -99.768699512535477, 19.031971563904278 ], [ -99.768614907693063, 19.032170730146163 ], [ -99.768606569494921, 19.032423801110724 ], [ -99.768811063618273, 19.033498354221706 ], [ -99.76885953132205, 19.03370600368271 ], [ -99.769464707743282, 19.035122293805614 ], [ -99.769663424020052, 19.034940725789852 ], [ -99.770012052586708, 19.0342976454329 ], [ -99.770163005984216, 19.034062053974708 ], [ -99.770967362703402, 19.033335738238634 ], [ -99.772180055691592, 19.032553490753003 ], [ -99.773334260508989, 19.031455185352627 ], [ -99.774262620186676, 19.030836780801224 ], [ -99.774442238235338, 19.030637213916805 ], [ -99.774508082525188, 19.03049234587138 ], [ -99.774760532056803, 19.029605661231528 ], [ -99.774882842941508, 19.029343075239126 ], [ -99.775043622376131, 19.029179734826641 ], [ -99.775328136752648, 19.029061060094762 ], [ -99.775461499847779, 19.029132796416718 ], [ -99.776139371939337, 19.029825799058074 ], [ -99.776379063560796, 19.030285678921018 ], [ -99.776514233807006, 19.030745997752433 ], [ -99.776574816067637, 19.031513887890753 ], [ -99.77654688766637, 19.033682884343591 ], [ -99.776653302649038, 19.034089101722259 ], [ -99.776863823037274, 19.034404511262323 ], [ -99.777198294429013, 19.034809768967932 ], [ -99.77777507979647, 19.036235185813325 ], [ -99.777833693056266, 19.036578344615123 ], [ -99.777815487760734, 19.036750124093032 ], [ -99.777646716260222, 19.037238832216985 ], [ -99.777240970979562, 19.037855055469493 ], [ -99.77722272293471, 19.038017798079466 ], [ -99.777317873885465, 19.038044508600194 ], [ -99.777697888914417, 19.038024834818088 ], [ -99.777802247846068, 19.037988247391866 ], [ -99.778057972784893, 19.037806430479236 ], [ -99.778218167388957, 19.037516571917195 ], [ -99.778348801441155, 19.037000913085649 ], [ -99.778487463133501, 19.036168925701759 ], [ -99.778502803966376, 19.0353826429386 ], [ -99.778539718290176, 19.03514752560767 ], [ -99.77869070223062, 19.034920964412947 ], [ -99.778861364432771, 19.034838911970098 ], [ -99.779023366967806, 19.034937635689801 ], [ -99.779463845878126, 19.035658736540825 ], [ -99.779664407238158, 19.035874777770857 ], [ -99.779912143409035, 19.03601832367616 ], [ -99.780444697661835, 19.036106444068025 ], [ -99.780730359823508, 19.036231754612174 ], [ -99.781217051464182, 19.036672508984907 ], [ -99.781618773627883, 19.037231102357566 ], [ -99.781820058706955, 19.037600766700621 ], [ -99.782077978679638, 19.03788885813151 ], [ -99.782326058461251, 19.038104695000754 ], [ -99.782830748288575, 19.038328480971302 ], [ -99.783249577950755, 19.038480333838152 ], [ -99.783515986830139, 19.038551499628909 ], [ -99.783667941943349, 19.038532780943967 ], [ -99.783991493294138, 19.038630814491114 ], [ -99.784410749083406, 19.038873032619733 ], [ -99.784963720939345, 19.039259273056871 ], [ -99.785173796228776, 19.039475267419846 ], [ -99.785604981306847, 19.040232539466388 ], [ -99.785690632116484, 19.040259285998445 ], [ -99.785898583389553, 19.040023439841661 ], [ -99.786000772593525, 19.039525971412502 ], [ -99.786471984913817, 19.038692563770439 ], [ -99.786689776172977, 19.038528970661787 ], [ -99.786745556675555, 19.038266660827276 ], [ -99.786639241992361, 19.037887560796435 ], [ -99.78642810328239, 19.037445648227674 ], [ -99.786065054892561, 19.037031492876281 ], [ -99.78541651201607, 19.036528181222195 ], [ -99.785015925866844, 19.03621359000374 ], [ -99.784805472947937, 19.035916264045397 ], [ -99.784680584165585, 19.035627611317352 ], [ -99.784611945714232, 19.035176053914483 ], [ -99.784676509306053, 19.034760078574095 ], [ -99.784723426420044, 19.034633361540614 ], [ -99.784949952332227, 19.034307067779196 ], [ -99.784976590841381, 19.033909327447134 ], [ -99.784947192547634, 19.033719675780844 ], [ -99.78478378714135, 19.033322742898577 ], [ -99.784268123455377, 19.032782713951292 ], [ -99.783378659824052, 19.031557458052077 ], [ -99.783311297870853, 19.031377003969453 ], [ -99.783348797836197, 19.031268401136629 ], [ -99.783604760707988, 19.031140797831256 ], [ -99.783689431703806, 19.030959698967024 ], [ -99.783697068923743, 19.030562039201072 ], [ -99.783512674362896, 19.029740455524632 ], [ -99.783568457505794, 19.029478146328756 ], [ -99.783795402982491, 19.029242222045411 ], [ -99.783909172213669, 19.029187517454375 ], [ -99.784051744028602, 19.0291959494769 ], [ -99.784394917466329, 19.029429454496153 ], [ -99.784499566447096, 19.029456121134615 ], [ -99.784612996142073, 19.029329121672276 ], [ -99.784599548444987, 19.028488739092268 ], [ -99.784541688469403, 19.028308245052813 ], [ -99.783930132706416, 19.02757884473948 ], [ -99.783604357473394, 19.027001859296263 ], [ -99.783383697384522, 19.026550945433542 ], [ -99.783391716744461, 19.026234616772513 ], [ -99.783523809895996, 19.026035242930789 ], [ -99.783628032934018, 19.025971542047103 ], [ -99.785070265721345, 19.025531644902117 ], [ -99.787595899624591, 19.025132307343881 ], [ -99.78776722874801, 19.025194835943978 ], [ -99.787948783915283, 19.025410949498223 ], [ -99.788016062940471, 19.025573328308326 ], [ -99.788027268878068, 19.025934759842812 ], [ -99.787915761061413, 19.026468417320302 ], [ -99.787935872304899, 19.026703293106721 ], [ -99.788187990797383, 19.027777618638879 ], [ -99.788438194259811, 19.028445287693501 ], [ -99.78865861457291, 19.028841974065585 ], [ -99.78885926420935, 19.029076078929279 ], [ -99.789403265472799, 19.029579826180111 ], [ -99.789566165299107, 19.029868313344423 ], [ -99.790288900744599, 19.031997949161791 ], [ -99.790338163832303, 19.032368254300877 ], [ -99.790206330734975, 19.032621853506498 ], [ -99.790083401143136, 19.032748896926364 ], [ -99.789848197033336, 19.033246936241937 ], [ -99.789736520262522, 19.033744447207539 ], [ -99.78972864128184, 19.034087885838517 ], [ -99.7897770068098, 19.03426841849523 ], [ -99.790159447028543, 19.034763816353632 ], [ -99.790284729170821, 19.035133796171237 ], [ -99.790290885356796, 19.036435093442265 ], [ -99.79006740213066, 19.037403005201497 ], [ -99.790087860279925, 19.037710174603433 ], [ -99.790139091580215, 19.038496171610973 ], [ -99.790371213520018, 19.039353690175403 ], [ -99.790421420512359, 19.039922804127627 ], [ -99.790385634173731, 19.040392879482624 ], [ -99.790322152401018, 19.041034775671847 ], [ -99.7902287083582, 19.041369543254348 ], [ -99.790031162233674, 19.041795125847386 ], [ -99.79003171801088, 19.041912604003471 ], [ -99.790070754805413, 19.042129324118378 ], [ -99.790543274164577, 19.043582252697945 ], [ -99.790686928227274, 19.043816598581259 ], [ -99.791030612232873, 19.044149494033434 ], [ -99.791298232268616, 19.044473677837686 ], [ -99.791308805777703, 19.044699556504952 ], [ -99.791242671411737, 19.044781172568548 ], [ -99.79059806205106, 19.045118301447474 ], [ -99.790437283638994, 19.045281655127383 ], [ -99.790333650473201, 19.045471874941711 ], [ -99.790353212337948, 19.045589271682729 ], [ -99.790457444522701, 19.045525566732977 ], [ -99.791167762103044, 19.045016454518361 ], [ -99.791489702184549, 19.044771076792756 ], [ -99.79155502243924, 19.044517761915984 ], [ -99.79155386574115, 19.044273768979906 ], [ -99.791486532233478, 19.044102355404107 ], [ -99.791189890311614, 19.043669852690471 ], [ -99.791064984333104, 19.043381205126991 ], [ -99.791082577029954, 19.043082910040937 ], [ -99.791270405006173, 19.042612183256495 ], [ -99.791977965069066, 19.041524714564844 ], [ -99.792099956381946, 19.041198860722261 ], [ -99.792454924265826, 19.039905052305585 ], [ -99.792959223821526, 19.038041273454894 ], [ -99.793015466210932, 19.037878366639575 ], [ -99.793374541335083, 19.037452087265251 ], [ -99.793610555916985, 19.037125742633407 ], [ -99.794439374067736, 19.035567822020255 ], [ -99.794617252732962, 19.035006765192236 ], [ -99.794710426915003, 19.034617774940671 ], [ -99.794709610153404, 19.034446076156257 ], [ -99.794764603048463, 19.034021102278302 ], [ -99.794801322167586, 19.033749835383503 ], [ -99.795062223227603, 19.032664276979972 ], [ -99.795297625844228, 19.032211415483232 ], [ -99.795599412700597, 19.031731156934029 ], [ -99.796043039798178, 19.031105695376425 ], [ -99.796317263981791, 19.030824367697278 ], [ -99.796535250568354, 19.030705947451565 ], [ -99.796981112702042, 19.030550396221713 ], [ -99.797094447099994, 19.030405315873281 ], [ -99.797113063134873, 19.030323902888483 ], [ -99.7970737620102, 19.030052963556159 ], [ -99.796996884167072, 19.029872555941779 ], [ -99.796824469815931, 19.029584116776618 ], [ -99.796662290379572, 19.029449261689365 ], [ -99.796220550781868, 19.028475173602203 ], [ -99.79606615299582, 19.027978805718874 ], [ -99.795968293780902, 19.027382787458691 ], [ -99.796109572924649, 19.02712010674577 ], [ -99.796526188504629, 19.026811054411439 ], [ -99.796639908558348, 19.026747305395816 ], [ -99.796772287463966, 19.026611180120483 ], [ -99.796827876456916, 19.026312720498652 ], [ -99.796808269789892, 19.026186287502696 ], [ -99.796558984531885, 19.025717439933203 ], [ -99.79650098368171, 19.025509839669439 ], [ -99.796489587261874, 19.025112262162907 ], [ -99.796649522616065, 19.024777204898669 ], [ -99.796763112043379, 19.024686345495809 ], [ -99.796867544316058, 19.024667821263506 ], [ -99.797048722478849, 19.024802594439961 ], [ -99.797574850736964, 19.025541355735868 ], [ -99.797660581864761, 19.025586170523638 ], [ -99.797736293758703, 19.025522584926591 ], [ -99.7979239124071, 19.025015704768975 ], [ -99.798084189919109, 19.024752940610313 ], [ -99.798245027943494, 19.024607654464887 ], [ -99.798444347139139, 19.024561608556098 ], [ -99.798795649618057, 19.024505868581855 ], [ -99.799061652914702, 19.024495681621261 ], [ -99.799443880254159, 19.024945876704066 ], [ -99.799491864125969, 19.025045075717173 ], [ -99.799559888896511, 19.02536107512816 ], [ -99.799561963836993, 19.025794840384378 ], [ -99.799449715183755, 19.02616584152463 ], [ -99.799109812307961, 19.026619159921097 ], [ -99.799015140112374, 19.026691865023679 ], [ -99.798854862360486, 19.026954629949785 ], [ -99.798799492799503, 19.027298273917609 ], [ -99.799323043669006, 19.027494822987251 ], [ -99.800204809964328, 19.027093380148642 ], [ -99.800545965938682, 19.026902126246171 ], [ -99.800763468068908, 19.026684296761573 ], [ -99.801320130493536, 19.025859520265044 ], [ -99.801651564220549, 19.025623121780086 ], [ -99.801936052109454, 19.025504406930736 ], [ -99.802173551490682, 19.025494339141687 ], [ -99.802401982936772, 19.025574680006457 ], [ -99.802621563781145, 19.02579061338929 ], [ -99.803042852545389, 19.026457517841834 ], [ -99.803223733442678, 19.026529027313813 ], [ -99.803708323453804, 19.026526920226502 ], [ -99.804032296341859, 19.026715286865738 ], [ -99.804261773927863, 19.027012507674613 ], [ -99.80434894268808, 19.027355532469642 ], [ -99.804363663673939, 19.028439902697414 ], [ -99.804317241624801, 19.028666028586997 ], [ -99.803997481723741, 19.029354228655791 ], [ -99.803942426530966, 19.029761131054329 ], [ -99.803934315782215, 19.030050348792656 ], [ -99.804570120639482, 19.029875879001111 ], [ -99.805073027515448, 19.029729097060397 ], [ -99.805147911021606, 19.029493810051122 ], [ -99.805364190755199, 19.029022946031716 ], [ -99.805609889750599, 19.02874172944712 ], [ -99.806262773172818, 19.02816955380996 ], [ -99.806403992826574, 19.027897829057906 ], [ -99.806770158548488, 19.02698349879023 ], [ -99.80679805318249, 19.026856859706299 ], [ -99.806768937166396, 19.026730469540951 ], [ -99.80655854637746, 19.026451242559347 ], [ -99.806462482372353, 19.026234775035789 ], [ -99.806480526579776, 19.026035883371378 ], [ -99.806594111245033, 19.025945018102107 ], [ -99.806973656650257, 19.025834917596512 ], [ -99.807078175539175, 19.025834461129307 ], [ -99.807250166620122, 19.026032522747414 ], [ -99.8073951807649, 19.026546995267324 ], [ -99.807438295701218, 19.027604129785573 ], [ -99.807487463934251, 19.027947318912993 ], [ -99.807573984804662, 19.028154790553003 ], [ -99.807717604406093, 19.028380086432207 ], [ -99.807870202061395, 19.028496899576453 ], [ -99.808078937250116, 19.028432728164944 ], [ -99.808258729645729, 19.028278313681085 ], [ -99.808353136239475, 19.028151383444822 ], [ -99.808767325360236, 19.027345282819454 ], [ -99.809305558468907, 19.02664708142305 ], [ -99.809750214704479, 19.026247507818425 ], [ -99.810215011155492, 19.026082805437966 ], [ -99.810452598060124, 19.026090800498935 ], [ -99.811089827426485, 19.026214521759925 ], [ -99.811308235597949, 19.026186452126751 ], [ -99.812455308839333, 19.02563919585441 ], [ -99.813015337279978, 19.025519252533741 ], [ -99.813309845535912, 19.025508919619824 ], [ -99.813462180329566, 19.025571507662505 ], [ -99.813633914514071, 19.025715342605395 ], [ -99.813825708398667, 19.026075975537765 ], [ -99.813818186700814, 19.026482670849191 ], [ -99.813648123236362, 19.026682232389817 ], [ -99.813477531568253, 19.026773352858129 ], [ -99.812508615981812, 19.026831837527652 ], [ -99.81195808452361, 19.026951737719855 ], [ -99.81183495657865, 19.027033611194042 ], [ -99.811627014647058, 19.027260448199229 ], [ -99.811419730262799, 19.027622836202966 ], [ -99.811025565923501, 19.028636704084704 ], [ -99.81087550919159, 19.029044025009227 ], [ -99.810469557486101, 19.029588022624523 ], [ -99.809199231548746, 19.030199065907709 ], [ -99.808820334107168, 19.030444722509628 ], [ -99.808451899396232, 19.030889145317474 ], [ -99.808234926935086, 19.031215424605193 ], [ -99.807905414768811, 19.031849451898779 ], [ -99.807315168716457, 19.033587125262557 ], [ -99.807289413211947, 19.034156565150852 ], [ -99.807384653468546, 19.034201333598105 ], [ -99.807715744723396, 19.033892630151342 ], [ -99.807894756566157, 19.033575554386402 ], [ -99.808101487405168, 19.033095692264965 ], [ -99.808441202771405, 19.032606211053519 ], [ -99.809367987116048, 19.031689421934402 ], [ -99.809927775437188, 19.031515266731788 ], [ -99.811274212027115, 19.030921957948692 ], [ -99.811956116253441, 19.030458078477125 ], [ -99.812826692817794, 19.029713221607267 ], [ -99.813186930393385, 19.02953993462836 ], [ -99.813832972421096, 19.029519016147219 ], [ -99.813918577643108, 19.029536712914819 ], [ -99.814099774313604, 19.029671468597485 ], [ -99.814539549501603, 19.030220783159166 ], [ -99.814691845024527, 19.03027433324138 ], [ -99.814881267101043, 19.030146980808468 ], [ -99.815522548099125, 19.02915008877892 ], [ -99.8160123218438, 19.028262307030332 ], [ -99.816333177141587, 19.027809043151308 ], [ -99.816768272908746, 19.027400458458999 ], [ -99.81729917956568, 19.027154113782046 ], [ -99.817584099972805, 19.027125742518137 ], [ -99.817793359897621, 19.027170001131253 ], [ -99.818003106444507, 19.027313663568577 ], [ -99.81815632926731, 19.027556982256669 ], [ -99.81816658311709, 19.027710564636152 ], [ -99.817912599682245, 19.028235830951417 ], [ -99.817609823283306, 19.028499241940096 ], [ -99.817164473846219, 19.028754246150015 ], [ -99.816371924124553, 19.02990543981997 ], [ -99.816249944023582, 19.030222271305831 ], [ -99.816185107677086, 19.030565961061427 ], [ -99.81619624282439, 19.03090027823913 ], [ -99.816300941226416, 19.030935963371633 ], [ -99.816794426007903, 19.030807265251042 ], [ -99.817079529488637, 19.030815041468031 ], [ -99.817308107325744, 19.030922473514408 ], [ -99.817422750008291, 19.031048483274219 ], [ -99.817461642154967, 19.031229049713488 ], [ -99.817446970735318, 19.032114733362221 ], [ -99.817647309771246, 19.032276511411169 ], [ -99.81790448464767, 19.032401889898097 ], [ -99.81804776777534, 19.032554883165403 ], [ -99.81813421567665, 19.032744275725008 ], [ -99.81815397211443, 19.03289781592548 ], [ -99.818135675938834, 19.033042487730654 ], [ -99.817909262354249, 19.033377856518541 ], [ -99.817256400889278, 19.033950072273683 ], [ -99.815190839383263, 19.03517014759052 ], [ -99.813873507434835, 19.035889874081761 ], [ -99.813589099422416, 19.036026680993132 ], [ -99.813285334381987, 19.036091277282367 ], [ -99.812705826807019, 19.036120938854765 ], [ -99.812506586417669, 19.036185073932074 ], [ -99.812298458775331, 19.036375764911725 ], [ -99.812128911071113, 19.036683766131944 ], [ -99.81205469367967, 19.037054606603192 ], [ -99.811937840129758, 19.038428733669718 ], [ -99.812051781319042, 19.038410158849445 ], [ -99.812307203997591, 19.038174075440111 ], [ -99.812514630443729, 19.037838796640699 ], [ -99.812588803121514, 19.037458919305436 ], [ -99.81270133660513, 19.037151168575804 ], [ -99.812956668515653, 19.036897010871542 ], [ -99.813079934911229, 19.036842246691322 ], [ -99.814742401308479, 19.036744551374227 ], [ -99.815683042545288, 19.036722325751271 ], [ -99.816092216047593, 19.036837998263024 ], [ -99.816397350316549, 19.037053535902885 ], [ -99.816684010870233, 19.037377597757541 ], [ -99.818226667139982, 19.038039501881428 ], [ -99.81844632899049, 19.038264451518444 ], [ -99.81849477092851, 19.038454012106115 ], [ -99.818515414297906, 19.038788286554791 ], [ -99.818382911666731, 19.038897316773955 ], [ -99.818136025458614, 19.038934558321728 ], [ -99.817964804584335, 19.038899169084459 ], [ -99.817497902587661, 19.038639165800134 ], [ -99.81737428267104, 19.03862163912595 ], [ -99.816889968607768, 19.038687040430943 ], [ -99.816548676527589, 19.038851214302269 ], [ -99.815573235161935, 19.03953329370853 ], [ -99.815383891529962, 19.039678720554548 ], [ -99.815327273661069, 19.039760302826323 ], [ -99.815376859692378, 19.040184819211618 ], [ -99.815568189729163, 19.040446045031956 ], [ -99.815616452632696, 19.040599459526732 ], [ -99.815714302914444, 19.041177390209441 ], [ -99.81572535042153, 19.041493633595394 ], [ -99.815632398985827, 19.041918779397179 ], [ -99.815463117125034, 19.042281003822382 ], [ -99.814933924450088, 19.042888813722016 ], [ -99.81460256540629, 19.043143309627624 ], [ -99.814526984744703, 19.043234012253095 ], [ -99.814660375095457, 19.0433057191334 ], [ -99.815810598100143, 19.043381972947316 ], [ -99.816219037245673, 19.043344020216409 ], [ -99.816389776410801, 19.043280006966029 ], [ -99.816873087194438, 19.043006761933043 ], [ -99.817516304551532, 19.042398441908801 ], [ -99.818016978244088, 19.041790751275016 ], [ -99.818206498895051, 19.041681468632703 ], [ -99.818358540363249, 19.041680794881131 ], [ -99.818520483056034, 19.041761409344531 ], [ -99.818664085224441, 19.041977658680651 ], [ -99.818751735427668, 19.042411041907371 ], [ -99.818744581104852, 19.042890030018611 ], [ -99.818624679353775, 19.04363158847201 ], [ -99.818919750619955, 19.043729686035476 ], [ -99.819617849849294, 19.042687343736986 ], [ -99.819721890984852, 19.042587475866185 ], [ -99.819987343646005, 19.042459780487832 ], [ -99.820139430137772, 19.042468141957215 ], [ -99.820291827377559, 19.042539760292641 ], [ -99.820397022326347, 19.042674846593911 ], [ -99.821105594715732, 19.043765162931209 ], [ -99.821221804968957, 19.044207454556613 ], [ -99.821225271813887, 19.04491231786136 ], [ -99.821122563502968, 19.045283287835957 ], [ -99.820971496433117, 19.045482771579771 ], [ -99.82062100317097, 19.045710252449851 ], [ -99.820536321670545, 19.045882330053928 ], [ -99.820537076692744, 19.046035954110835 ], [ -99.82057553218408, 19.046126152258125 ], [ -99.820862261315256, 19.046459243132119 ], [ -99.821644075088898, 19.046979905737601 ], [ -99.822106912939148, 19.046408520345437 ], [ -99.822172676356274, 19.046254600131419 ], [ -99.822191281512346, 19.046173185144653 ], [ -99.822171563805227, 19.046028682498218 ], [ -99.821988340560324, 19.045487284101 ], [ -99.821937445555932, 19.044800705916657 ], [ -99.822067414232379, 19.04417658081411 ], [ -99.822331087236705, 19.043687413769817 ], [ -99.822662301406012, 19.043405794287935 ], [ -99.822899467574302, 19.043323405314595 ], [ -99.823118118166349, 19.043340504534228 ], [ -99.823270695612052, 19.043448267148392 ], [ -99.823319100164667, 19.043628789397985 ], [ -99.823284832172931, 19.044388042095989 ], [ -99.823333593543623, 19.044640857946376 ], [ -99.824475886565494, 19.045033384200224 ], [ -99.824590053666839, 19.045059985043508 ], [ -99.824798980653441, 19.045031941115951 ], [ -99.824959813287023, 19.04488663215966 ], [ -99.82517569706954, 19.044343453453337 ], [ -99.825487812710833, 19.044043840591712 ], [ -99.825999707257495, 19.043788518106794 ], [ -99.826702459074454, 19.043695003973482 ], [ -99.826797620173863, 19.04372168856986 ], [ -99.826921781653027, 19.043847649107533 ], [ -99.826970548299187, 19.044100463810196 ], [ -99.826935267537976, 19.044651872520888 ], [ -99.826993044887445, 19.044805240972494 ], [ -99.82705987747056, 19.04486819987801 ], [ -99.827553035169842, 19.044667178405632 ], [ -99.827818439809107, 19.044530435202716 ], [ -99.827951388420047, 19.044511765279367 ], [ -99.828075237626081, 19.044574468121709 ], [ -99.828180708980369, 19.044763769830809 ], [ -99.828191153039143, 19.044953497754818 ], [ -99.827730849384238, 19.046030952360923 ], [ -99.827590681297295, 19.046510536101437 ], [ -99.827544376514197, 19.046754739789321 ], [ -99.827499236222877, 19.047233897462149 ], [ -99.827560330097697, 19.048055980811796 ], [ -99.827627970684546, 19.048281599868176 ], [ -99.828295867145073, 19.048820817691478 ], [ -99.828448183819091, 19.048874355517569 ], [ -99.828447421395538, 19.048720731814626 ], [ -99.828254313108062, 19.048107089803466 ], [ -99.828163317439135, 19.047004997299666 ], [ -99.82820975585571, 19.046787903567349 ], [ -99.828426796973474, 19.046479675439343 ], [ -99.829240944115611, 19.045852474885464 ], [ -99.8302452302608, 19.045242489750478 ], [ -99.830671236154728, 19.044915245553625 ], [ -99.830878992435885, 19.044652240933203 ], [ -99.830982353125307, 19.044416816643377 ], [ -99.831187904075989, 19.043711014044788 ], [ -99.831385570520638, 19.043330574754407 ], [ -99.832131596703675, 19.042387377716977 ], [ -99.83249071321319, 19.041988135900795 ], [ -99.832613030167693, 19.041743588411862 ], [ -99.832621045879421, 19.041445334931666 ], [ -99.832505889122672, 19.041219931898695 ], [ -99.831703896016165, 19.040464446914825 ], [ -99.831549921395037, 19.04007655395867 ], [ -99.831471877118304, 19.03967024519477 ], [ -99.831490387121789, 19.039570756031935 ], [ -99.831537089465314, 19.0394078816758 ], [ -99.831688318355759, 19.039244536603576 ], [ -99.831953981007928, 19.03916200797147 ], [ -99.832144029314975, 19.039161151723192 ], [ -99.832515209058897, 19.039276958426285 ], [ -99.832801092751367, 19.039438333483986 ], [ -99.834222280753636, 19.040498271836668 ], [ -99.834373914196874, 19.04041625479374 ], [ -99.834552925989556, 19.040108191733736 ], [ -99.834780397901682, 19.039989684082911 ], [ -99.835074702912891, 19.039934132160568 ], [ -99.835417243198549, 19.040022951741946 ], [ -99.835598694127327, 19.040202868498284 ], [ -99.835809873969538, 19.04062664638252 ], [ -99.836402603730903, 19.041337876418993 ], [ -99.836507312606614, 19.0413735496453 ], [ -99.836943477905891, 19.041181798784976 ], [ -99.837028638223728, 19.041109117738529 ], [ -99.837066150033024, 19.041009542006179 ], [ -99.836998590778364, 19.04080199995883 ], [ -99.836759805857639, 19.040559086288113 ], [ -99.836596633984641, 19.040234497798508 ], [ -99.836547944774679, 19.039999759402178 ], [ -99.83653726547027, 19.039764848807181 ], [ -99.83658346496685, 19.039502569898218 ], [ -99.836715593456972, 19.039321233629323 ], [ -99.836961976915575, 19.039184563918241 ], [ -99.837854840183354, 19.039108220217088 ], [ -99.839003631495018, 19.038904193386827 ], [ -99.839117342295083, 19.038840418601183 ], [ -99.839249603685005, 19.038686190652186 ], [ -99.839277338852526, 19.038532437657182 ], [ -99.839257153548147, 19.038297570508519 ], [ -99.839417558096272, 19.038070919517736 ], [ -99.839626564042533, 19.038060932564974 ], [ -99.839740864645648, 19.038114634168096 ], [ -99.840667230535246, 19.039032181256403 ], [ -99.840839820309156, 19.039338649329352 ], [ -99.840898791170162, 19.039726966483954 ], [ -99.840890881210214, 19.040043293145516 ], [ -99.840835458935317, 19.040359836138919 ], [ -99.840741526131865, 19.040577148820944 ], [ -99.840534199995773, 19.040921493880433 ], [ -99.84050619280265, 19.041021026986982 ], [ -99.840655235482473, 19.042312621565259 ], [ -99.840803097793753, 19.043369262464694 ], [ -99.840908127360024, 19.043468189756823 ], [ -99.841107136531207, 19.043358840845713 ], [ -99.84131487404261, 19.043095825140369 ], [ -99.841446590097007, 19.042833155666244 ], [ -99.841432442935343, 19.041911459173434 ], [ -99.84151682742754, 19.041685152816854 ], [ -99.84171524197393, 19.041458326682971 ], [ -99.842056649276003, 19.041321217071697 ], [ -99.842170542724375, 19.041293587060125 ], [ -99.842389237244731, 19.041319700151234 ], [ -99.842532413220169, 19.04144556314219 ], [ -99.842609618882648, 19.041680169503024 ], [ -99.842678325456063, 19.042113625749721 ], [ -99.842680651167598, 19.042574495501356 ], [ -99.843016070120029, 19.04313325031319 ], [ -99.84382794799285, 19.043951896664225 ], [ -99.844980101864849, 19.044407507569304 ], [ -99.845492743314651, 19.044305755251798 ], [ -99.845767588498518, 19.044159906656034 ], [ -99.845995286191453, 19.044086568595446 ], [ -99.846555897359963, 19.044074962187722 ], [ -99.846869943444062, 19.04416389062709 ], [ -99.847861157165198, 19.044737700491055 ], [ -99.848061998931598, 19.044989810089135 ], [ -99.848196322259184, 19.045242225046536 ], [ -99.848582631737884, 19.046460425407361 ], [ -99.848612012856336, 19.046631990600019 ], [ -99.848546549670061, 19.046840139162214 ], [ -99.848360947890342, 19.047717567064467 ], [ -99.848437756263706, 19.049741469187495 ], [ -99.848457910576769, 19.049967297852049 ], [ -99.848553399876607, 19.050057227428397 ], [ -99.849586880414904, 19.049591594240894 ], [ -99.849662628148963, 19.049537024492736 ], [ -99.849718955899959, 19.049401212459657 ], [ -99.849573192076264, 19.048769303832501 ], [ -99.849543395598005, 19.04851640912824 ], [ -99.849539900459433, 19.047829624485928 ], [ -99.849680557654494, 19.04745846621006 ], [ -99.8503188803802, 19.04591022552421 ], [ -99.850574718129565, 19.045764457390476 ], [ -99.852031638351434, 19.044483543611136 ], [ -99.852313074286258, 19.043768333462992 ], [ -99.852718503018025, 19.0431429188435 ], [ -99.853014791397811, 19.043475913737552 ], [ -99.853348491096597, 19.043691256167847 ], [ -99.854262591893473, 19.044048503080603 ], [ -99.854501360269921, 19.044282356212477 ], [ -99.854692893542051, 19.044570648745093 ], [ -99.854770765390072, 19.044931762055569 ], [ -99.854639578019317, 19.045293843167315 ], [ -99.854299422527276, 19.045674964950535 ], [ -99.854081645575889, 19.045829598908085 ], [ -99.853939335565428, 19.045875441424528 ], [ -99.853750251111194, 19.046066089675662 ], [ -99.853685256683036, 19.046364606135398 ], [ -99.853723960928733, 19.046499979843361 ], [ -99.853809901884347, 19.046580914012793 ], [ -99.85476087417635, 19.046712066158818 ], [ -99.855046652086912, 19.046846295433625 ], [ -99.855180431880285, 19.04699026525509 ], [ -99.855248479237218, 19.047288165813711 ], [ -99.855120763042692, 19.048327994234569 ], [ -99.854896211165624, 19.04901583421497 ], [ -99.854520396648581, 19.049858000531515 ], [ -99.854417344223407, 19.050147656473257 ], [ -99.854940934121885, 19.050325968918401 ], [ -99.855054738590923, 19.050280257578493 ], [ -99.855187826771044, 19.050288677864614 ], [ -99.855292961652651, 19.050405669647489 ], [ -99.855353499194109, 19.051092188847861 ], [ -99.855585509647881, 19.051859244712773 ], [ -99.855765373141423, 19.051722858317248 ], [ -99.855916356406055, 19.051514310988864 ], [ -99.855925210666442, 19.051387754216137 ], [ -99.855894245468107, 19.050908945445372 ], [ -99.855958634880949, 19.050492952344825 ], [ -99.85633499962978, 19.049759222854846 ], [ -99.856769816528811, 19.049305363322503 ], [ -99.856883341431171, 19.049205431166797 ], [ -99.857075943227642, 19.047849011414087 ], [ -99.857034266823177, 19.047135294671136 ], [ -99.857222559722061, 19.046791020583498 ], [ -99.857477603307586, 19.046491620489633 ], [ -99.857600814371722, 19.046427790307916 ], [ -99.857857156873365, 19.046381415151586 ], [ -99.858598511708124, 19.046405079330839 ], [ -99.858779343090077, 19.046458459265637 ], [ -99.85893231717705, 19.046638484327673 ], [ -99.858929184111787, 19.047876545306735 ], [ -99.858796795123396, 19.048003676923997 ], [ -99.858531365887131, 19.048131427229634 ], [ -99.858446211905402, 19.048204117916157 ], [ -99.858437173744051, 19.048294528295969 ], [ -99.858800607325975, 19.048744679595814 ], [ -99.859115970177868, 19.049086611827363 ], [ -99.859297781555711, 19.049329760053695 ], [ -99.859336351527475, 19.04943802248971 ], [ -99.859200087220984, 19.050658629098166 ], [ -99.859105615347744, 19.050767510802928 ], [ -99.858765552787588, 19.051166713861221 ], [ -99.858789534166419, 19.052133543213472 ], [ -99.858809516862323, 19.052323223675558 ], [ -99.858904780379078, 19.052367964534028 ], [ -99.859311878262474, 19.052067854238658 ], [ -99.859737189448538, 19.051614032151747 ], [ -99.860049672688206, 19.051395692461767 ], [ -99.860476517571101, 19.051240076960823 ], [ -99.860998764780845, 19.051156310120973 ], [ -99.861189011817089, 19.051191569887123 ], [ -99.861313204056898, 19.051317505972293 ], [ -99.861361885157976, 19.051543199461435 ], [ -99.861260569281853, 19.052167213262237 ], [ -99.860461566433173, 19.053869863351451 ], [ -99.859867755074049, 19.05482149773394 ], [ -99.859858764047999, 19.05492094471208 ], [ -99.86054509465248, 19.055324402721453 ], [ -99.860838437153859, 19.055079040358351 ], [ -99.861784375220225, 19.05422516414842 ], [ -99.862047803978385, 19.053708834958002 ], [ -99.862226216479712, 19.053292307670119 ], [ -99.862443527905384, 19.053047298093418 ], [ -99.863238285132354, 19.052365820917942 ], [ -99.863446698572261, 19.052238330529349 ], [ -99.863645982714161, 19.052183177205336 ], [ -99.863817459071697, 19.052263706134795 ], [ -99.864410534977367, 19.053010985497451 ], [ -99.865137878608607, 19.053992590599876 ], [ -99.865559346307066, 19.05463222832401 ], [ -99.865617771874042, 19.054903058750199 ], [ -99.865332497592476, 19.056702722763589 ], [ -99.865153808557523, 19.057065033175263 ], [ -99.864794601505707, 19.057437226339403 ], [ -99.864131611770347, 19.057874099431956 ], [ -99.863960831311147, 19.057929120021811 ], [ -99.863448348918268, 19.058067071075413 ], [ -99.862679553542876, 19.05826044014708 ], [ -99.862177646462612, 19.058606185113263 ], [ -99.862320898800476, 19.058741067959318 ], [ -99.862995316845343, 19.058674657164374 ], [ -99.86309030459222, 19.058665176058923 ], [ -99.864532721305579, 19.058251766769331 ], [ -99.864807524222556, 19.05809685319457 ], [ -99.865744469951267, 19.057342404144663 ], [ -99.865828968577432, 19.057143197807534 ], [ -99.866101141588842, 19.0564822332326 ], [ -99.866513515364886, 19.055368769377935 ], [ -99.86652254934944, 19.055278358828502 ], [ -99.866554743379709, 19.05415764277592 ], [ -99.866201577671575, 19.053861085809046 ], [ -99.865981504224919, 19.053572940481843 ], [ -99.865837550403455, 19.053302511400943 ], [ -99.865633578530606, 19.052454007389031 ], [ -99.865527591736338, 19.052174363092831 ], [ -99.865307662326188, 19.051913326572787 ], [ -99.864810974701584, 19.051427666207189 ], [ -99.864715101643299, 19.051265452621863 ], [ -99.864053404987772, 19.050111838153384 ], [ -99.863667956261224, 19.049083444121266 ], [ -99.863647641336172, 19.048830508080243 ], [ -99.863760927827059, 19.048685388834713 ], [ -99.864264018938911, 19.048574592227624 ], [ -99.864510110794356, 19.048383666607094 ], [ -99.864735885680432, 19.047939804792577 ], [ -99.864847672518692, 19.047505513591375 ], [ -99.864960067487971, 19.047188698183504 ], [ -99.865196279090583, 19.046925523422203 ], [ -99.865527564399031, 19.046670939491207 ], [ -99.865783342226109, 19.046516114163751 ], [ -99.866561254331941, 19.046259433385046 ], [ -99.867149954418778, 19.046166300992752 ], [ -99.867853766825874, 19.046280472506623 ], [ -99.868415509086503, 19.046485677817486 ], [ -99.868700638359655, 19.046493373193528 ], [ -99.868880861233265, 19.046429267356132 ], [ -99.869278329375561, 19.046111107701222 ], [ -99.869562846121028, 19.046001326040653 ], [ -99.870161045913846, 19.04590813938762 ], [ -99.870626866915018, 19.045942090530275 ], [ -99.870703171328444, 19.045995951564862 ], [ -99.870732480665254, 19.04614943917062 ], [ -99.870439781018149, 19.046512291992542 ], [ -99.870137294752908, 19.046820969622672 ], [ -99.870118713130068, 19.046902388531578 ], [ -99.870223714554243, 19.046992261747505 ], [ -99.8706226893392, 19.046963270186154 ], [ -99.871296347915745, 19.046761282142086 ], [ -99.87156228338938, 19.046732916414385 ], [ -99.872493930406165, 19.046800810232753 ], [ -99.872827802265761, 19.047043225876564 ], [ -99.872981075087125, 19.047277458174165 ], [ -99.873096715289194, 19.047584162774001 ], [ -99.873135860807906, 19.047800861018573 ], [ -99.873072271418607, 19.048361443837848 ], [ -99.873111417132634, 19.048578142063604 ], [ -99.873315042828949, 19.049354344182177 ], [ -99.873496212542932, 19.049470965441174 ], [ -99.874246420872453, 19.049368009042894 ], [ -99.8744045617658, 19.048716610109182 ], [ -99.874914874064359, 19.048171983924306 ], [ -99.875702138631198, 19.047888110147937 ], [ -99.877932022949381, 19.050868698649651 ], [ -99.878271949914279, 19.052258747833491 ], [ -99.87761733264739, 19.052469707964235 ], [ -99.876431158433149, 19.052800669120529 ], [ -99.875523508542983, 19.053690583210312 ], [ -99.875363519507289, 19.053989556441536 ], [ -99.875449616752519, 19.054097589619175 ], [ -99.87557344228145, 19.05415122297876 ], [ -99.876163207522097, 19.054256865563048 ], [ -99.876458849789287, 19.054454271251302 ], [ -99.876526036544647, 19.054580467285746 ], [ -99.876720373206808, 19.0553928556306 ], [ -99.876701889011997, 19.055492348173516 ], [ -99.876285597494643, 19.05584676035204 ], [ -99.876276616261123, 19.055946207733029 ], [ -99.876362525298362, 19.056018094124795 ], [ -99.877257922518083, 19.056411458577088 ], [ -99.879147666963377, 19.057938719068318 ], [ -99.879310271981353, 19.058136753564327 ], [ -99.879626456239407, 19.058623232950879 ], [ -99.879694743098412, 19.058957268433005 ], [ -99.879676308039279, 19.059065797737844 ], [ -99.879269565637287, 19.059429207866117 ], [ -99.879003849894787, 19.059502768212042 ], [ -99.878775719332282, 19.05949481810444 ], [ -99.878518840471145, 19.059441820666734 ], [ -99.877737037277768, 19.058966591708156 ], [ -99.877546160624036, 19.058813874210102 ], [ -99.877240388076189, 19.058499040571292 ], [ -99.876773628987507, 19.058293412886485 ], [ -99.876250467706598, 19.058205530121256 ], [ -99.875851467642065, 19.058234534848566 ], [ -99.875442063073933, 19.058091889007471 ], [ -99.87518476061922, 19.057957557667976 ], [ -99.874440371158869, 19.057364658280278 ], [ -99.874354651616272, 19.0573289172861 ], [ -99.874241179684418, 19.057437896479769 ], [ -99.874251819465655, 19.05765472918074 ], [ -99.874359482096224, 19.058250647571469 ], [ -99.874370216849798, 19.058485553380024 ], [ -99.874256175924756, 19.058486093749536 ], [ -99.873712635834238, 19.058136233216146 ], [ -99.873522142168667, 19.058055803941329 ], [ -99.872790333944067, 19.058050230074798 ], [ -99.872695489121497, 19.058086825864677 ], [ -99.872555206787126, 19.058521255621713 ], [ -99.872413506112139, 19.058684588027631 ], [ -99.870813700193708, 19.05989403972859 ], [ -99.869620734279806, 19.060758162552361 ], [ -99.869213258709749, 19.060986002773689 ], [ -99.868719873290445, 19.061141952239836 ], [ -99.869341938495154, 19.061970407884928 ], [ -99.869512862359443, 19.061942491981199 ], [ -99.870015281558494, 19.061696129745712 ], [ -99.871133450372383, 19.061067314244838 ], [ -99.871549907528276, 19.060740022658877 ], [ -99.871910097595901, 19.060557584858543 ], [ -99.872527118298706, 19.060419115964748 ], [ -99.872755297449146, 19.060436110332773 ], [ -99.873126407904294, 19.060524722433911 ], [ -99.873811845357579, 19.060747397265402 ], [ -99.874659839951505, 19.061159071537645 ], [ -99.875098900058106, 19.061518461149433 ], [ -99.875213085272435, 19.061545029873514 ], [ -99.875574031649933, 19.061507170065624 ], [ -99.875726421008665, 19.061569704312546 ], [ -99.875841318067273, 19.061731821103137 ], [ -99.875861036997605, 19.061867279326407 ], [ -99.875991465290383, 19.063176994360958 ], [ -99.875935724612418, 19.063421252299463 ], [ -99.875794450471517, 19.06366591631047 ], [ -99.875709249281613, 19.063729578296943 ], [ -99.875491138396683, 19.063820981431775 ], [ -99.875196286235507, 19.063777196590024 ], [ -99.875110942506012, 19.063813748619907 ], [ -99.875159124908635, 19.063940035083135 ], [ -99.875283289770834, 19.064056924234478 ], [ -99.875683300247658, 19.064217687995551 ], [ -99.876063402097998, 19.064206846467528 ], [ -99.876547617455572, 19.064114178401212 ], [ -99.876917359976346, 19.06394072221741 ], [ -99.877030834323023, 19.063831741346519 ], [ -99.877200475237373, 19.063559831211933 ], [ -99.877361610177616, 19.063477733866648 ], [ -99.877817501762706, 19.06342134439825 ], [ -99.878093917329352, 19.063573654204788 ], [ -99.878313549136294, 19.063771417855776 ], [ -99.878963420191383, 19.06445511791037 ], [ -99.879011843813942, 19.06462658600185 ], [ -99.879022443028532, 19.064834381441017 ], [ -99.878952128159199, 19.065919130071109 ], [ -99.878897724658032, 19.066416412154013 ], [ -99.87869349685468, 19.067339136611395 ], [ -99.878724294343726, 19.067772755240753 ], [ -99.87911236033375, 19.069271010882971 ], [ -99.879123389051415, 19.06956013513161 ], [ -99.879002647522213, 19.070093880393983 ], [ -99.878825499994377, 19.070745372455178 ], [ -99.878608382060861, 19.071026547019358 ], [ -99.8783335244824, 19.071172444731019 ], [ -99.877460286532255, 19.071393484418536 ], [ -99.877365292708987, 19.071402973167551 ], [ -99.877232710265275, 19.071493971674045 ], [ -99.877205053712487, 19.071656765222826 ], [ -99.877225488536396, 19.071927771325534 ], [ -99.87714047402585, 19.072027580266933 ], [ -99.876181359639361, 19.07218576510121 ], [ -99.875080581532984, 19.072516316149233 ], [ -99.874966768186084, 19.072562040117873 ], [ -99.874891208760687, 19.072652766429826 ], [ -99.874996371756652, 19.072769745598748 ], [ -99.875196387416338, 19.072850127416075 ], [ -99.87579586578812, 19.072982832879575 ], [ -99.876119152167973, 19.073008407489567 ], [ -99.876708699742039, 19.073059826129565 ], [ -99.87875563479929, 19.073718803900761 ], [ -99.879231992078644, 19.073933415625788 ], [ -99.880024138981696, 19.074553173799245 ], [ -99.881121959427276, 19.075460644328018 ], [ -99.881399497354664, 19.075820788407952 ], [ -99.881956633130244, 19.076929646107999 ], [ -99.88261107102619, 19.078462763663367 ], [ -99.882660316754141, 19.078787851248308 ], [ -99.882387986558001, 19.079412691393486 ], [ -99.882123580370717, 19.07973928017401 ], [ -99.88174478297816, 19.080003158474369 ], [ -99.881127938450163, 19.080186843182901 ], [ -99.880263733086963, 19.080326523437805 ], [ -99.879846483213839, 19.080509250717853 ], [ -99.87938218599237, 19.080782569172698 ], [ -99.878698612276878, 19.08093041719394 ], [ -99.87836613905921, 19.080968148824581 ], [ -99.878071351054871, 19.080942442984451 ], [ -99.877156856017052, 19.080558215864812 ], [ -99.87690949703034, 19.080514208899274 ], [ -99.8768049933268, 19.080523742774119 ], [ -99.876682003278404, 19.080632768975534 ], [ -99.876746258878825, 19.082006052225324 ], [ -99.877024560262953, 19.082510787236799 ], [ -99.877271636769422, 19.082500574677624 ], [ -99.877650685166827, 19.08228188782698 ], [ -99.877812123222782, 19.082254008771656 ], [ -99.878135332550187, 19.082261506011605 ], [ -99.878839780744443, 19.082465994153608 ], [ -99.879295818705089, 19.082427672153813 ], [ -99.880036712777667, 19.082333768647345 ], [ -99.880255369882889, 19.082341761309863 ], [ -99.880655524875579, 19.082520585082023 ], [ -99.88097047221703, 19.082763072544822 ], [ -99.881725988581707, 19.083636025391002 ], [ -99.882209556509792, 19.085206106845703 ], [ -99.881925222403311, 19.085361092529013 ], [ -99.881098867564106, 19.085473486148601 ], [ -99.880632600392119, 19.085376310397407 ], [ -99.880128934700508, 19.085396789909169 ], [ -99.879958371052396, 19.085497008720381 ], [ -99.879807007989598, 19.0856332827546 ], [ -99.87975093282472, 19.085814285619904 ], [ -99.879865469592175, 19.085904106411419 ], [ -99.880256032456543, 19.086064902976489 ], [ -99.880552215067155, 19.086352664258982 ], [ -99.881022308704132, 19.08717276224246 ], [ -99.881052879190634, 19.087561196541628 ], [ -99.881035637691127, 19.087895638887574 ], [ -99.880970679514803, 19.088194162335185 ], [ -99.880635615771894, 19.089542240254161 ], [ -99.880588806660626, 19.08967801526228 ], [ -99.879987542563356, 19.091018327309769 ], [ -99.879732667112421, 19.091353904309699 ], [ -99.879221195508649, 19.091699742393757 ], [ -99.879002859996149, 19.091755004691265 ], [ -99.878584293226993, 19.09169374384328 ], [ -99.877336623919916, 19.091229777783951 ], [ -99.877127317590521, 19.09119462728097 ], [ -99.876870865672856, 19.091231994988334 ], [ -99.877004891285594, 19.091412092265159 ], [ -99.87775961904731, 19.092131438822605 ], [ -99.878163131604083, 19.092942823958879 ], [ -99.878452535624206, 19.093745715385126 ], [ -99.879057912766314, 19.094980862795069 ], [ -99.879297124690368, 19.095277933936131 ], [ -99.879774405048352, 19.095655198649069 ], [ -99.880317939605902, 19.095977924937074 ], [ -99.880404349592084, 19.096140173432786 ], [ -99.881019686467596, 19.097456596364168 ], [ -99.881146894794369, 19.098142780471903 ], [ -99.881434887600108, 19.098674570401158 ], [ -99.881683375603302, 19.098926409885223 ], [ -99.881826248309324, 19.098979946363897 ], [ -99.881997159386117, 19.098942981046889 ], [ -99.882176714019579, 19.098743312825377 ], [ -99.882392949648079, 19.098290439951768 ], [ -99.882515612957491, 19.09811815418692 ], [ -99.882799967731955, 19.097963166950194 ], [ -99.8834271001312, 19.097914976481491 ], [ -99.883969497166845, 19.098020815125665 ], [ -99.88434079320956, 19.098127473710917 ], [ -99.884665377880594, 19.098387980422558 ], [ -99.885507933013571, 19.099522560334208 ], [ -99.885671165140309, 19.099829024432381 ], [ -99.885635113581884, 19.100199703879014 ], [ -99.885522150238103, 19.100408091921111 ], [ -99.885332899999412, 19.100571662963659 ], [ -99.883748408870133, 19.101139550593075 ], [ -99.883435004627017, 19.101195274647921 ], [ -99.882826248429751, 19.101125899881708 ], [ -99.882712226507522, 19.101135483158487 ], [ -99.882627105418351, 19.101217221767968 ], [ -99.8826092918207, 19.101443225598928 ], [ -99.882667668784677, 19.101695974485267 ], [ -99.883022597757474, 19.102299734400901 ], [ -99.88314703746488, 19.102461798937441 ], [ -99.883338114683113, 19.102641617223412 ], [ -99.88529969580145, 19.10326476890674 ], [ -99.885442957985447, 19.10339059435654 ], [ -99.885500714918976, 19.103525867598194 ], [ -99.885491834071047, 19.103643387801526 ], [ -99.885369314349816, 19.103842784985488 ], [ -99.885189373899095, 19.103970164279758 ], [ -99.884790459176713, 19.104035338561062 ], [ -99.884438449660649, 19.103982809190484 ], [ -99.884228981980755, 19.103920558003722 ], [ -99.88386799483726, 19.103967474703552 ], [ -99.883716283066519, 19.10404049670376 ], [ -99.883650077075231, 19.104104071553309 ], [ -99.883615460066324, 19.104745845744787 ], [ -99.88372722541618, 19.106100819238748 ], [ -99.883681518667231, 19.106444434405091 ], [ -99.883531196210072, 19.106779514863035 ], [ -99.883341936954878, 19.106943084118086 ], [ -99.883085606595785, 19.107007570839642 ], [ -99.882638529602787, 19.106955494188014 ], [ -99.882296595560831, 19.10701135343578 ], [ -99.88126195583294, 19.107305484009146 ], [ -99.881025306288393, 19.107496388003995 ], [ -99.88046774089355, 19.10812259000005 ], [ -99.880411468677437, 19.108267446876198 ], [ -99.880450689216957, 19.108493177715218 ], [ -99.880690115395112, 19.108826391763046 ], [ -99.880729767045693, 19.10913345105979 ], [ -99.880598209777304, 19.10942325587763 ], [ -99.880371397601891, 19.109677369210146 ], [ -99.880143819755801, 19.109786898181767 ], [ -99.879839521839813, 19.10977027926117 ], [ -99.878345836106121, 19.109551493347681 ], [ -99.87775577709192, 19.109427793233351 ], [ -99.877222327829486, 19.109222490794821 ], [ -99.876917173611844, 19.109043209721619 ], [ -99.87662209772725, 19.108972321039346 ], [ -99.876422513348587, 19.108982308003817 ], [ -99.876130483606971, 19.109489755590005 ], [ -99.875998108966996, 19.109625936658745 ], [ -99.875874717072463, 19.109662670725186 ], [ -99.875266644969543, 19.109728819913926 ], [ -99.875314937408859, 19.109873178216844 ], [ -99.875832752061683, 19.110720169292506 ], [ -99.875919594322454, 19.110963748145934 ], [ -99.875893121229751, 19.111352454006351 ], [ -99.875668297192306, 19.111986095526049 ], [ -99.875413572763023, 19.112357813486597 ], [ -99.875290606713861, 19.112475875877408 ], [ -99.875025185678055, 19.112621725650399 ], [ -99.874549908291556, 19.112633021075794 ], [ -99.873732634083581, 19.112691122644492 ], [ -99.873562133996927, 19.112809409547936 ], [ -99.87377346104239, 19.113224096755175 ], [ -99.873821848306193, 19.113386528443755 ], [ -99.87378538883064, 19.113684914060912 ], [ -99.87360671030757, 19.114056268671106 ], [ -99.873117776367849, 19.115088777415053 ], [ -99.872516984611309, 19.116546542218146 ], [ -99.871896458394133, 19.117868847556224 ], [ -99.871736169239682, 19.118122635703912 ], [ -99.871461987034081, 19.118413110069184 ], [ -99.871263053721066, 19.118549603162819 ], [ -99.870968956861589, 19.118668472983643 ], [ -99.869705065081803, 19.118773854680228 ], [ -99.869220687476172, 19.118866510690907 ], [ -99.868964757654282, 19.119012307333435 ], [ -99.868775611675574, 19.119202972094172 ], [ -99.868690852313023, 19.119356996940041 ], [ -99.868551222914334, 19.119926971127882 ], [ -99.868409657362747, 19.12012644770715 ], [ -99.868200787746844, 19.120181653785096 ], [ -99.867763845495233, 19.120256008807303 ], [ -99.866985830438239, 19.120557888852545 ], [ -99.866910340119148, 19.120666685515971 ], [ -99.866882573104249, 19.12081140432656 ], [ -99.866865208316597, 19.121127772368197 ], [ -99.866799507385394, 19.121290743368661 ], [ -99.866686082770116, 19.121417792142267 ], [ -99.866420592613679, 19.121554593700239 ], [ -99.866069020802797, 19.121592395828088 ], [ -99.86583110964699, 19.121548331729571 ], [ -99.865109421682462, 19.12171438778563 ], [ -99.86492120850221, 19.122085779448071 ], [ -99.86481724194465, 19.12220374591476 ], [ -99.864580082147768, 19.122304264730928 ], [ -99.864266066689595, 19.122251519469614 ], [ -99.863940994537415, 19.121900612697345 ], [ -99.863788646865828, 19.121856144185642 ], [ -99.86362716778666, 19.121884012443047 ], [ -99.863181509190497, 19.122112022547356 ], [ -99.863125545921832, 19.122320130451385 ], [ -99.863136929842483, 19.122681547254388 ], [ -99.863099464467155, 19.122790164065066 ], [ -99.862985895209306, 19.122890101083328 ], [ -99.862720071178444, 19.122963641743638 ], [ -99.862254269153482, 19.12297486201976 ], [ -99.862121356917498, 19.12301163187675 ], [ -99.862169783067088, 19.123183103332281 ], [ -99.862227200856296, 19.123255128313986 ], [ -99.862560841604022, 19.12342526282265 ], [ -99.863502893966086, 19.123583505488682 ], [ -99.864426873491823, 19.123922563207145 ], [ -99.865981862008084, 19.124936403195079 ], [ -99.866106397704641, 19.125116551897975 ], [ -99.866136190872055, 19.125360403801267 ], [ -99.865463387793056, 19.125788297268059 ], [ -99.865923315166015, 19.126472925727626 ], [ -99.866104236654223, 19.126526294503833 ], [ -99.866723955774603, 19.126857735326723 ], [ -99.867115123705332, 19.127117957480777 ], [ -99.867403174031665, 19.127658804023099 ], [ -99.867424028343464, 19.1280111386219 ], [ -99.86730179989388, 19.128273780469385 ], [ -99.867256243584166, 19.128653538408059 ], [ -99.8677345408924, 19.129211560625151 ], [ -99.867925634164465, 19.129391393838318 ], [ -99.868049372947326, 19.129417920145727 ], [ -99.868477114858706, 19.129397827555692 ], [ -99.868600948191215, 19.129442426518665 ], [ -99.868725348509145, 19.129595463571889 ], [ -99.868773641872053, 19.129739823280602 ], [ -99.868842556864195, 19.13019133462609 ], [ -99.868882855142999, 19.130624907626498 ], [ -99.868875190544713, 19.130977376551868 ], [ -99.868838058113795, 19.131149249951079 ], [ -99.868767620446988, 19.132224954226103 ], [ -99.869444743186477, 19.132619370719169 ], [ -99.869760009658592, 19.13290705547837 ], [ -99.869951393375231, 19.133141105310699 ], [ -99.870038997503343, 19.133529270354813 ], [ -99.870030720258512, 19.133764264531067 ], [ -99.869974620401479, 19.133945264553347 ], [ -99.869804474860359, 19.134135840735212 ], [ -99.86962425351885, 19.134218023637118 ], [ -99.869177531260505, 19.134247245753897 ], [ -99.868987092653981, 19.134193925343425 ], [ -99.868786910122822, 19.134095467097268 ], [ -99.868108507708826, 19.133457062589855 ], [ -99.867603089066165, 19.133170272111215 ], [ -99.867479536261897, 19.133179891678424 ], [ -99.867508861521287, 19.133333377872987 ], [ -99.86790254843504, 19.134072532688776 ], [ -99.86828791202646, 19.135037644119677 ], [ -99.868365958437664, 19.135416818379895 ], [ -99.868330525270778, 19.135914005998757 ], [ -99.868255548906802, 19.136122204878973 ], [ -99.868142115813953, 19.1362492547035 ], [ -99.867980765410493, 19.136304236791489 ], [ -99.867666533656177, 19.136215352457498 ], [ -99.867113850908197, 19.135983004401112 ], [ -99.866771049466536, 19.135885216478641 ], [ -99.866524033951237, 19.135922527596961 ], [ -99.866249013133825, 19.136059374416334 ], [ -99.865984017953338, 19.136295577725718 ], [ -99.864640814548466, 19.137630299102113 ], [ -99.864634693710514, 19.138280972983864 ], [ -99.864891268292354, 19.138252656049815 ], [ -99.865500580092828, 19.138403413401477 ], [ -99.865872287052753, 19.138573361267561 ], [ -99.866511727856164, 19.13903122222456 ], [ -99.866999090450236, 19.139498834750839 ], [ -99.867305566283676, 19.139922115616287 ], [ -99.867593782874451, 19.140490069737211 ], [ -99.868151158574165, 19.141617029584609 ], [ -99.868305888284567, 19.142113318808867 ], [ -99.868760385904068, 19.143566084256179 ], [ -99.868838012653555, 19.143863929264569 ], [ -99.868867908956304, 19.144125852943773 ], [ -99.868862514935813, 19.144912073360047 ], [ -99.868837063783758, 19.145499580632702 ], [ -99.868327431472039, 19.148050344517458 ], [ -99.868204907519555, 19.148258767940149 ], [ -99.8680345569, 19.148413196858712 ], [ -99.867854224924145, 19.148477305548795 ], [ -99.867559506562429, 19.148487733738477 ], [ -99.867340478952315, 19.148425510482241 ], [ -99.867044910975665, 19.148273280840556 ], [ -99.866789595565365, 19.148545586867328 ], [ -99.866695595056171, 19.148753874821523 ], [ -99.866736224682768, 19.14925070297295 ], [ -99.866823217992248, 19.149521394344106 ], [ -99.867082452993941, 19.14999911765517 ], [ -99.867083869262046, 19.150270212608575 ], [ -99.866970378842325, 19.150388225434597 ], [ -99.86685636908976, 19.150406836709919 ], [ -99.866580522990262, 19.150390064258602 ], [ -99.866304441093121, 19.150328108890278 ], [ -99.86468311661406, 19.149404962050596 ], [ -99.863223314636912, 19.148453931406891 ], [ -99.862287859341791, 19.147762494430935 ], [ -99.86157148252579, 19.147142319411842 ], [ -99.861083408125694, 19.146539145414692 ], [ -99.86045177397915, 19.145755907312946 ], [ -99.860155327126847, 19.145431972243273 ], [ -99.859602341938626, 19.145145383497095 ], [ -99.859057744802158, 19.144641872016791 ], [ -99.858636385544344, 19.144065489225341 ], [ -99.857764077425088, 19.14270501325575 ], [ -99.857496492734242, 19.142444195978101 ], [ -99.8565609551394, 19.141725617559132 ], [ -99.855778673963016, 19.141223202741116 ], [ -99.855645419724453, 19.14119671273022 ], [ -99.855446585861841, 19.141360299564781 ], [ -99.855305266260189, 19.141613986137315 ], [ -99.855249752936572, 19.141912457197975 ], [ -99.855280279051442, 19.142300895474932 ], [ -99.855746082586847, 19.144124151069605 ], [ -99.856097376348202, 19.145866607449818 ], [ -99.855984812579607, 19.146165344312124 ], [ -99.85588077853447, 19.146274269728906 ], [ -99.855680588281587, 19.14617579760386 ], [ -99.855403864949665, 19.145987313974786 ], [ -99.855223343943976, 19.146015264251901 ], [ -99.855158227766026, 19.146295706387548 ], [ -99.855267895667737, 19.147280201485273 ], [ -99.855214801765669, 19.148048571937693 ], [ -99.855131785033564, 19.148545979212543 ], [ -99.854898538026646, 19.149414591877132 ], [ -99.854816171402433, 19.150038510389038 ], [ -99.854764005874358, 19.150987611139385 ], [ -99.854784559246525, 19.151285728063215 ], [ -99.854851725671551, 19.151402893277634 ], [ -99.854985500164105, 19.151528785307278 ], [ -99.855175908464162, 19.151573082998311 ], [ -99.85709784746075, 19.15179004710842 ], [ -99.857288583294974, 19.151897598216351 ], [ -99.85743252241241, 19.152149955282084 ], [ -99.8574523804416, 19.152312523890089 ], [ -99.857387219364, 19.152583930056267 ], [ -99.857048028389954, 19.153190973822973 ], [ -99.856811099959884, 19.153345703314756 ], [ -99.85666860680243, 19.153373477925641 ], [ -99.855889065342069, 19.153413257672241 ], [ -99.855565623639336, 19.153387653776178 ], [ -99.855070463434572, 19.1532544076058 ], [ -99.854603504810484, 19.15305777171659 ], [ -99.854195367931482, 19.153204257378377 ], [ -99.853501638495402, 19.153288811762138 ], [ -99.853025590655307, 19.153173544722677 ], [ -99.85180669203919, 19.152835802926177 ], [ -99.850330642635527, 19.152417912281464 ], [ -99.849883357056115, 19.152347687582505 ], [ -99.849170240691137, 19.152360021215657 ], [ -99.848866189033856, 19.152406609831985 ], [ -99.847984267967036, 19.1528805930825 ], [ -99.847880085943132, 19.152962404633115 ], [ -99.847913229933681, 19.15386592707091 ], [ -99.848181267352459, 19.161654367700066 ], [ -99.850681798829953, 19.165266536145168 ], [ -99.851782547692494, 19.166653091165642 ], [ -99.852932564291621, 19.166521239077099 ], [ -99.853474381095737, 19.166473538078719 ], [ -99.85400719982772, 19.166525281367001 ], [ -99.854283724148843, 19.16666858285339 ], [ -99.85440837388802, 19.166866810973545 ], [ -99.854382405827153, 19.167363951870527 ], [ -99.854525889345268, 19.167525945332557 ], [ -99.854830851710858, 19.16765104011256 ], [ -99.855334586013157, 19.167594474073951 ], [ -99.856418084217637, 19.167471946586431 ], [ -99.856588138145753, 19.167254272023456 ], [ -99.856682347798426, 19.167082134777274 ], [ -99.85704236042568, 19.166818389909224 ], [ -99.858237769302832, 19.166270603622138 ], [ -99.858389361740365, 19.16616145443021 ], [ -99.858577541956379, 19.165771995681951 ], [ -99.8586709064773, 19.165437200439214 ], [ -99.858859927683397, 19.165210398490274 ], [ -99.859676577642688, 19.164980659468142 ], [ -99.859876277839305, 19.164979724552381 ], [ -99.860209767710955, 19.165104676880333 ], [ -99.860599658797128, 19.165102850223604 ], [ -99.860760992612654, 19.165038837094414 ], [ -99.860874074999856, 19.164839499235654 ], [ -99.860929584025143, 19.164541027306711 ], [ -99.861033531735416, 19.164414025929659 ], [ -99.861648832012463, 19.163868937093525 ], [ -99.861971449297698, 19.163731872465462 ], [ -99.862237667076897, 19.163721586117504 ], [ -99.862666438600627, 19.163882233541017 ], [ -99.863152785095053, 19.16414201321777 ], [ -99.863514898019048, 19.164284898428946 ], [ -99.863752446848821, 19.164247634509707 ], [ -99.864985379983409, 19.163609261933402 ], [ -99.865146851928046, 19.163572354533585 ], [ -99.865327955605608, 19.163652831750142 ], [ -99.865433549737702, 19.163842105143033 ], [ -99.865472813657732, 19.164076874605371 ], [ -99.865000356795747, 19.16465744995071 ], [ -99.864896883365134, 19.164874818349347 ], [ -99.864869768657059, 19.165146047375231 ], [ -99.864946269087739, 19.165227017487439 ], [ -99.865279621433217, 19.165324850971729 ], [ -99.865593624882251, 19.165359518070261 ], [ -99.866126111900712, 19.165347970789242 ], [ -99.866754166454768, 19.16542633801572 ], [ -99.866916442779655, 19.165543049238124 ], [ -99.867012530424631, 19.165732366457064 ], [ -99.867023173919847, 19.165949197156408 ], [ -99.866767076780718, 19.166076919971488 ], [ -99.866215426775739, 19.166061449458255 ], [ -99.86529280887396, 19.16602965218874 ], [ -99.864893406511726, 19.166031533681064 ], [ -99.864742478440462, 19.166267198907917 ], [ -99.864603886636189, 19.167045008531204 ], [ -99.864568203946249, 19.16749701200655 ], [ -99.864492974675784, 19.167660026954422 ], [ -99.864341102509229, 19.167714962138291 ], [ -99.863711251311884, 19.16729320037183 ], [ -99.863110872915115, 19.167052032040829 ], [ -99.862768337652824, 19.167017494848153 ], [ -99.862502161660984, 19.167036818660392 ], [ -99.860584449111514, 19.167669349349922 ], [ -99.859387867826626, 19.167991238444472 ], [ -99.859188679066847, 19.168091574466985 ], [ -99.859113537812448, 19.168272660416619 ], [ -99.859086319647133, 19.168525815881537 ], [ -99.858973513638659, 19.168779371739276 ], [ -99.858822059712736, 19.1689156309601 ], [ -99.858206310732328, 19.16937938261367 ], [ -99.857260751877448, 19.170432059266716 ], [ -99.85719446325578, 19.170486589078678 ], [ -99.856881105083289, 19.17057841898378 ], [ -99.856158402203675, 19.170590827123362 ], [ -99.855807656794184, 19.170809343671522 ], [ -99.855410480072919, 19.171244957257102 ], [ -99.854901186035647, 19.172069671227973 ], [ -99.85486365884168, 19.172169249921865 ], [ -99.855238649979185, 19.172962734981922 ], [ -99.855418220815523, 19.172745017050261 ], [ -99.855822671533872, 19.171875606870174 ], [ -99.855926580979542, 19.171739571649709 ], [ -99.856230011923913, 19.171566459101939 ], [ -99.856467573161069, 19.17152920416703 ], [ -99.856658145077631, 19.171600608826054 ], [ -99.856811331343977, 19.171798701832984 ], [ -99.856901311703666, 19.172647733477447 ], [ -99.856978139033515, 19.172791962363704 ], [ -99.857063822372311, 19.172809635813223 ], [ -99.857964511690909, 19.172272262505601 ], [ -99.858144078122848, 19.1720545420593 ], [ -99.85828438791242, 19.171602050331671 ], [ -99.858359531439646, 19.171420964692402 ], [ -99.858463485267862, 19.171293964619508 ], [ -99.858737961635029, 19.171039652966158 ], [ -99.859060220631761, 19.170830300942669 ], [ -99.860377824702198, 19.170001790272465 ], [ -99.8605769680251, 19.169892416424489 ], [ -99.861127551458594, 19.169700064047106 ], [ -99.86139359110723, 19.169653632581344 ], [ -99.861660475966801, 19.16976985759544 ], [ -99.861975661964266, 19.17003044284769 ], [ -99.862081021782444, 19.170174535575995 ], [ -99.862167597093503, 19.170363899998449 ], [ -99.862225878062588, 19.17059858079773 ], [ -99.862321352584672, 19.170670426098809 ], [ -99.862502133816974, 19.170687650366688 ], [ -99.863852344420195, 19.170645155792954 ], [ -99.864326517617542, 19.170389896420204 ], [ -99.864932459549948, 19.169871950705613 ], [ -99.865094031853062, 19.16985311610523 ], [ -99.86610254250661, 19.169938728710065 ], [ -99.866197971015367, 19.170001535468259 ], [ -99.866256021399352, 19.170191032374987 ], [ -99.866191010749503, 19.170489550296111 ], [ -99.865720804343596, 19.171503878792123 ], [ -99.865494171021282, 19.171812195221435 ], [ -99.865285943525862, 19.172002947496878 ], [ -99.865191834751386, 19.172193161789949 ], [ -99.865163870908304, 19.172301734012592 ], [ -99.865155870189028, 19.172590946224148 ], [ -99.865165946115951, 19.17269933917953 ], [ -99.865281858164792, 19.173042187605972 ], [ -99.865301963106333, 19.173249937001458 ], [ -99.865264960904426, 19.173448918855172 ], [ -99.865011397547732, 19.174064609550044 ], [ -99.864841867079463, 19.17438169287766 ], [ -99.864596585325899, 19.174762389769796 ], [ -99.864132852743865, 19.175198335045593 ], [ -99.86389571235236, 19.175316928356438 ], [ -99.863676414603503, 19.175209519836983 ], [ -99.863369596220707, 19.174732017818258 ], [ -99.862558887671639, 19.174283993626318 ], [ -99.862321700331734, 19.174393548422302 ], [ -99.862150143091583, 19.174322060558495 ], [ -99.860812445393719, 19.173117418941445 ], [ -99.86072662079988, 19.173072637790767 ], [ -99.860307711992959, 19.172984234223463 ], [ -99.859955607905931, 19.172940700332447 ], [ -99.859803682437814, 19.172986595485725 ], [ -99.859585889831806, 19.17316834963043 ], [ -99.859435135382796, 19.173440156836875 ], [ -99.859416864994216, 19.173584829778576 ], [ -99.85943668157762, 19.173738361128017 ], [ -99.859589732559812, 19.173909342085608 ], [ -99.860067907562097, 19.174422194989006 ], [ -99.860641937341256, 19.175079184490016 ], [ -99.860804641741538, 19.17527722919192 ], [ -99.860911506183413, 19.175710490043286 ], [ -99.86091206947043, 19.175818927899513 ], [ -99.860998646697112, 19.176008292695144 ], [ -99.861284984725216, 19.176205756951504 ], [ -99.861780453486688, 19.176384165598449 ], [ -99.862000550727032, 19.176645196595814 ], [ -99.862029551356613, 19.176735427454844 ], [ -99.862031102506023, 19.177033631434938 ], [ -99.861701158061351, 19.177595456401605 ], [ -99.861626438600695, 19.177857871614151 ], [ -99.861655909140211, 19.178038467360693 ], [ -99.861751152891316, 19.178065130324285 ], [ -99.862093240845411, 19.178009303660644 ], [ -99.862217015468048, 19.178035832371393 ], [ -99.862417577777194, 19.178197550758 ], [ -99.862475486069457, 19.178359939305039 ], [ -99.862495447337324, 19.178540579557136 ], [ -99.862372706907877, 19.178712853650097 ], [ -99.861805518840413, 19.179375197094714 ], [ -99.861691864519855, 19.17946609776925 ], [ -99.861399580153659, 19.179955451805313 ], [ -99.861259178941054, 19.180389872486444 ], [ -99.86126915907829, 19.180480192680932 ], [ -99.861345665217584, 19.180561163952234 ], [ -99.861459978225355, 19.180596774214166 ], [ -99.861631118875607, 19.180586934099153 ], [ -99.862256502511968, 19.180141198544902 ], [ -99.86258917820561, 19.180103488449788 ], [ -99.862751043104083, 19.180138874408271 ], [ -99.862913331618984, 19.18025558853094 ], [ -99.86300937697456, 19.180435870912277 ], [ -99.86305838821238, 19.180715778120089 ], [ -99.863184801385728, 19.181248348824454 ], [ -99.864270360431703, 19.181505303854522 ], [ -99.86440680730442, 19.182137229912996 ], [ -99.864565766179567, 19.183437765106135 ], [ -99.864549621773847, 19.183989079485912 ], [ -99.864436484680596, 19.184179383064986 ], [ -99.864143116675734, 19.18446090238524 ], [ -99.863900411406121, 19.185338604521803 ], [ -99.864064450065769, 19.185789666751134 ], [ -99.864046418536418, 19.185979522209436 ], [ -99.863829085611087, 19.18625164632823 ], [ -99.863212865185801, 19.186634087636719 ], [ -99.862671363273364, 19.186754111520486 ], [ -99.862415042848568, 19.186845683474075 ], [ -99.862121196376506, 19.187036835059644 ], [ -99.861969870195594, 19.1872002065831 ], [ -99.862084517208928, 19.187299071563984 ], [ -99.862531242801253, 19.187242751789199 ], [ -99.86359522760506, 19.187002792694102 ], [ -99.864611419362291, 19.186717869301674 ], [ -99.864792123955283, 19.186717017653677 ], [ -99.865221383011146, 19.186958984487262 ], [ -99.865478221297224, 19.186966809795138 ], [ -99.865591925631804, 19.186884943194343 ], [ -99.865704874156279, 19.186658493074219 ], [ -99.865806611159712, 19.186106774996233 ], [ -99.865891499139934, 19.185970824070864 ], [ -99.866042867488261, 19.185816485952216 ], [ -99.866944493267283, 19.185450760521121 ], [ -99.867039458261502, 19.185423201735091 ], [ -99.86714426505057, 19.185458853199464 ], [ -99.86727784052465, 19.185539552057207 ], [ -99.867526775023862, 19.185854659259746 ], [ -99.867920123389581, 19.186503440347451 ], [ -99.868293505880558, 19.186971581263151 ], [ -99.868379387107495, 19.187025394904879 ], [ -99.868483389664789, 19.18690742574563 ], [ -99.868389549302549, 19.185335486879126 ], [ -99.868406154581578, 19.184874537349344 ], [ -99.868607096999426, 19.183292166232206 ], [ -99.869416775099182, 19.183532322321184 ], [ -99.869703183425145, 19.183738808837745 ], [ -99.870113087804441, 19.183917599270899 ], [ -99.87063707277656, 19.184086810825022 ], [ -99.87182722945056, 19.18433418701369 ], [ -99.871699930062846, 19.183638967447337 ], [ -99.870895483738536, 19.182585495322655 ], [ -99.870626862394147, 19.182143972463678 ], [ -99.870460911097894, 19.18133145810566 ], [ -99.870468949781127, 19.18105128274226 ], [ -99.870601478496496, 19.180933177182396 ], [ -99.870743992338475, 19.180905391004103 ], [ -99.871067109033845, 19.18085867422235 ], [ -99.871466498937025, 19.180847741438413 ], [ -99.871800171725909, 19.180999780269701 ], [ -99.87202937306148, 19.181179424964228 ], [ -99.872191526096231, 19.181269021204344 ], [ -99.872410646783067, 19.181340273125841 ], [ -99.872553113017375, 19.181303449087295 ], [ -99.873225877441257, 19.180830341778233 ], [ -99.873130011432863, 19.180686211013665 ], [ -99.872432897251372, 19.180147325367841 ], [ -99.871803453493385, 19.179815959181269 ], [ -99.871583669620122, 19.179618196012598 ], [ -99.87140173751061, 19.179384106105317 ], [ -99.87091048892745, 19.178202631933289 ], [ -99.870967028061443, 19.178102960090428 ], [ -99.871828372872017, 19.177321715770688 ], [ -99.872056189951195, 19.177239303369163 ], [ -99.872936688202287, 19.176485073167669 ], [ -99.873107061753217, 19.176330639209255 ], [ -99.874109561302078, 19.175268576069243 ], [ -99.87427037476624, 19.175105149931767 ], [ -99.874384257325687, 19.175059424095991 ], [ -99.874479501103735, 19.175086080449773 ], [ -99.874623201340057, 19.175284202858734 ], [ -99.874713179851824, 19.176115148885742 ], [ -99.87479069187998, 19.176385879948555 ], [ -99.874935347824476, 19.176764731095432 ], [ -99.875012001736025, 19.176872805865571 ], [ -99.87512660104295, 19.176962626329669 ], [ -99.875231213040138, 19.176962127540207 ], [ -99.875656831565664, 19.176517300287856 ], [ -99.875959102717502, 19.17612728084606 ], [ -99.876062519981417, 19.17590087031931 ], [ -99.876237431427626, 19.17480659722122 ], [ -99.876375447588316, 19.173929380385118 ], [ -99.876516711855118, 19.173666642215437 ], [ -99.876688704173716, 19.17381944450733 ], [ -99.876718381303192, 19.174036183101862 ], [ -99.876598670125077, 19.174777762523206 ], [ -99.876458026343983, 19.175157974623744 ], [ -99.876497882629565, 19.175501178130048 ], [ -99.876603497373878, 19.175690444055306 ], [ -99.876680008414041, 19.175771408767559 ], [ -99.877091621199952, 19.176275496406959 ], [ -99.877200680994918, 19.177115386171977 ], [ -99.87681740937353, 19.178373315439046 ], [ -99.876327654818681, 19.179279322062541 ], [ -99.87627212215898, 19.17956876082917 ], [ -99.876292289766297, 19.179785544746778 ], [ -99.876696792246094, 19.180741500389217 ], [ -99.876927480920358, 19.181201268549501 ], [ -99.877137858324659, 19.181417143291014 ], [ -99.877356502554051, 19.181398024784073 ], [ -99.877441809286665, 19.18134339690107 ], [ -99.877564535435624, 19.181171113318783 ], [ -99.87780028508422, 19.180790445648597 ], [ -99.877961674486244, 19.18073545361176 ], [ -99.878190498615936, 19.18084279883351 ], [ -99.878658904134227, 19.181292390287524 ], [ -99.878811214663756, 19.181318770988355 ], [ -99.880190849701989, 19.18142963579902 ], [ -99.880903891281775, 19.181381031165472 ], [ -99.881103225654442, 19.181307780911084 ], [ -99.881356545872507, 19.180655924656435 ], [ -99.881413223566767, 19.180583359139064 ], [ -99.881904444229122, 19.179957469459794 ], [ -99.882160164874392, 19.179757433865859 ], [ -99.882766514727052, 19.179320758536903 ], [ -99.883288954836473, 19.179200768329792 ], [ -99.883497554838698, 19.179082287682945 ], [ -99.883705720809019, 19.178882478940636 ], [ -99.883941163752922, 19.17844758540167 ], [ -99.884128909766503, 19.177985811359918 ], [ -99.884231352368374, 19.177578668077274 ], [ -99.884312122091274, 19.176674612707643 ], [ -99.88434948756742, 19.17654791940754 ], [ -99.884415720938364, 19.176484343651509 ], [ -99.885629830313178, 19.175882070169564 ], [ -99.885895823082592, 19.1758265666748 ], [ -99.886038764277487, 19.175880096725962 ], [ -99.886105673120028, 19.175943030370206 ], [ -99.885823268250704, 19.176486593037453 ], [ -99.885617232605, 19.177084006807263 ], [ -99.885524448741535, 19.177518214135318 ], [ -99.885025232797659, 19.180204509769226 ], [ -99.885007660112933, 19.180475694251413 ], [ -99.885084853221315, 19.180683165113749 ], [ -99.885698878852679, 19.181683271594238 ], [ -99.886367509282479, 19.182222242585112 ], [ -99.886473381435849, 19.182456684169836 ], [ -99.886483665553726, 19.182601220939773 ], [ -99.886219064085367, 19.182918781852777 ], [ -99.886020938550359, 19.183217948141703 ], [ -99.885852165372171, 19.183670595641274 ], [ -99.885787959220295, 19.184113701594072 ], [ -99.885674847025712, 19.184304017302338 ], [ -99.885485408358988, 19.184449518029169 ], [ -99.884610868743323, 19.184535066143042 ], [ -99.884278528628499, 19.184636071261593 ], [ -99.884003444611551, 19.184772946578562 ], [ -99.883833169759328, 19.184945463302142 ], [ -99.884072140901765, 19.185170228443042 ], [ -99.884340175304374, 19.185494256369111 ], [ -99.884436488026097, 19.185719708495583 ], [ -99.884437453034479, 19.185900436921941 ], [ -99.884305220269653, 19.186072770706858 ], [ -99.883803082812904, 19.186436656336923 ], [ -99.883500716555091, 19.186808615436178 ], [ -99.883407488997705, 19.18716149387825 ], [ -99.883417529928067, 19.187260848730546 ], [ -99.883474980052824, 19.187332865329836 ], [ -99.884075363478189, 19.187555889588452 ], [ -99.884562198260369, 19.187887899140719 ], [ -99.884772835482181, 19.188148946327829 ], [ -99.884840135259026, 19.188284171514567 ], [ -99.884899131409838, 19.188645352982633 ], [ -99.884834004021059, 19.188916766617638 ], [ -99.884682892523927, 19.189116301695151 ], [ -99.884569293197274, 19.189216252631581 ], [ -99.884398387242015, 19.189271296523884 ], [ -99.883865971701141, 19.189310009049166 ], [ -99.883752082394778, 19.189355740985604 ], [ -99.883619557000145, 19.189473855833285 ], [ -99.88336825845488, 19.19050524439632 ], [ -99.883321716017349, 19.190695238195133 ], [ -99.883379649422238, 19.190857618941664 ], [ -99.883666714166054, 19.191181555734602 ], [ -99.883714751303046, 19.191271690821907 ], [ -99.883773119380464, 19.191515399166974 ], [ -99.883707410487716, 19.191678375430058 ], [ -99.883508306191743, 19.191796810973699 ], [ -99.883185028169805, 19.191816441066635 ], [ -99.88255653057638, 19.191674879629943 ], [ -99.881917704786133, 19.191379742549316 ], [ -99.880954354189498, 19.190869282219978 ], [ -99.880620365113316, 19.190663042767653 ], [ -99.880362416357343, 19.190447401107747 ], [ -99.879759530396257, 19.189754470696187 ], [ -99.879491881320575, 19.189502727581498 ], [ -99.879310742572102, 19.189422265954988 ], [ -99.879187532813546, 19.189504186418787 ], [ -99.879198722829926, 19.189820415898737 ], [ -99.879306221751335, 19.19036210024376 ], [ -99.879672773885034, 19.191327265306313 ], [ -99.879840318728213, 19.19242893390583 ], [ -99.879833256572795, 19.19288983724357 ], [ -99.879710620727849, 19.19308019522947 ], [ -99.879473083332869, 19.193126517608107 ], [ -99.879044652085952, 19.193047241436204 ], [ -99.878701485333693, 19.192904299196812 ], [ -99.878500985355288, 19.192760673055943 ], [ -99.878271760773941, 19.192581037584489 ], [ -99.878157963411354, 19.192644839042487 ], [ -99.878159449139275, 19.192924968365219 ], [ -99.878566203459286, 19.194296592500734 ], [ -99.87863335711728, 19.194404710697086 ], [ -99.879234816580492, 19.194826551227266 ], [ -99.879425424523617, 19.194897930618367 ], [ -99.879987065627176, 19.194985603272528 ], [ -99.8801206548398, 19.195066292143053 ], [ -99.880273987335556, 19.195282435944762 ], [ -99.880284027101027, 19.19538179093729 ], [ -99.880218889912214, 19.195653203144445 ], [ -99.87987907875106, 19.196142812979474 ], [ -99.879823596016195, 19.196441288696121 ], [ -99.879843531138079, 19.196612889453718 ], [ -99.879891615976419, 19.196712061931635 ], [ -99.880044037030075, 19.196756513835112 ], [ -99.880374866221871, 19.196366349984032 ], [ -99.880583345331559, 19.196220762662051 ], [ -99.880801719973761, 19.196147420796535 ], [ -99.882018295516559, 19.195978914254624 ], [ -99.88294088721301, 19.195974474927539 ], [ -99.883130726620664, 19.195901267709075 ], [ -99.884193042202469, 19.195344913885265 ], [ -99.884609990456283, 19.195053730673862 ], [ -99.884999707942711, 19.195006667345694 ], [ -99.885998286272695, 19.194983772865442 ], [ -99.887274480355813, 19.195293885796502 ], [ -99.887541762945659, 19.195473325315561 ], [ -99.888423147318179, 19.196652857279958 ], [ -99.888529323489308, 19.196941515228673 ], [ -99.888588040512388, 19.197248476327729 ], [ -99.888797191240883, 19.199000569725342 ], [ -99.88880932302834, 19.199488489082398 ], [ -99.888659032202895, 19.199841646156244 ], [ -99.88819534680988, 19.20028668775484 ], [ -99.887863365792612, 19.200459991566504 ], [ -99.887608348484719, 19.200795581654177 ], [ -99.887505466305413, 19.201121398460771 ], [ -99.887422042962328, 19.201528450732269 ], [ -99.887243406511004, 19.201917890462198 ], [ -99.886780244238821, 19.202462329158948 ], [ -99.886069679298942, 19.202989889325181 ], [ -99.885682168337155, 19.203452630078971 ], [ -99.885342262095321, 19.20392417682001 ], [ -99.885494787856317, 19.203986696635639 ], [ -99.886379037661982, 19.203919167196716 ], [ -99.887043306535134, 19.203626782204765 ], [ -99.887413777518191, 19.203534623063831 ], [ -99.888269294680981, 19.203431077168602 ], [ -99.888430944517154, 19.203421257280752 ], [ -99.888668978831276, 19.203465286793573 ], [ -99.888792290773097, 19.203401432640703 ], [ -99.889606504655831, 19.202692626743726 ], [ -99.88974859595146, 19.202583497717512 ], [ -99.890507920410812, 19.202281602591029 ], [ -99.89065083752223, 19.202326091527482 ], [ -99.890717807815804, 19.202398059199481 ], [ -99.890680782773927, 19.202588008209602 ], [ -99.890576689969862, 19.202687916741183 ], [ -99.890434404666678, 19.202760900830185 ], [ -99.890130372939495, 19.202825633534019 ], [ -99.890412579932729, 19.204008061142076 ], [ -99.890499157812712, 19.204188373125021 ], [ -99.890690462046223, 19.204386249535389 ], [ -99.890758114278867, 19.20458472656594 ], [ -99.890798301754785, 19.204982142729193 ], [ -99.8906862524438, 19.205371261952109 ], [ -99.890487526515358, 19.205561996456936 ], [ -99.889662624995651, 19.206053979304443 ], [ -99.888914978468506, 19.20676246298774 ], [ -99.888801564358914, 19.206898562299273 ], [ -99.888764293600786, 19.207043329010446 ], [ -99.888869652471215, 19.207178367528229 ], [ -99.889317342364905, 19.207293672228218 ], [ -99.890002003732775, 19.207254202822526 ], [ -99.890496670266998, 19.207260837056822 ], [ -99.891078306519773, 19.207520072576131 ], [ -99.891278883939208, 19.207672719963625 ], [ -99.891298589331996, 19.207799136823724 ], [ -99.890912202122422, 19.208469725071268 ], [ -99.890167176595185, 19.209666178628083 ], [ -99.889761270469307, 19.210246493229249 ], [ -99.889457176210101, 19.210302188943785 ], [ -99.889314981141865, 19.210393245157377 ], [ -99.88846928262933, 19.212331183681727 ], [ -99.888357272104884, 19.212729337978601 ], [ -99.888519125180892, 19.212755663197242 ], [ -99.888613955904532, 19.212700983684044 ], [ -99.888774886339547, 19.212555617374676 ], [ -99.889124554208877, 19.212129200158472 ], [ -99.889427825836776, 19.211919886351666 ], [ -99.889712898760081, 19.211864282932538 ], [ -99.889988945570906, 19.21189908909048 ], [ -99.890208454572473, 19.212033572255166 ], [ -99.890953664224583, 19.212635404238199 ], [ -99.891057860152671, 19.212553568114004 ], [ -99.891083037424494, 19.211929919214697 ], [ -99.891233771043517, 19.211658087791932 ], [ -99.891726160901726, 19.211240008392224 ], [ -99.891887428197151, 19.211157894140797 ], [ -99.892921466671794, 19.21063777226351 ], [ -99.89312102497297, 19.210600653476718 ], [ -99.893426289682566, 19.21076182470614 ], [ -99.893550922992745, 19.210941949362848 ], [ -99.89360887426551, 19.211104325834413 ], [ -99.89361975334765, 19.211357297919449 ], [ -99.893833072971688, 19.212106296381648 ], [ -99.894123176170297, 19.212981432390791 ], [ -99.894217907321035, 19.2129086773067 ], [ -99.894817203464243, 19.211152650015663 ], [ -99.894870756073885, 19.210501752647133 ], [ -99.895011774512852, 19.210193819335245 ], [ -99.895096747182379, 19.210075928448305 ], [ -99.89517259892682, 19.210030374951145 ], [ -99.896035403401015, 19.209511072268697 ], [ -99.896329442916226, 19.209356012241642 ], [ -99.896652556592812, 19.209300212218579 ], [ -99.897698678471386, 19.209258945227475 ], [ -99.897860087819424, 19.209203934996253 ], [ -99.897763742030634, 19.208978491779817 ], [ -99.897072461420521, 19.207798080718135 ], [ -99.896223210127516, 19.207305221360912 ], [ -99.895956535190805, 19.207243268713057 ], [ -99.895727565419918, 19.207117875148015 ], [ -99.895536007522651, 19.206874822557893 ], [ -99.895497128640216, 19.206721390080304 ], [ -99.895505857895046, 19.206576761637223 ], [ -99.895689832745859, 19.205419176374392 ], [ -99.895746267349693, 19.205301424661286 ], [ -99.895888111904753, 19.205147109109305 ], [ -99.89605917653131, 19.205119163216239 ], [ -99.896297263846122, 19.205172219007864 ], [ -99.896764172024689, 19.205323558031637 ], [ -99.897287661528594, 19.205384252796591 ], [ -99.89774398067442, 19.205336835691298 ], [ -99.898665344495669, 19.205097369602413 ], [ -99.898454859581648, 19.20487248607725 ], [ -99.898187550232592, 19.204693063741274 ], [ -99.897519867537881, 19.204352942527578 ], [ -99.897061493434023, 19.204020831344963 ], [ -99.896601554339554, 19.203399554965415 ], [ -99.89649560442848, 19.203156084500847 ], [ -99.896427113894447, 19.202803991437349 ], [ -99.896200614780867, 19.201377313475973 ], [ -99.896170318609848, 19.201052143363995 ], [ -99.89619816806993, 19.200925494614182 ], [ -99.89641521956645, 19.200608152035102 ], [ -99.896538281451058, 19.200499110973624 ], [ -99.896824164412521, 19.200597115716448 ], [ -99.897215261921929, 19.200803044574741 ], [ -99.897415297282294, 19.200856285338887 ], [ -99.897795904172369, 19.200881531979576 ], [ -99.898623600545534, 19.200913623840108 ], [ -99.898641642204609, 19.200732803179449 ], [ -99.898440184067795, 19.200417508967064 ], [ -99.898201612688695, 19.200274091950803 ], [ -99.898096790477325, 19.200238458934621 ], [ -99.897982162678488, 19.200148654194095 ], [ -99.898092034183207, 19.199361930670079 ], [ -99.898139051840246, 19.199262297628536 ], [ -99.898233626426986, 19.199162431629134 ], [ -99.898605159603051, 19.199269050697239 ], [ -99.899099605204412, 19.199239517186811 ], [ -99.90013565951358, 19.199107921790926 ], [ -99.900211308294445, 19.199026220937924 ], [ -99.90008549814138, 19.198629227629965 ], [ -99.899729844697504, 19.197944190436601 ], [ -99.899652133367624, 19.197646363469232 ], [ -99.899462973207733, 19.196092993719958 ], [ -99.899528913402719, 19.195975194315452 ], [ -99.899852491013462, 19.196009753410408 ], [ -99.90048165637586, 19.196268727072834 ], [ -99.900767140612743, 19.196294434949039 ], [ -99.901485318869504, 19.195432428077083 ], [ -99.901550863669058, 19.195242337048455 ], [ -99.901519623754496, 19.194745476953528 ], [ -99.901412000048254, 19.194194772560536 ], [ -99.901305164216524, 19.193788649992086 ], [ -99.901131800733936, 19.193391890799091 ], [ -99.901083065145656, 19.193175251482103 ], [ -99.901101595439172, 19.193084794302933 ], [ -99.901395552151541, 19.192920690883739 ], [ -99.902012882921269, 19.192754997062934 ], [ -99.902962999059184, 19.192569590057303 ], [ -99.903114731554354, 19.192487513549906 ], [ -99.903028196174432, 19.192316243975199 ], [ -99.902683485111027, 19.191893219903818 ], [ -99.902615479839142, 19.191631492777958 ], [ -99.902613608048512, 19.191288110687367 ], [ -99.902650568084312, 19.191089123324275 ], [ -99.902772879906479, 19.190844532857966 ], [ -99.903047267101329, 19.190581120516242 ], [ -99.903388377440422, 19.190344489053757 ], [ -99.903815479106299, 19.190179726233453 ], [ -99.90372840187365, 19.189909056862973 ], [ -99.903325840752927, 19.189341732930984 ], [ -99.903181157888525, 19.188971944113632 ], [ -99.903161298524651, 19.188818419436075 ], [ -99.903179876574256, 19.188736998442891 ], [ -99.903293020253386, 19.188555709096875 ], [ -99.903662411928053, 19.188273754916167 ], [ -99.90400415794619, 19.188154595299579 ], [ -99.904498470117574, 19.188106975852691 ], [ -99.904593626925418, 19.188115543301137 ], [ -99.905020129067395, 19.187842341499902 ], [ -99.9051708685069, 19.187579536105204 ], [ -99.905715324733308, 19.18626654044067 ], [ -99.905885132385606, 19.186012676990231 ], [ -99.906263975097488, 19.185721634583331 ], [ -99.906320593724502, 19.185640025416433 ], [ -99.90649906971521, 19.185232496225069 ], [ -99.906506206586471, 19.184798703602951 ], [ -99.906562033529895, 19.184572512488955 ], [ -99.906787912054654, 19.184137638995992 ], [ -99.907052326159146, 19.18379294088362 ], [ -99.907383411461524, 19.183465985970713 ], [ -99.907600469051204, 19.1831576677356 ], [ -99.907929769176349, 19.182505402727202 ], [ -99.908173820150409, 19.181916815360978 ], [ -99.908390527510392, 19.181545241721039 ], [ -99.908636359626371, 19.181281962978744 ], [ -99.909129360283941, 19.180999386432063 ], [ -99.909742917026392, 19.180155941235 ], [ -99.909958278770489, 19.179540384083793 ], [ -99.910324908677126, 19.178761417498322 ], [ -99.91051347399565, 19.17846227400895 ], [ -99.910891695412317, 19.178062786496923 ], [ -99.911212804557465, 19.177654545187522 ], [ -99.911513699055604, 19.177029525118598 ], [ -99.911710726452554, 19.176540569671999 ], [ -99.911965558819759, 19.176186875992641 ], [ -99.912759724052933, 19.17533348747105 ], [ -99.912949426088687, 19.175242178013093 ], [ -99.913111743028821, 19.175358846573602 ], [ -99.91320818729065, 19.175602355207275 ], [ -99.913199922065075, 19.175828311510884 ], [ -99.913153218392949, 19.175982166176254 ], [ -99.912747522151733, 19.176571563449102 ], [ -99.912691158507471, 19.176698356220754 ], [ -99.912654611168648, 19.17696963616504 ], [ -99.912665713763033, 19.177258752388298 ], [ -99.91272411815487, 19.177502450355689 ], [ -99.913032126116661, 19.178169627289662 ], [ -99.913323855680801, 19.179333897790855 ], [ -99.913471391040389, 19.180218750632832 ], [ -99.913501017896579, 19.180417408419601 ], [ -99.913503060571657, 19.180787898938604 ], [ -99.913328790832566, 19.18195448793341 ], [ -99.913272625250784, 19.182117426280286 ], [ -99.913140924333788, 19.182380143104808 ], [ -99.913047165045271, 19.182624597862571 ], [ -99.913010268823712, 19.182832623263039 ], [ -99.913030235902966, 19.183004219333156 ], [ -99.913267797376761, 19.182966890774992 ], [ -99.913371963684881, 19.182885042923431 ], [ -99.913854851771191, 19.182494064984155 ], [ -99.914063581954736, 19.182402659407217 ], [ -99.914482039196059, 19.182400574566088 ], [ -99.914929526596325, 19.18248871000992 ], [ -99.915082241956611, 19.18258735110561 ], [ -99.915608110707808, 19.183090777387235 ], [ -99.915999587137321, 19.183368958077779 ], [ -99.916361483794049, 19.183457517130876 ], [ -99.918318882049164, 19.183131451140298 ], [ -99.91845132659256, 19.183004276025599 ], [ -99.918412283018085, 19.182823739636547 ], [ -99.918211011900723, 19.182544612547304 ], [ -99.918095284761989, 19.182256020655018 ], [ -99.918083170476336, 19.181786178497305 ], [ -99.918125814787231, 19.18090037911378 ], [ -99.918464729052971, 19.180275158389009 ], [ -99.918682563144273, 19.180111409430594 ], [ -99.919119483163342, 19.180009819297481 ], [ -99.919395129735619, 19.179981328852989 ], [ -99.919680687683467, 19.180025081053657 ], [ -99.919947526305066, 19.180123146176754 ], [ -99.920176775883249, 19.180302728673041 ], [ -99.920378197904313, 19.180608962658766 ], [ -99.92053402727737, 19.18126785200252 ], [ -99.920639343662685, 19.18139383591722 ], [ -99.920953284567759, 19.181410333878944 ], [ -99.921200251342441, 19.18135487481868 ], [ -99.922017132425253, 19.181170040785105 ], [ -99.922643151597811, 19.180868687251689 ], [ -99.922918798741591, 19.180840191482218 ], [ -99.924792171859906, 19.180803651015708 ], [ -99.925011109905654, 19.18083869393098 ], [ -99.925268694698559, 19.180981980675767 ], [ -99.925441293017627, 19.181234134561805 ], [ -99.925538162762564, 19.181549926245282 ], [ -99.925560111360028, 19.182073937005896 ], [ -99.925523180578011, 19.182272927953193 ], [ -99.925354416899495, 19.182707534712847 ], [ -99.925358606312614, 19.183457549398895 ], [ -99.925425734549265, 19.183556613198562 ], [ -99.926330336756507, 19.183750853450363 ], [ -99.926749655355763, 19.183902357889565 ], [ -99.927398894976136, 19.184350906274517 ], [ -99.927656942721683, 19.18457551612488 ], [ -99.928087698904051, 19.185070349159844 ], [ -99.928356626642653, 19.185538890229793 ], [ -99.928414804122895, 19.185737400345545 ], [ -99.928558982023333, 19.186007767752415 ], [ -99.928702552413938, 19.186169699300024 ], [ -99.928902730460095, 19.186250015044152 ], [ -99.92900734676698, 19.186249485362396 ], [ -99.930594901320035, 19.186114928236805 ], [ -99.930956759725177, 19.186194421591267 ], [ -99.931452528649288, 19.186408782851913 ], [ -99.931776955737234, 19.18659690328974 ], [ -99.931910968257171, 19.186749844161227 ], [ -99.931949875000498, 19.186903268043181 ], [ -99.931874857849778, 19.187093416824212 ], [ -99.930768514482395, 19.188237639475233 ], [ -99.93039907002327, 19.188501573713211 ], [ -99.929876793342544, 19.188648806663537 ], [ -99.9296676084723, 19.188658903390888 ], [ -99.929457764279277, 19.188551527908487 ], [ -99.929237699828775, 19.188317692057751 ], [ -99.929074598689624, 19.188065494324633 ], [ -99.929054411454104, 19.187857755584275 ], [ -99.929097757381442, 19.187107501239041 ], [ -99.929049190520175, 19.186927015881224 ], [ -99.928887054008044, 19.186846507741166 ], [ -99.928725373671455, 19.186847326233249 ], [ -99.927575601998285, 19.187033874098063 ], [ -99.927157336935807, 19.187072134536606 ], [ -99.926814600442754, 19.18701061024035 ], [ -99.926271585253062, 19.186850694257544 ], [ -99.925957482347826, 19.186807096910286 ], [ -99.925567597669726, 19.186818100766232 ], [ -99.925359323360794, 19.18699084621494 ], [ -99.925246962664232, 19.187307692921877 ], [ -99.925172947079886, 19.187678565635736 ], [ -99.925041867077823, 19.188049726053862 ], [ -99.924824584610974, 19.188312882092134 ], [ -99.924597084458298, 19.188449577373888 ], [ -99.924330834961552, 19.188459955603207 ], [ -99.923597905268423, 19.188355208017128 ], [ -99.923303325174686, 19.188401873676014 ], [ -99.922999737794044, 19.188538949940494 ], [ -99.922195855123391, 19.189356284528628 ], [ -99.921127370592387, 19.190482188283568 ], [ -99.921042878790047, 19.190681417232781 ], [ -99.921034222373748, 19.190835082511171 ], [ -99.922276320969104, 19.191849974722686 ], [ -99.922619217321312, 19.191938616077891 ], [ -99.922914156471734, 19.191955205497891 ], [ -99.923067036397981, 19.192080948240118 ], [ -99.92321116138163, 19.192342283482674 ], [ -99.923231845982514, 19.19264038622623 ], [ -99.923148111508965, 19.192975160801552 ], [ -99.923008116771996, 19.193454803596921 ], [ -99.922839084508496, 19.193844226686394 ], [ -99.922812817948909, 19.194251004522187 ], [ -99.922966808290994, 19.194575546193789 ], [ -99.923234579541315, 19.194836259002273 ], [ -99.924160080078366, 19.195355718759629 ], [ -99.92428508668678, 19.195599076103463 ], [ -99.924219164655597, 19.19571688368103 ], [ -99.923925681305661, 19.19596234971857 ], [ -99.923774007237625, 19.196053479431612 ], [ -99.923822420267186, 19.196206857200593 ], [ -99.924166789430956, 19.196557548243391 ], [ -99.924510403042746, 19.196772693912806 ], [ -99.925006146250382, 19.196978035067048 ], [ -99.92553062636722, 19.197219376050839 ], [ -99.925597811194166, 19.19732747571004 ], [ -99.925579849838584, 19.197517334163592 ], [ -99.925400449952008, 19.197753190153833 ], [ -99.925325673394241, 19.197988518091393 ], [ -99.925384509105584, 19.198304500856864 ], [ -99.925585408090228, 19.198511327851179 ], [ -99.926414508382095, 19.198796311029525 ], [ -99.926921036345675, 19.199227506103512 ], [ -99.927218216033452, 19.199641685258655 ], [ -99.927458683477653, 19.200119406606802 ], [ -99.927526630428645, 19.200363049908958 ], [ -99.92759665413638, 19.20097718140363 ], [ -99.927799129631126, 19.201464130879003 ], [ -99.928085740038114, 19.201688594177824 ], [ -99.929231225286458, 19.202414752953928 ], [ -99.929689148007355, 19.202656418353968 ], [ -99.929994024272105, 19.202745237628619 ], [ -99.930336337300162, 19.202725427855398 ], [ -99.931086882642035, 19.202567996553285 ], [ -99.931238609056777, 19.202485897060001 ], [ -99.931816215509684, 19.202022098615544 ], [ -99.932025518770615, 19.202030071317381 ], [ -99.932206796654043, 19.202128551712406 ], [ -99.933228346458179, 19.202801095553809 ], [ -99.934125897216802, 19.203411009407091 ], [ -99.934679200129267, 19.203697358630166 ], [ -99.935260477803865, 19.203884161496717 ], [ -99.935594353479587, 19.204054152125366 ], [ -99.935737793669091, 19.204188968077915 ], [ -99.935912937832654, 19.204883887172628 ], [ -99.935808974356121, 19.205001892839221 ], [ -99.934866863140428, 19.204925370753131 ], [ -99.93363919975269, 19.204814152115603 ], [ -99.931856250177873, 19.20406415404824 ], [ -99.930644568133289, 19.203410641056394 ], [ -99.930511507994481, 19.203429389531038 ], [ -99.930236485645764, 19.203575369921452 ], [ -99.930123413526076, 19.203765711088636 ], [ -99.930081747619397, 19.204814161830143 ], [ -99.930094002231442, 19.205302073111511 ], [ -99.93001169878346, 19.205889866094651 ], [ -99.929852488397103, 19.206333464437421 ], [ -99.928989942901069, 19.208569864343076 ], [ -99.928792121866252, 19.208914255535433 ], [ -99.928735608671218, 19.209013943882042 ], [ -99.928254660688822, 19.209757376886841 ], [ -99.927367632209439, 19.211026983515012 ], [ -99.92710311956057, 19.211353637385002 ], [ -99.926043844332526, 19.212443378391754 ], [ -99.925721495526034, 19.212634774436935 ], [ -99.924469029993588, 19.213201362812072 ], [ -99.924241900258039, 19.213410349086189 ], [ -99.924223481954073, 19.21351888056688 ], [ -99.924453440524303, 19.213815926765562 ], [ -99.92483620132009, 19.214220640102724 ], [ -99.925123538547268, 19.214571615046395 ], [ -99.925545565509879, 19.215193005581511 ], [ -99.925852638826257, 19.215670391153992 ], [ -99.926256254253815, 19.21640031131335 ], [ -99.926362864067244, 19.216752197496817 ], [ -99.926412096472177, 19.217050154454057 ], [ -99.926424444115582, 19.217556138324539 ], [ -99.926190684156381, 19.218280243401921 ], [ -99.926181931034762, 19.218415835758492 ], [ -99.926420045562963, 19.218468851147691 ], [ -99.926866977857401, 19.218439481104951 ], [ -99.927533050594491, 19.218472256476502 ], [ -99.92782889938394, 19.218642452706604 ], [ -99.928049308597224, 19.21893050555235 ], [ -99.928665161097001, 19.220183463248532 ], [ -99.928714957343402, 19.22058081829681 ], [ -99.928755698217515, 19.221059548009919 ], [ -99.928672826327556, 19.221547940898859 ], [ -99.928589192584411, 19.22190078962069 ], [ -99.928591426126843, 19.22229838571252 ], [ -99.92878569023253, 19.223011286824544 ], [ -99.928949488091348, 19.223380953983281 ], [ -99.929264677508002, 19.223605268519123 ], [ -99.929664770792613, 19.22370264018241 ], [ -99.930045127201652, 19.223673599779602 ], [ -99.930767381559406, 19.223543419830662 ], [ -99.930929555711089, 19.223623924438812 ], [ -99.931150588092635, 19.224020408089871 ], [ -99.931199526375224, 19.224264145478514 ], [ -99.931262050878217, 19.225230735694595 ], [ -99.931207417944677, 19.22566476659506 ], [ -99.931085278390128, 19.225936483238513 ], [ -99.93072516414594, 19.226182299695665 ], [ -99.93050652090011, 19.226210520206394 ], [ -99.928992400126617, 19.225938074026658 ], [ -99.928250549633674, 19.225968944875092 ], [ -99.927186731603229, 19.226263502304221 ], [ -99.926483234458317, 19.226348391088607 ], [ -99.926131257688439, 19.226350171232241 ], [ -99.926294546877102, 19.226629477980282 ], [ -99.926628613124763, 19.226826591814017 ], [ -99.927237895769963, 19.226904836955725 ], [ -99.928779800233031, 19.227041608597744 ], [ -99.92934187547786, 19.227183341743 ], [ -99.929713642125819, 19.227317002777568 ], [ -99.930238430249005, 19.227594470236909 ], [ -99.930619355206773, 19.227664827188448 ], [ -99.932018624927309, 19.227811332428757 ], [ -99.932417965034176, 19.227773153645614 ], [ -99.932835973738747, 19.227671623282617 ], [ -99.933083310275833, 19.227670363304924 ], [ -99.933283235184547, 19.22769645415849 ], [ -99.933807468353962, 19.227874512261508 ], [ -99.934463810952707, 19.227862127972173 ], [ -99.93689815195421, 19.227677997024898 ], [ -99.939272172780193, 19.226924843423149 ], [ -99.939888557203233, 19.226578294083879 ], [ -99.940495940388473, 19.226322154014383 ], [ -99.941986726953701, 19.225835558143388 ], [ -99.943108001143571, 19.225612911941653 ], [ -99.943326847057335, 19.225620821441225 ], [ -99.944518890204449, 19.22612975841696 ], [ -99.944758363841004, 19.226417691152221 ], [ -99.943618731993695, 19.226757916609813 ], [ -99.942668940470753, 19.227024866121724 ], [ -99.942318045961485, 19.227216438349842 ], [ -99.942043511413772, 19.227452799671141 ], [ -99.941666084730173, 19.227996930680206 ], [ -99.941439833480445, 19.228359553889163 ], [ -99.941233636680977, 19.228902803771575 ], [ -99.941188542336192, 19.229336787527188 ], [ -99.941040039507413, 19.229988178669601 ], [ -99.940908451955806, 19.230268986311614 ], [ -99.940503093379959, 19.230921696655173 ], [ -99.940447609242199, 19.23120211310345 ], [ -99.940488439485648, 19.231689874347865 ], [ -99.941133954219936, 19.233114324208145 ], [ -99.941643048952187, 19.233970173719911 ], [ -99.942332747727789, 19.234797982587054 ], [ -99.942486146833573, 19.2350050322882 ], [ -99.942966198643603, 19.235770662082587 ], [ -99.943024413943988, 19.2359691649973 ], [ -99.943015829191097, 19.236131866027563 ], [ -99.942902081030581, 19.236204743827216 ], [ -99.942027259680913, 19.236281539355332 ], [ -99.941770242901271, 19.236255752217232 ], [ -99.941150635184727, 19.236042062741717 ], [ -99.940254266116085, 19.235676172298781 ], [ -99.939653586266729, 19.235444307383091 ], [ -99.939567863106618, 19.23542667434225 ], [ -99.939454165189602, 19.235508586282265 ], [ -99.939397598843584, 19.235599241512034 ], [ -99.939342471344105, 19.235942911264431 ], [ -99.939078459357802, 19.23635994457419 ], [ -99.938330851434444, 19.237059588318743 ], [ -99.937591109116283, 19.237470020938531 ], [ -99.937335475567295, 19.237688206022597 ], [ -99.937004861058881, 19.238105577576789 ], [ -99.936854848723158, 19.238494914865043 ], [ -99.936893518109969, 19.238603154950056 ], [ -99.937054941034262, 19.238548109701696 ], [ -99.937206542607669, 19.238438895604361 ], [ -99.937576647716014, 19.238274343398018 ], [ -99.93783341070349, 19.238254955138643 ], [ -99.938147460166817, 19.238271418932356 ], [ -99.938462125851629, 19.238396316984279 ], [ -99.939206957448107, 19.238880467698266 ], [ -99.939245834029521, 19.239024852135117 ], [ -99.939287126331919, 19.239593939374856 ], [ -99.939269332627532, 19.239810906527396 ], [ -99.939175378391155, 19.240019227970151 ], [ -99.938720829835461, 19.240392055915891 ], [ -99.938570049365751, 19.240645850971077 ], [ -99.938515689331666, 19.241125063889172 ], [ -99.938537798430787, 19.241667140130119 ], [ -99.93846348610964, 19.241983798435399 ], [ -99.938387992348112, 19.242092623428846 ], [ -99.938207898407711, 19.242211021108972 ], [ -99.937875840456456, 19.242375379865393 ], [ -99.937648587433216, 19.242566310624284 ], [ -99.937564194821107, 19.242783618820965 ], [ -99.937717031491729, 19.242891273742032 ], [ -99.938203262583727, 19.243069511702913 ], [ -99.938413747812262, 19.24327627189183 ], [ -99.939008127720513, 19.244068434405335 ], [ -99.939059397784604, 19.244718798582085 ], [ -99.939015169114271, 19.245306397314948 ], [ -99.939054715529664, 19.245568252556609 ], [ -99.939207710009498, 19.245703014722665 ], [ -99.940039592906032, 19.246430698667098 ], [ -99.940182920572056, 19.24653840014895 ], [ -99.940392280278843, 19.246546360848754 ], [ -99.941235935702423, 19.245999834339216 ], [ -99.941635058803627, 19.245916452663437 ], [ -99.942768562904007, 19.246145564996425 ], [ -99.942883040352967, 19.246199194061546 ], [ -99.942950154409459, 19.246289213037983 ], [ -99.942875074765368, 19.246470329500823 ], [ -99.942478427542767, 19.246987452204735 ], [ -99.942403708220013, 19.247231821995967 ], [ -99.942395483922439, 19.247457776349506 ], [ -99.942435036342374, 19.247719630550591 ], [ -99.942646616564332, 19.248116145761685 ], [ -99.942893776544167, 19.248078726387405 ], [ -99.943339957612011, 19.247904733582686 ], [ -99.943539546685997, 19.247867558595374 ], [ -99.943796530120608, 19.247884306225671 ], [ -99.944196948430829, 19.248026824065334 ], [ -99.944302223726083, 19.248134718501262 ], [ -99.944350828172219, 19.248315197159968 ], [ -99.94435222407634, 19.248559174776062 ], [ -99.944315925377737, 19.248866602252406 ], [ -99.944326059912953, 19.248974987640906 ], [ -99.944554812962622, 19.249046098676502 ], [ -99.94607868121102, 19.249318356187473 ], [ -99.946183181502533, 19.249290706403485 ], [ -99.947189555384625, 19.248915004170954 ], [ -99.94782534140154, 19.248622544826048 ], [ -99.948109778465039, 19.248449378311875 ], [ -99.948356573918204, 19.248348698206883 ], [ -99.948755750252928, 19.248274337126418 ], [ -99.948851046961295, 19.248300952372745 ], [ -99.949071014071819, 19.248498613799882 ], [ -99.949138703981021, 19.24868802844793 ], [ -99.949135425571569, 19.249772421163811 ], [ -99.949146446783061, 19.250034421434179 ], [ -99.949272054278765, 19.250368118913457 ], [ -99.949511053176877, 19.250565680898546 ], [ -99.950101246711597, 19.250616835736594 ], [ -99.95115748101955, 19.250638457018226 ], [ -99.951699582894207, 19.250599492105891 ], [ -99.95189012774523, 19.250643683125418 ], [ -99.952052182166426, 19.250697058657181 ], [ -99.95310396464015, 19.251595227892324 ], [ -99.953353214853337, 19.251919241526366 ], [ -99.953401882602009, 19.252108753415769 ], [ -99.953384524595322, 19.252398010357183 ], [ -99.953101287251627, 19.252779017213641 ], [ -99.952978227119559, 19.252888095739081 ], [ -99.952324397152154, 19.253352359695782 ], [ -99.952107026537135, 19.253606511867247 ], [ -99.952023013271287, 19.253887079181709 ], [ -99.952036594412277, 19.254591851871169 ], [ -99.952086930160135, 19.255070521889252 ], [ -99.951992984637855, 19.25527884925225 ], [ -99.951898309016542, 19.255360670034236 ], [ -99.951470261292513, 19.25538096996894 ], [ -99.950099446034869, 19.255261584860932 ], [ -99.949851549172081, 19.255172507715429 ], [ -99.949507363755288, 19.254885127986881 ], [ -99.948988901641769, 19.255728209116796 ], [ -99.948895523475869, 19.256035933132296 ], [ -99.949029818503504, 19.256225002020869 ], [ -99.949182675065401, 19.256332646358885 ], [ -99.949469723683592, 19.256611286708107 ], [ -99.94956627360358, 19.25685476981505 ], [ -99.949558163294455, 19.257098796230082 ], [ -99.94935924081534, 19.257253448587676 ], [ -99.947956128530961, 19.256483590517973 ], [ -99.947735943960708, 19.256249783552164 ], [ -99.947648807823555, 19.255988177655581 ], [ -99.947143759309427, 19.255855246600959 ], [ -99.946404010376682, 19.256274752866602 ], [ -99.94626232860486, 19.256456215151957 ], [ -99.946254006079585, 19.256664096859367 ], [ -99.946388661570154, 19.256916421142648 ], [ -99.946476522085504, 19.2573045343903 ], [ -99.946516343264989, 19.257611568021503 ], [ -99.946441833299843, 19.257892083905801 ], [ -99.94584624437573, 19.258563863123527 ], [ -99.945723071470979, 19.258654864700645 ], [ -99.945447300701176, 19.258683399865618 ], [ -99.944133910291157, 19.258626929337083 ], [ -99.943619341280737, 19.258494037926482 ], [ -99.943027467470131, 19.258153704875667 ], [ -99.942902382211798, 19.257910365127145 ], [ -99.942746171480337, 19.257215362234945 ], [ -99.94203732215135, 19.258050369791931 ], [ -99.941867967018482, 19.258385591405784 ], [ -99.941583867352279, 19.258622002472464 ], [ -99.941251368311214, 19.258714078675837 ], [ -99.940851647400052, 19.258698062444296 ], [ -99.940022477231537, 19.258458341247831 ], [ -99.935678628732148, 19.255896181228763 ], [ -99.93116677287594, 19.250515380100012 ], [ -99.929919655792901, 19.253765826754943 ], [ -99.927530415617696, 19.258657667414752 ], [ -99.929268676468496, 19.263194199933139 ], [ -99.938363969449256, 19.267982263857505 ], [ -99.93848998235103, 19.268388258073173 ], [ -99.938732083205423, 19.269128005356151 ], [ -99.938810624222242, 19.269552315934448 ], [ -99.938756053478016, 19.269995382999809 ], [ -99.938643155317891, 19.270221874378876 ], [ -99.937914326759824, 19.27090335030897 ], [ -99.937321637462276, 19.27209920405528 ], [ -99.937312995482102, 19.272252868299631 ], [ -99.937403208645947, 19.273056651119362 ], [ -99.937273639260638, 19.273698904625519 ], [ -99.936519632085094, 19.274976911369549 ], [ -99.935886700990068, 19.275793435518608 ], [ -99.935631161954632, 19.276038728530807 ], [ -99.935119312474228, 19.276393770494849 ], [ -99.934939179729668, 19.276512166197165 ], [ -99.933185212254159, 19.277659726176125 ], [ -99.931662986408242, 19.277721712046741 ], [ -99.931482083421088, 19.277704561303153 ], [ -99.929814670857695, 19.277333520943671 ], [ -99.929346051680625, 19.276920226730965 ], [ -99.928584024394354, 19.276788553168615 ], [ -99.927708266626496, 19.27673878208941 ], [ -99.926976618386277, 19.276932260905483 ], [ -99.926626261352624, 19.277241278166514 ], [ -99.926427191168557, 19.277377834713548 ], [ -99.92625595706761, 19.277387739194353 ], [ -99.925570462086966, 19.27732795701229 ], [ -99.924923335096707, 19.27732219697117 ], [ -99.924610276089652, 19.277495474438581 ], [ -99.924506058127747, 19.277577330095539 ], [ -99.924468805865502, 19.277722102346104 ], [ -99.924498671537549, 19.277956899913249 ], [ -99.924451700544523, 19.278065575379401 ], [ -99.924347431462706, 19.278138394728558 ], [ -99.924195532200372, 19.278202418430055 ], [ -99.922922276560882, 19.278543203597621 ], [ -99.922655932437237, 19.278562621583092 ], [ -99.922532073887851, 19.278536137452079 ], [ -99.9209676268419, 19.277857255314586 ], [ -99.920805251126183, 19.277749635646387 ], [ -99.919983002240656, 19.277057966771679 ], [ -99.919819972250878, 19.276832874998149 ], [ -99.919781303775267, 19.276724631655327 ], [ -99.919426698138182, 19.2762745911362 ], [ -99.918623644993716, 19.275609928487199 ], [ -99.918202787314783, 19.275223473843425 ], [ -99.918030396904214, 19.275025536808471 ], [ -99.917569114896537, 19.274214567938145 ], [ -99.917292003807518, 19.274008119315283 ], [ -99.91703422635419, 19.27385579227365 ], [ -99.917133355168687, 19.274569178776972 ], [ -99.917287114978535, 19.274839502263944 ], [ -99.918446370974095, 19.276243374508852 ], [ -99.918839641782711, 19.276801660623278 ], [ -99.919695173079617, 19.278342598041093 ], [ -99.920109200819809, 19.279208017300391 ], [ -99.919976936125238, 19.279380376647111 ], [ -99.919654200435787, 19.279526585149483 ], [ -99.918734476760278, 19.280127620509631 ], [ -99.918678287637363, 19.280290559952505 ], [ -99.919222767521944, 19.280658317912071 ], [ -99.919870311959926, 19.280736387521529 ], [ -99.92023267847884, 19.280870110256103 ], [ -99.92064282779603, 19.281039737458514 ], [ -99.921015216764374, 19.281263772993896 ], [ -99.921350098292578, 19.281587398253635 ], [ -99.921436854920785, 19.28178576351047 ], [ -99.921421057285215, 19.282364178468868 ], [ -99.92149779285478, 19.282472229318046 ], [ -99.922042640117638, 19.282903231850014 ], [ -99.922842301014498, 19.282953413317728 ], [ -99.923429871502947, 19.282516693226 ], [ -99.923753065290271, 19.282451804046275 ], [ -99.924029286392567, 19.282495589674568 ], [ -99.924106023687841, 19.282603639352885 ], [ -99.924125917688968, 19.2827571589375 ], [ -99.923947036822767, 19.283101450006768 ], [ -99.923938331556997, 19.283246077755848 ], [ -99.924034456333516, 19.283417284773805 ], [ -99.924321412184952, 19.283677891159016 ], [ -99.924531123510747, 19.283740085392424 ], [ -99.925273336242924, 19.283727291389937 ], [ -99.926328566841846, 19.283532177966549 ], [ -99.92671822196786, 19.283439837090782 ], [ -99.926927018539345, 19.283339376614435 ], [ -99.927362473229891, 19.282930525357585 ], [ -99.927884283383378, 19.282647745231316 ], [ -99.92844476725196, 19.282473204841551 ], [ -99.92899649810164, 19.282434254379666 ], [ -99.929358161320408, 19.282441451538091 ], [ -99.929558407557693, 19.282512724612786 ], [ -99.930285000088077, 19.283105433446622 ], [ -99.930495580307309, 19.28332123633686 ], [ -99.93121460469473, 19.284257365469671 ], [ -99.931377606507908, 19.28447340973338 ], [ -99.931446263958151, 19.284834518341484 ], [ -99.931294617121978, 19.284943729071358 ], [ -99.930723744132592, 19.284964711344855 ], [ -99.929573399132607, 19.285169370763185 ], [ -99.928795256022227, 19.285561896927106 ], [ -99.928633631867001, 19.285589828016555 ], [ -99.926606050277599, 19.285491686141654 ], [ -99.925664343167341, 19.285568752163101 ], [ -99.925435647284758, 19.285515691996522 ], [ -99.925015915131382, 19.285337088270069 ], [ -99.924330437880258, 19.285286339067568 ], [ -99.923759561811607, 19.285307299660815 ], [ -99.923503280535328, 19.285426069675225 ], [ -99.922928305234791, 19.286413952005319 ], [ -99.923141413028588, 19.287081574769672 ], [ -99.923651812670641, 19.288154335664899 ], [ -99.923785701998781, 19.288271132791351 ], [ -99.924326568155436, 19.28798826577372 ], [ -99.92481109496623, 19.287841229615708 ], [ -99.925115874694256, 19.287884868640049 ], [ -99.925812200086057, 19.288170507825384 ], [ -99.926022679846085, 19.288368243296759 ], [ -99.92646435143962, 19.289061811970726 ], [ -99.926971421840562, 19.289538172193147 ], [ -99.927114322378998, 19.289564556297819 ], [ -99.927322210360217, 19.289301443310933 ], [ -99.927624295564101, 19.288866158804922 ], [ -99.927756966412119, 19.288766083803125 ], [ -99.928042460839322, 19.288764633456594 ], [ -99.928615946374123, 19.289204505654993 ], [ -99.928635692769205, 19.289330915805408 ], [ -99.92852210603138, 19.289439930888079 ], [ -99.927383634968805, 19.290069231360405 ], [ -99.927146280664545, 19.290169837559347 ], [ -99.926870045984401, 19.290126057251427 ], [ -99.926468825159759, 19.289856998785467 ], [ -99.925913054763555, 19.289182081646231 ], [ -99.925731377522766, 19.289029382489446 ], [ -99.925579164274609, 19.289039190363212 ], [ -99.924924657101883, 19.289422037838904 ], [ -99.924687149841532, 19.289495532217472 ], [ -99.924458499432887, 19.289451507282308 ], [ -99.92404761537108, 19.289155382750664 ], [ -99.923856879539983, 19.289084055787669 ], [ -99.922694143683827, 19.288782692956602 ], [ -99.922313483823302, 19.28878461550903 ], [ -99.922066459645521, 19.28885815454845 ], [ -99.921990833534323, 19.288948901120136 ], [ -99.921984150121773, 19.289454977787102 ], [ -99.922119709220624, 19.289869971538963 ], [ -99.922045094636189, 19.290141442631693 ], [ -99.921818163762339, 19.290404646046682 ], [ -99.921184393943406, 19.291094616254554 ], [ -99.917257894303134, 19.29522598012818 ], [ -99.916903504822699, 19.29482111813337 ], [ -99.915912997079602, 19.294690541705677 ], [ -99.915608256661187, 19.29465592400993 ], [ -99.915264594899213, 19.294467880571517 ], [ -99.914958047067898, 19.294107957188487 ], [ -99.914136840512697, 19.293615062874323 ], [ -99.913984621903694, 19.293624861282296 ], [ -99.913537432595433, 19.293645171898447 ], [ -99.913012705587107, 19.293412847255013 ], [ -99.912697248916913, 19.29316140227354 ], [ -99.91252459471292, 19.292918279697233 ], [ -99.912341623134409, 19.292530624527956 ], [ -99.912205184729373, 19.291952970255238 ], [ -99.911987551720358, 19.292179969625693 ], [ -99.911798768564665, 19.292461043703099 ], [ -99.911705502579423, 19.292804896258588 ], [ -99.911783688359833, 19.293175002311045 ], [ -99.912016796343892, 19.2940232689607 ], [ -99.912350784753528, 19.295901191472979 ], [ -99.91232378643241, 19.296181457667728 ], [ -99.912238734781965, 19.296290320525998 ], [ -99.912105847852786, 19.296354239837456 ], [ -99.911715201964796, 19.296274862360065 ], [ -99.911629799552884, 19.296320471239085 ], [ -99.911373792142456, 19.296493442627536 ], [ -99.911090633645586, 19.296919571020055 ], [ -99.910901343795786, 19.297110281853861 ], [ -99.910758738652873, 19.29713810272176 ], [ -99.909578828834299, 19.297180130390757 ], [ -99.909406424230497, 19.29698218620365 ], [ -99.909367357802864, 19.296801650804923 ], [ -99.90940203114377, 19.296186996194024 ], [ -99.909295897081279, 19.295925466273616 ], [ -99.90886349376234, 19.295177589480204 ], [ -99.908824677869347, 19.295042235153915 ], [ -99.908808726067605, 19.29387660579232 ], [ -99.908693925639682, 19.293768739049085 ], [ -99.908093020116382, 19.293527742579158 ], [ -99.906664403662887, 19.293336037912127 ], [ -99.906593145648742, 19.294221969366163 ], [ -99.906528368700208, 19.29455664168961 ], [ -99.906161488176906, 19.295335602221428 ], [ -99.905897003477833, 19.295698374804942 ], [ -99.905593554991981, 19.295898683157247 ], [ -99.904463867407799, 19.296419363378675 ], [ -99.904302326849177, 19.296465346034438 ], [ -99.903997981686359, 19.296502999110089 ], [ -99.903664589315383, 19.296450430341736 ], [ -99.903077064188437, 19.296914199167418 ], [ -99.903040780760534, 19.297239693007612 ], [ -99.902669217492473, 19.298904248255383 ], [ -99.902406701296059, 19.299628466778245 ], [ -99.902321740281366, 19.299755397844763 ], [ -99.902150728150957, 19.299810462040114 ], [ -99.90168458393191, 19.299848910943751 ], [ -99.901570229131153, 19.299822366168996 ], [ -99.90134052988293, 19.299588551055081 ], [ -99.901205755536751, 19.299309084515187 ], [ -99.901144744063402, 19.298595501171349 ], [ -99.900903304413248, 19.297955100215233 ], [ -99.900856411379607, 19.298081842790054 ], [ -99.900695955913534, 19.298326620298894 ], [ -99.9004306633488, 19.298544805201743 ], [ -99.900126510856978, 19.298618597091547 ], [ -99.900002590593544, 19.298583061935574 ], [ -99.899868461613096, 19.298421065791388 ], [ -99.899591378776847, 19.298223627882521 ], [ -99.898636658950522, 19.297677101801071 ], [ -99.8986377442925, 19.297875899870121 ], [ -99.898762995978643, 19.298155415421945 ], [ -99.899059556209977, 19.298434087373778 ], [ -99.899567371075761, 19.299055105645778 ], [ -99.899655396331411, 19.299488424639492 ], [ -99.899627486911811, 19.299606036864134 ], [ -99.89952353871314, 19.299742096780733 ], [ -99.899390495559317, 19.299778898310535 ], [ -99.899104387366719, 19.299671869373356 ], [ -99.898923610144607, 19.299681796089885 ], [ -99.898755705628901, 19.300306142366594 ], [ -99.898776812730944, 19.300685572117857 ], [ -99.898970218039494, 19.301244883767311 ], [ -99.89900927443523, 19.301425421724673 ], [ -99.898982203458274, 19.30169665046833 ], [ -99.898897337452524, 19.301841652605219 ], [ -99.89829927574425, 19.302124728527701 ], [ -99.898185265042855, 19.302161435589483 ], [ -99.897252763222127, 19.302202167454652 ], [ -99.896967932597079, 19.302330078474881 ], [ -99.89680731959487, 19.302547744027152 ], [ -99.896504979414999, 19.302955872431482 ], [ -99.896220688251674, 19.303183181392626 ], [ -99.896039759261384, 19.303165996581015 ], [ -99.895876979554146, 19.302986065174537 ], [ -99.895780723469784, 19.302787734131755 ], [ -99.895807209549275, 19.3024080703359 ], [ -99.89598612046683, 19.302054768014443 ], [ -99.896012655228844, 19.301684140460907 ], [ -99.895971289753959, 19.301078896623778 ], [ -99.895901471336117, 19.300491865402819 ], [ -99.895813947080796, 19.30014890707497 ], [ -99.895737366657784, 19.300067954130157 ], [ -99.895384541251417, 19.299943173581767 ], [ -99.895203665040412, 19.299935024070862 ], [ -99.89508975334752, 19.299989801739287 ], [ -99.894786872773466, 19.300298528282099 ], [ -99.894430374446813, 19.301249110244612 ], [ -99.894327157449538, 19.301520711636272 ], [ -99.894101393227402, 19.30200978979525 ], [ -99.893533983888119, 19.302681270806147 ], [ -99.893306351718138, 19.302826969292084 ], [ -99.892992228941011, 19.302819469719566 ], [ -99.892734671228766, 19.302712291200578 ], [ -99.892562329091788, 19.302523366924163 ], [ -99.892520681869769, 19.301863904137008 ], [ -99.892424822496537, 19.301737861410516 ], [ -99.891423741095366, 19.301417437545865 ], [ -99.891290303005633, 19.301381942968817 ], [ -99.89116687161038, 19.301436764739719 ], [ -99.891130368191455, 19.3017261118801 ], [ -99.891046277943985, 19.302015691293207 ], [ -99.890875797368267, 19.302170144356182 ], [ -99.88989663369108, 19.302382760505736 ], [ -99.889820152704488, 19.302319877609136 ], [ -99.8897530425632, 19.302229839409165 ], [ -99.889694326198651, 19.301931920038385 ], [ -99.887531695511484, 19.301535803146919 ], [ -99.887399671130311, 19.301762358390476 ], [ -99.887210834586028, 19.302043408889062 ], [ -99.886955327093801, 19.302315746622071 ], [ -99.886594348511153, 19.302444011710918 ], [ -99.886175535064808, 19.302437008803167 ], [ -99.885107692634222, 19.302089764492166 ], [ -99.884706845962114, 19.301883867151219 ], [ -99.884544322385011, 19.301749106600369 ], [ -99.884515284655095, 19.301658881877756 ], [ -99.884504115999789, 19.301351693551794 ], [ -99.884569571558075, 19.301134499377326 ], [ -99.884805269488254, 19.30071767620899 ], [ -99.884790554095048, 19.299750837422152 ], [ -99.884647795645378, 19.299751529229468 ], [ -99.884279730953267, 19.300331651185843 ], [ -99.884080402347706, 19.300432018555 ], [ -99.882988000745286, 19.300825876881731 ], [ -99.882807317524566, 19.300853860349378 ], [ -99.882249307458039, 19.299736025963966 ], [ -99.881911507476389, 19.29886111275988 ], [ -99.881717630039134, 19.29820238097625 ], [ -99.88157192057048, 19.297651854944718 ], [ -99.881366318117841, 19.29835769857948 ], [ -99.881330523616839, 19.298782589278119 ], [ -99.881467151799029, 19.299414488226944 ], [ -99.881549291333044, 19.300534623768385 ], [ -99.881590748900578, 19.301166981974006 ], [ -99.881526160631267, 19.301546828894686 ], [ -99.881365962887457, 19.301845808491521 ], [ -99.881261755839148, 19.301936677062827 ], [ -99.881081022656986, 19.301955622563128 ], [ -99.880322436961706, 19.302483402207088 ], [ -99.880068511823765, 19.303053929208204 ], [ -99.880175088647263, 19.303405840757534 ], [ -99.880134848289572, 19.304779590117846 ], [ -99.880031315387043, 19.30499696646217 ], [ -99.87995546498945, 19.305051551439021 ], [ -99.879860289500641, 19.3050520102571 ], [ -99.879325230122561, 19.304666017116006 ], [ -99.877853793472696, 19.303597750054905 ], [ -99.877279806463264, 19.303049279749814 ], [ -99.877164633803829, 19.302869102126408 ], [ -99.87638631076544, 19.301481210706982 ], [ -99.876260083227692, 19.301011915611241 ], [ -99.876086558595262, 19.300597066714658 ], [ -99.875780177673107, 19.300255147462281 ], [ -99.875753164531943, 19.300544446970207 ], [ -99.875888667080176, 19.300968515205511 ], [ -99.87591034696942, 19.301465421933869 ], [ -99.87585449328418, 19.301700640445574 ], [ -99.87548716195829, 19.302425327196374 ], [ -99.875026575091113, 19.303511922665052 ], [ -99.874974611751327, 19.304479083473552 ], [ -99.874899912993726, 19.304750538264841 ], [ -99.874729846241848, 19.304986303859778 ], [ -99.873411366519065, 19.305833017793987 ], [ -99.873297299081969, 19.305860673286418 ], [ -99.872935677729174, 19.305871439738894 ], [ -99.871093419378838, 19.304868146269769 ], [ -99.870987817349601, 19.304696955483053 ], [ -99.870948838335096, 19.304525446741309 ], [ -99.871145788334957, 19.303973276404633 ], [ -99.871249763230139, 19.303837231673754 ], [ -99.87154356131856, 19.303600878434224 ], [ -99.871618983218241, 19.303464969833556 ], [ -99.871517586785501, 19.302290700426909 ], [ -99.871315185349602, 19.30181272857368 ] ] ] ] } },
{ "type": "Feature", "properties": { "NUM_ANP": 143, "ID_ANP": "ANP00601143", "ID_DOF": "6.1.04.143", "NOMBRE": "Mariposa Monarca", "CAT_MANEJO": "RB", "ESTADOS": "Michoacán y Estado de México", "REGION": "Centro y Eje Neovolcánico", "SUPERFICIE": 56259.05073, "S_TERRES": 56259.05073, "S_MARINA": 0.0, "PRIM_DEC": "2000-11-10", "ULT_DOF": "2009-11-03", "PM": "2001-04-30", "CERT_SINAP": "SINAP 036" }, "geometry": { "type": "MultiPolygon", "coordinates": [ [ [ [ -100.259865016517097, 19.73305093758853 ], [ -100.259728687739425, 19.728389865963834 ], [ -100.259131271810929, 19.707778557484858 ], [ -100.259088597527636, 19.707738199397511 ], [ -100.257719026870291, 19.70058080937838 ], [ -100.256862374091725, 19.695890877440263 ], [ -100.25838448579276, 19.693472401859196 ], [ -100.243967311374718, 19.691481189530521 ], [ -100.243878484553989, 19.69097132598057 ], [ -100.22936249670056, 19.690179006198832 ], [ -100.230907749048413, 19.68667863902391 ], [ -100.234142234270905, 19.68511824208548 ], [ -100.233403709230572, 19.684005223671136 ], [ -100.235414357205457, 19.683767799017176 ], [ -100.231512739262257, 19.67851583772358 ], [ -100.23173191420392, 19.675356582288202 ], [ -100.226859281713246, 19.672925574112639 ], [ -100.226508733948492, 19.671943141391466 ], [ -100.226053130191815, 19.670665524894446 ], [ -100.221344656846384, 19.665210995441612 ], [ -100.221257034110749, 19.665202555157975 ], [ -100.211645906969125, 19.657158511017997 ], [ -100.221409596008357, 19.645561453641733 ], [ -100.222435972193068, 19.643225687916527 ], [ -100.221318805436056, 19.64177861377334 ], [ -100.221351473583752, 19.641760321992138 ], [ -100.2179308045678, 19.637360790848788 ], [ -100.211330321131641, 19.627665401304625 ], [ -100.211307469261726, 19.627631673062581 ], [ -100.206397953650651, 19.616643949423519 ], [ -100.204962117575633, 19.601481205811922 ], [ -100.183698071975471, 19.590345961050616 ], [ -100.185336951953445, 19.58577465896019 ], [ -100.189447517761948, 19.574308990299414 ], [ -100.180728137558049, 19.572963463947417 ], [ -100.179283425914605, 19.559618732934211 ], [ -100.167461915409319, 19.552957365847988 ], [ -100.159130989177356, 19.54826287843764 ], [ -100.163469264431853, 19.541054173894338 ], [ -100.171176493539917, 19.540722090992347 ], [ -100.153809556774377, 19.531093531233068 ], [ -100.153597918135574, 19.530814783010669 ], [ -100.153577444340101, 19.530412838482334 ], [ -100.153553600558553, 19.529938632254471 ], [ -100.152814787704131, 19.488635877965748 ], [ -100.15278861182469, 19.48717210996756 ], [ -100.155058039178584, 19.485168296377481 ], [ -100.160464753015731, 19.480394027021475 ], [ -100.176798429591713, 19.488479945035579 ], [ -100.177540542951476, 19.488847262123215 ], [ -100.17768727587071, 19.488474173233328 ], [ -100.1857165262374, 19.468055581968258 ], [ -100.186156010633681, 19.468190499590946 ], [ -100.181917389791181, 19.459049499773926 ], [ -100.186669520129669, 19.443619960253045 ], [ -100.180011798281726, 19.440279561911609 ], [ -100.182812404686274, 19.422651245308032 ], [ -100.182908651281309, 19.422045348637596 ], [ -100.18782501777099, 19.423973987008196 ], [ -100.188795126601292, 19.416307886522418 ], [ -100.189565009472176, 19.41022202591563 ], [ -100.194270334904559, 19.409034673227666 ], [ -100.198161529262336, 19.411132408933497 ], [ -100.208201079411424, 19.393293454191166 ], [ -100.208106627096754, 19.393203727133368 ], [ -100.208021572454186, 19.39312297305014 ], [ -100.207961932879243, 19.393066897606104 ], [ -100.194537664251584, 19.380185115290203 ], [ -100.199766577582523, 19.360168931340297 ], [ -100.207410496976706, 19.352305109234408 ], [ -100.207731726107795, 19.341826415005471 ], [ -100.205603319189265, 19.336615748995882 ], [ -100.206450815440689, 19.33719293526002 ], [ -100.213104938680999, 19.334018064582324 ], [ -100.216368858619262, 19.331303795556835 ], [ -100.217517733070736, 19.3280140260552 ], [ -100.215086877297153, 19.328030216847026 ], [ -100.21934627572756, 19.317925084420892 ], [ -100.236569518252111, 19.309632305668515 ], [ -100.253297320538763, 19.315108960322732 ], [ -100.260595555010411, 19.319655459346393 ], [ -100.266681412572325, 19.319676603877838 ], [ -100.270432640831473, 19.329693252196421 ], [ -100.265948552691441, 19.341800038661688 ], [ -100.265744387535904, 19.347825716309046 ], [ -100.289746202874369, 19.347479155320229 ], [ -100.293141423205384, 19.342300545295529 ], [ -100.295194987274215, 19.342089464294702 ], [ -100.301520974785376, 19.344782103573664 ], [ -100.306340222188282, 19.348680205801713 ], [ -100.309697350275883, 19.351433178411241 ], [ -100.311853387618498, 19.353201117486208 ], [ -100.302652395250334, 19.36834446914628 ], [ -100.322009339530325, 19.361979905380849 ], [ -100.32392288472505, 19.362316126954283 ], [ -100.324814194249655, 19.368046924067244 ], [ -100.329134048931451, 19.372022516776155 ], [ -100.330948185356817, 19.37201153267273 ], [ -100.331706318302793, 19.368084781034383 ], [ -100.338431204334768, 19.364464415534371 ], [ -100.343578161427729, 19.370604239314105 ], [ -100.343238660041607, 19.372282737853368 ], [ -100.341835827222894, 19.379717598947764 ], [ -100.343490266128015, 19.382210358110456 ], [ -100.342032369877131, 19.391477469912445 ], [ -100.341391579764604, 19.403548431067691 ], [ -100.337911374833482, 19.410151534614499 ], [ -100.329027249157434, 19.405843713121214 ], [ -100.319982617653807, 19.404423293733601 ], [ -100.315742721313541, 19.404454003753699 ], [ -100.311126519007075, 19.41014102546643 ], [ -100.306883607603027, 19.409956974500517 ], [ -100.304318926047245, 19.408373911474428 ], [ -100.302751830790498, 19.403867589732386 ], [ -100.300119459154359, 19.399429848023146 ], [ -100.299109373300894, 19.399565811369655 ], [ -100.297132284901181, 19.40419686019942 ], [ -100.293842632742383, 19.403070561234586 ], [ -100.293299036145129, 19.404599103721125 ], [ -100.29532118224887, 19.408117452357715 ], [ -100.293741124989765, 19.409343919649189 ], [ -100.29378383713231, 19.410111601373785 ], [ -100.297066270500352, 19.411547397392951 ], [ -100.297007894611738, 19.412487465294305 ], [ -100.294236741081761, 19.413505584873008 ], [ -100.291871993765767, 19.41089317442129 ], [ -100.291047725391081, 19.411091022857249 ], [ -100.289558762393426, 19.414817282584011 ], [ -100.285893470047029, 19.41390132000214 ], [ -100.285443128517329, 19.406287874637144 ], [ -100.279855081975654, 19.403957795114536 ], [ -100.276105604481245, 19.412145149519858 ], [ -100.272894694123352, 19.410740087863132 ], [ -100.2689706158543, 19.414133111149283 ], [ -100.264357238977425, 19.41795550426491 ], [ -100.262589062761151, 19.424172712482289 ], [ -100.259308565311358, 19.429067697994185 ], [ -100.254641838935186, 19.432772782387417 ], [ -100.25144307583588, 19.431907125262967 ], [ -100.250135031181856, 19.431983890941751 ], [ -100.248981788691196, 19.435203842494445 ], [ -100.238797796642189, 19.438309611865691 ], [ -100.236570829243078, 19.438988651915508 ], [ -100.236384166053824, 19.437633633448968 ], [ -100.236129390920041, 19.435784138671579 ], [ -100.234085537104932, 19.434368198332891 ], [ -100.231655061657364, 19.436310190605298 ], [ -100.23008241058659, 19.437566718124685 ], [ -100.23047391057554, 19.440706083616874 ], [ -100.231674788829253, 19.443772196493342 ], [ -100.228791149871938, 19.4467643280787 ], [ -100.229005196379944, 19.452556744908634 ], [ -100.232161674927283, 19.465812655164484 ], [ -100.23939416376686, 19.475072064312201 ], [ -100.240935087228024, 19.477044639509757 ], [ -100.245283766731006, 19.477624714234935 ], [ -100.243702595276375, 19.481297077061186 ], [ -100.239470182481341, 19.484332014306176 ], [ -100.23425013473701, 19.488074819517522 ], [ -100.233572200775313, 19.488108223537552 ], [ -100.223078967283584, 19.488624869920102 ], [ -100.220375774699846, 19.492056151522775 ], [ -100.228404631887486, 19.504468277257615 ], [ -100.236514059192189, 19.511713551797243 ], [ -100.243263824072983, 19.511443725256413 ], [ -100.250236847249255, 19.509374110718852 ], [ -100.255128405946209, 19.513943685930258 ], [ -100.256880078935012, 19.526061196141825 ], [ -100.264586064468233, 19.526795833395283 ], [ -100.268413041723761, 19.516209287353718 ], [ -100.267674182490339, 19.512139630129525 ], [ -100.264915977664202, 19.500666246032154 ], [ -100.264372896074462, 19.499278627154524 ], [ -100.264739293629873, 19.487071868954047 ], [ -100.270926945812676, 19.484410674731748 ], [ -100.266888822613112, 19.489315643929444 ], [ -100.267464368272783, 19.490739170714619 ], [ -100.271073440457712, 19.495174987352527 ], [ -100.273840257567826, 19.496106506546255 ], [ -100.278870501893152, 19.497796781753152 ], [ -100.285691641399012, 19.495903102884313 ], [ -100.286361324204563, 19.495040019372993 ], [ -100.289966721073597, 19.489159674671839 ], [ -100.284111235774162, 19.484611425435617 ], [ -100.283444859909423, 19.476861779009141 ], [ -100.296104941395356, 19.476898245193922 ], [ -100.295141398211967, 19.479062248027162 ], [ -100.290646700022251, 19.480024902209152 ], [ -100.290525380215399, 19.481588832353282 ], [ -100.301854000469916, 19.487891107196788 ], [ -100.306709307499659, 19.489152699680972 ], [ -100.31483934585259, 19.494982465389569 ], [ -100.316377797816472, 19.500753683284927 ], [ -100.322581612724491, 19.509083904654176 ], [ -100.3195891135897, 19.522190604900175 ], [ -100.32014188213094, 19.523494382581191 ], [ -100.323496813024121, 19.522604786054274 ], [ -100.328490612088444, 19.520869636296709 ], [ -100.330656781706239, 19.519455571788001 ], [ -100.331744902698688, 19.53717857514556 ], [ -100.339360979466221, 19.540806311134304 ], [ -100.351064968963271, 19.55479100475435 ], [ -100.343166424977312, 19.563717578671003 ], [ -100.336322602933194, 19.574625969832709 ], [ -100.333543003269938, 19.578906453889715 ], [ -100.319583961487922, 19.584698740332215 ], [ -100.319355649639647, 19.584793016887488 ], [ -100.334899531510814, 19.604530536801576 ], [ -100.337079708185286, 19.607299370759222 ], [ -100.337208340715506, 19.607463302428357 ], [ -100.308800995558784, 19.611138862425378 ], [ -100.308463819760561, 19.611181966675645 ], [ -100.327737803096397, 19.632512355447034 ], [ -100.336291360872792, 19.627665173506387 ], [ -100.33636265394307, 19.627707560040676 ], [ -100.343487004159499, 19.643621288647751 ], [ -100.34589055706931, 19.645252181082697 ], [ -100.342657974342785, 19.649633338608339 ], [ -100.339114380476133, 19.667092333335972 ], [ -100.337736574915255, 19.677587432465316 ], [ -100.338924360440046, 19.67800999949452 ], [ -100.343874477492761, 19.679016574950026 ], [ -100.347744882199095, 19.678786575093341 ], [ -100.35195986890642, 19.678804614387502 ], [ -100.356901707518489, 19.670961391428932 ], [ -100.361860188869969, 19.671210757447966 ], [ -100.365959515744805, 19.671010262812501 ], [ -100.368583126009128, 19.672004455381284 ], [ -100.369504135048999, 19.675487084107829 ], [ -100.371593737510466, 19.676598227754084 ], [ -100.368671769388868, 19.682474963036157 ], [ -100.369212953084059, 19.683202648571466 ], [ -100.372300192107332, 19.682783834859549 ], [ -100.374194512611098, 19.681870412485011 ], [ -100.374643089569076, 19.720307082878378 ], [ -100.370270374248037, 19.722825053553493 ], [ -100.366587634270957, 19.721674123490061 ], [ -100.353896284602286, 19.709907804673549 ], [ -100.351668983387867, 19.710234027583056 ], [ -100.34589542804855, 19.717923028892301 ], [ -100.339041366336232, 19.714236185580774 ], [ -100.327267288603082, 19.71871679134523 ], [ -100.324510319896774, 19.739045037644985 ], [ -100.318837637741922, 19.733914449130452 ], [ -100.319144389226835, 19.730076932889119 ], [ -100.292782190284925, 19.72953027244688 ], [ -100.292662908926502, 19.729528873349523 ], [ -100.285505645927174, 19.741359511593657 ], [ -100.259865016517097, 19.73305093758853 ] ] ], [ [ [ -100.118058258581982, 19.967608264165449 ], [ -100.122018054694763, 19.963105384485459 ], [ -100.123093861721316, 19.960788136409008 ], [ -100.125001270947905, 19.958291637711682 ], [ -100.127259646792538, 19.956805943945767 ], [ -100.127732683897591, 19.956495076852093 ], [ -100.131608529612606, 19.953939450512053 ], [ -100.132081566717659, 19.953523673356926 ], [ -100.132119734696687, 19.952592971695424 ], [ -100.140199357866663, 19.953489384432373 ], [ -100.143052809376911, 19.952663576869384 ], [ -100.147454961350377, 19.956272007284156 ], [ -100.147729623936982, 19.956506586309501 ], [ -100.148065313785537, 19.956773602530006 ], [ -100.152238601554245, 19.960235155666055 ], [ -100.153581376911802, 19.960580359573839 ], [ -100.158128554434313, 19.961802884247504 ], [ -100.157190046774474, 19.965989182013345 ], [ -100.158372599629274, 19.96675779347936 ], [ -100.159784080541442, 19.965825176235342 ], [ -100.164918639473854, 19.970892594005363 ], [ -100.163064643069276, 19.973089687177094 ], [ -100.162019389581531, 19.973719051767432 ], [ -100.161714189419058, 19.974287389095707 ], [ -100.16134796199475, 19.97509795181594 ], [ -100.161264011597041, 19.976820156152769 ], [ -100.1611647844299, 19.97905538537691 ], [ -100.15482457391181, 19.983504836271891 ], [ -100.153748798811591, 19.984498480777802 ], [ -100.151200499574088, 19.98686339492906 ], [ -100.150338359798525, 19.98738596580165 ], [ -100.147507783534422, 19.989111953413897 ], [ -100.147301778612757, 19.989235923520084 ], [ -100.142563856974959, 19.989949206581855 ], [ -100.142373112859559, 19.989975912992804 ], [ -100.140999799926306, 19.990179970405507 ], [ -100.133766943983574, 19.994833510639751 ], [ -100.125267632677549, 19.996063633790129 ], [ -100.124947187672092, 19.995977799736295 ], [ -100.11570027245358, 19.993504144358894 ], [ -100.114082898362483, 19.989029838782699 ], [ -100.11286987178471, 19.98561596768451 ], [ -100.111473811310816, 19.977538994403403 ], [ -100.11537261208781, 19.970680730594438 ], [ -100.118058258581982, 19.967608264165449 ] ] ] ] } },
{ "type": "Feature", "properties": { "NUM_ANP": 74, "ID_ANP": "ANP00603074", "ID_DOF": "6.3.25.074", "NOMBRE": "El Chico", "CAT_MANEJO": "PN", "ESTADOS": "Hidalgo", "REGION": "Centro y Eje Neovolcánico", "SUPERFICIE": 2739.0263, "S_TERRES": 2739.0263, "S_MARINA": 0.0, "PRIM_DEC": "1982-07-06", "ULT_DOF": "1982-07-06", "PM": "2009-08-27", "CERT_SINAP": null }, "geometry": { "type": "MultiPolygon", "coordinates": [ [ [ [ -98.708941232362918, 20.22183056262719 ], [ -98.698998837061879, 20.21968127629799 ], [ -98.698437995267227, 20.217620054348288 ], [ -98.696997697781569, 20.2149247811804 ], [ -98.696856833941865, 20.213514885585312 ], [ -98.697840611082881, 20.209694248693268 ], [ -98.699067369659019, 20.20891923428826 ], [ -98.698132147894739, 20.202456717034124 ], [ -98.697355060753239, 20.198407142723966 ], [ -98.700188728321848, 20.188164875670282 ], [ -98.701629408462622, 20.185528733385183 ], [ -98.697788370410478, 20.182160693547758 ], [ -98.697284398863019, 20.180461009959004 ], [ -98.697873626152386, 20.172672755515691 ], [ -98.704621562757154, 20.172160092511945 ], [ -98.710434710998413, 20.175142678007319 ], [ -98.714352976455132, 20.172944221059595 ], [ -98.715414692167371, 20.173262209034419 ], [ -98.719896734437441, 20.171480206147464 ], [ -98.724035491155462, 20.168938502085496 ], [ -98.724482820509024, 20.170339827442035 ], [ -98.729985428402301, 20.17043870784795 ], [ -98.729179005168646, 20.171910386284651 ], [ -98.729900441985421, 20.175336248420535 ], [ -98.731096733189588, 20.175338078341269 ], [ -98.733919980965425, 20.17534236475035 ], [ -98.734000126686055, 20.173227992996431 ], [ -98.733235723435484, 20.172512970056005 ], [ -98.732683177484887, 20.171030180192815 ], [ -98.733758273795786, 20.169116112753727 ], [ -98.737729805314757, 20.169122068196259 ], [ -98.73818842494137, 20.169565528875296 ], [ -98.737820857235135, 20.171905383873195 ], [ -98.734929965027334, 20.177991520800447 ], [ -98.734263740748872, 20.181451415826018 ], [ -98.73886953638231, 20.18008478795474 ], [ -98.741778144443913, 20.180613180675209 ], [ -98.746031744603215, 20.178007875428875 ], [ -98.749033039309495, 20.180415831681216 ], [ -98.749987484248663, 20.182061794744811 ], [ -98.748415837667949, 20.18333367431984 ], [ -98.751415193969308, 20.187051849401769 ], [ -98.742595705223778, 20.195641720473304 ], [ -98.746199918997888, 20.198285547039688 ], [ -98.750994974110938, 20.198536374833736 ], [ -98.753251790267939, 20.199885958664595 ], [ -98.758666017219127, 20.208342386134518 ], [ -98.755684969476192, 20.21093168261109 ], [ -98.735969295022244, 20.214391197361124 ], [ -98.736312255051018, 20.215376663903498 ], [ -98.735966538730963, 20.216026755872861 ], [ -98.736204839651577, 20.216632542599996 ], [ -98.735581735032724, 20.217146673653815 ], [ -98.73547548733643, 20.217706761746513 ], [ -98.735146799870279, 20.219603880516672 ], [ -98.736362073018881, 20.219903902688031 ], [ -98.736159714761698, 20.220689753277611 ], [ -98.736978949645618, 20.223103659659955 ], [ -98.736499131885807, 20.223789696422671 ], [ -98.736383157274929, 20.224440132598829 ], [ -98.7290565719602, 20.220624736669549 ], [ -98.724079251488945, 20.220228439956941 ], [ -98.719265430047074, 20.224766051910308 ], [ -98.709601394106926, 20.222039487399627 ], [ -98.708941232362918, 20.22183056262719 ] ] ] ] } },
{ "type": "Feature", "properties": { "NUM_ANP": 149, "ID_ANP": "ANP00601149", "ID_DOF": "6.1.05.149", "NOMBRE": "Barranca de Metztitlán", "CAT_MANEJO": "RB", "ESTADOS": "Hidalgo", "REGION": "Centro y Eje Neovolcánico", "SUPERFICIE": 96042.94702000001, "S_TERRES": 96042.94702000001, "S_MARINA": 0.0, "PRIM_DEC": "2000-11-27", "ULT_DOF": "2000-11-27", "PM": "2003-03-11", "CERT_SINAP": "SINAP 040" }, "geometry": { "type": "MultiPolygon", "coordinates": [ [ [ [ -98.921934275728631, 20.746173070610268 ], [ -98.897386126833055, 20.742183727423992 ], [ -98.884816263750281, 20.742387207686306 ], [ -98.840535254825681, 20.701654366290313 ], [ -98.778674529979639, 20.715669985716261 ], [ -98.74731415090713, 20.695961650469656 ], [ -98.758199822762663, 20.671566103336829 ], [ -98.789101140788318, 20.663793913905238 ], [ -98.769936255510231, 20.652848064121713 ], [ -98.743303894195776, 20.657291235492949 ], [ -98.740718869444038, 20.662899736629527 ], [ -98.730577683145555, 20.6657620188127 ], [ -98.724495527451097, 20.640869877885393 ], [ -98.710754611835455, 20.632986806804695 ], [ -98.70726791471742, 20.640678417686729 ], [ -98.700479893739043, 20.630417811343534 ], [ -98.712566983091392, 20.613420813364314 ], [ -98.70368069975018, 20.600056254587855 ], [ -98.698698955508689, 20.612884122851654 ], [ -98.671132695383676, 20.60866964352681 ], [ -98.674591562969056, 20.577506311381796 ], [ -98.660309249326474, 20.572788452424277 ], [ -98.627581041576093, 20.606868535857757 ], [ -98.626749532401675, 20.561507653722856 ], [ -98.609231559836871, 20.530369076830254 ], [ -98.587283849245694, 20.528854368054965 ], [ -98.614055553636717, 20.482310596256696 ], [ -98.639533082189189, 20.477987383089328 ], [ -98.637067571719797, 20.411424071067415 ], [ -98.623129335048759, 20.397777319213844 ], [ -98.61010702814599, 20.361763562044359 ], [ -98.585160580473598, 20.352975399502839 ], [ -98.582262781177633, 20.357007236422817 ], [ -98.574307866422259, 20.327099802453461 ], [ -98.578657711502899, 20.313057271777438 ], [ -98.553491807478679, 20.302869913066843 ], [ -98.505287697753772, 20.314075864909057 ], [ -98.455926993753678, 20.3162588328575 ], [ -98.434007481322567, 20.314367767461135 ], [ -98.426413646468859, 20.304895976991816 ], [ -98.388805417698904, 20.27707073882317 ], [ -98.406899622130368, 20.272107870784282 ], [ -98.444222625132682, 20.289762368692152 ], [ -98.457601832922194, 20.280262097656532 ], [ -98.47253737678534, 20.279455551376429 ], [ -98.474709807414911, 20.266492416202823 ], [ -98.448347986301712, 20.235428520587902 ], [ -98.454377289174261, 20.22530127335807 ], [ -98.465135280665777, 20.234531075287748 ], [ -98.470132164141887, 20.233505142273827 ], [ -98.521875167840506, 20.246774136221518 ], [ -98.515139406977823, 20.275277383030016 ], [ -98.560055232586421, 20.242227465614747 ], [ -98.560055474905482, 20.264966778470182 ], [ -98.595379256661033, 20.247778169592266 ], [ -98.599413850315841, 20.264241908400265 ], [ -98.589536529890268, 20.28210028982727 ], [ -98.612944313802529, 20.312990635844528 ], [ -98.630769725327809, 20.320507051689845 ], [ -98.65563656816721, 20.354864387246494 ], [ -98.676538735673148, 20.363003727638045 ], [ -98.681382227314373, 20.349503897024135 ], [ -98.702042169212746, 20.386990361091023 ], [ -98.705061913552754, 20.375228273211178 ], [ -98.72042438816942, 20.38236271255164 ], [ -98.707791513201244, 20.399640117501917 ], [ -98.691233007195706, 20.398456259664727 ], [ -98.694514863627774, 20.409229320556278 ], [ -98.686559671254997, 20.426139838620202 ], [ -98.706514928221111, 20.488869525970358 ], [ -98.714183328192519, 20.48236637487912 ], [ -98.713239122832022, 20.467062974913517 ], [ -98.72931307351746, 20.459810887011088 ], [ -98.825523804196393, 20.448334896204926 ], [ -98.848291398904337, 20.52453340869431 ], [ -98.93208199567664, 20.518378310529158 ], [ -98.948673810287119, 20.58058581687402 ], [ -98.92696960512535, 20.638601154163609 ], [ -98.950456626650123, 20.719708305748043 ], [ -98.941622720346288, 20.742927026845109 ], [ -98.921934275728631, 20.746173070610268 ] ] ] ] } },
{ "type": "Feature", "properties": { "NUM_ANP": 43, "ID_ANP": "ANP00606043", "ID_DOF": "6.6.01.043", "NOMBRE": "Z.P.F.T.C.C. de los ríos Valle de Bravo, Malacatepec, Tilostoc y Temascaltepec", "CAT_MANEJO": "APRN", "ESTADOS": "Estado de México", "REGION": "Centro y Eje Neovolcánico", "SUPERFICIE": 140234.4262, "S_TERRES": 140234.4262, "S_MARINA": 0.0, "PRIM_DEC": "1941-11-15", "ULT_DOF": "2005-06-23", "PM": "2018-11-30", "CERT_SINAP": "SINAP 076" }, "geometry": { "type": "MultiPolygon", "coordinates": [ [ [ [ -100.051773021100985, 19.486460547356614 ], [ -100.049232022292188, 19.484645692041681 ], [ -100.049050664300353, 19.479019704729239 ], [ -100.051410361566127, 19.473030771509855 ], [ -100.053044018367871, 19.468130733311341 ], [ -100.053225620946705, 19.464319583775136 ], [ -100.051410654611175, 19.461778801241621 ], [ -100.04796211095146, 19.461052838412002 ], [ -100.045784104243353, 19.459782436752619 ], [ -100.044332153529638, 19.456878690129543 ], [ -100.041428147400211, 19.455063831553218 ], [ -100.038705625853311, 19.453974907988595 ], [ -100.038705710713714, 19.450708207161028 ], [ -100.039976305478035, 19.447985967101886 ], [ -100.039068836059357, 19.446171125823582 ], [ -100.037435400612139, 19.442541444096662 ], [ -100.038161499858404, 19.4392747494839 ], [ -100.035439058750285, 19.435100608384801 ], [ -100.032716602969572, 19.431470917294689 ], [ -100.032535180309196, 19.428385698606746 ], [ -100.032535266404182, 19.425118997979553 ], [ -100.029994299749831, 19.422033758400175 ], [ -100.027816310967353, 19.420037422464873 ], [ -100.029268386312026, 19.418222601762977 ], [ -100.028360979249555, 19.414048476429627 ], [ -100.024549454343116, 19.412233608852148 ], [ -100.023460524347513, 19.408785415493924 ], [ -100.021464067677584, 19.40570018081695 ], [ -100.017108194180992, 19.397714874127473 ], [ -100.013659761637655, 19.39263330893408 ], [ -100.011182937394096, 19.389394080495038 ], [ -100.009453284215454, 19.386256276892482 ], [ -100.009888840928738, 19.38618698325854 ], [ -100.010340938161789, 19.385949037054445 ], [ -100.01048370627808, 19.385568322915844 ], [ -100.010626474373566, 19.384449976994574 ], [ -100.010578884017718, 19.383212657283707 ], [ -100.010082044154444, 19.382353767001973 ], [ -100.009937638550127, 19.382211628885557 ], [ -100.009792934367454, 19.382047979354638 ], [ -100.009680299212391, 19.381959055268055 ], [ -100.009594519250527, 19.381868510193726 ], [ -100.00941342816725, 19.381716012224615 ], [ -100.009294290439698, 19.381630233253816 ], [ -100.00917515109245, 19.381553984376239 ], [ -100.009022384176149, 19.381347804367863 ], [ -100.008984646346676, 19.380928374009159 ], [ -100.008825529511, 19.380630230336408 ], [ -100.008532548243124, 19.380404893175012 ], [ -100.007509380335989, 19.379833822185731 ], [ -100.006105498137401, 19.379215162307389 ], [ -100.005629606080902, 19.378905833165391 ], [ -100.005129919469255, 19.378287173253966 ], [ -100.004845056297711, 19.377314785223291 ], [ -100.004696163175254, 19.376838326898564 ], [ -100.004160146290246, 19.376361868381991 ], [ -100.003117893358308, 19.376064080919036 ], [ -100.001569402599102, 19.37564718002443 ], [ -99.999752903198896, 19.375081385245437 ], [ -99.998889322431978, 19.374962270026742 ], [ -99.998204412266261, 19.374724041229172 ], [ -99.997311052641749, 19.374247582157352 ], [ -99.99644747126672, 19.373056435064711 ], [ -99.995673225404914, 19.37213329714433 ], [ -99.99519676715687, 19.371150601359147 ], [ -99.994422521179217, 19.370376355122062 ], [ -99.99370783322388, 19.369661667114087 ], [ -99.992814473346527, 19.36873852791274 ], [ -99.991980670069097, 19.367874947104781 ], [ -99.991176646173528, 19.366654021304498 ], [ -99.990670409081986, 19.365909554354175 ], [ -99.989943515481116, 19.364989801210527 ], [ -99.989360147301795, 19.36459929314691 ], [ -99.988396980180255, 19.364019426141851 ], [ -99.9871267473589, 19.363557039052523 ], [ -99.985667592486152, 19.363050802025668 ], [ -99.985250691501221, 19.362633901106165 ], [ -99.98480401135879, 19.361800098211518 ], [ -99.984625338379601, 19.360817401818451 ], [ -99.984416888234023, 19.360102714331504 ], [ -99.983940429375593, 19.359358247087187 ], [ -99.983175487276355, 19.358677442326723 ], [ -99.982222695184532, 19.357817606414244 ], [ -99.981641724129986, 19.356446514190623 ], [ -99.98175791823536, 19.354657124211144 ], [ -99.982338889369714, 19.352774779452318 ], [ -99.982757188192011, 19.351450165088352 ], [ -99.98364264248579, 19.35015663791819 ], [ -99.984871922318973, 19.349242476190341 ], [ -99.985731759173689, 19.34859178891935 ], [ -99.986475401422069, 19.348591789290822 ], [ -99.98714932813624, 19.348847416284343 ], [ -99.988497180531397, 19.349660775257064 ], [ -99.98918147537313, 19.350067301887691 ], [ -99.989717491519798, 19.349977966325298 ], [ -99.989925942388538, 19.349799294314607 ], [ -99.990355156420776, 19.349444117931512 ], [ -99.990848438342653, 19.348837001067011 ], [ -99.991683223234645, 19.347281265272443 ], [ -99.991607334277546, 19.346067030957556 ], [ -99.991607334100706, 19.344738964238559 ], [ -99.991623326128433, 19.342979978121093 ], [ -99.991959766224056, 19.342456736154361 ], [ -99.992397572319078, 19.341818609856944 ], [ -99.992471020536868, 19.341015929267428 ], [ -99.992096534386178, 19.340275563317334 ], [ -99.991117089190197, 19.339734102850684 ], [ -99.989943515316554, 19.338910974093324 ], [ -99.988336331452615, 19.338516759172535 ], [ -99.986213636348111, 19.337910274337219 ], [ -99.985182613023426, 19.337303789925556 ], [ -99.98299926911352, 19.336272766985246 ], [ -99.981786300546673, 19.33575725528209 ], [ -99.981331437066387, 19.335059798148791 ], [ -99.981361761428332, 19.33430169190575 ], [ -99.981452734149798, 19.332088024916686 ], [ -99.981499791713475, 19.331785514022272 ], [ -99.981665003545515, 19.330723435104119 ], [ -99.981907597610075, 19.329358845217712 ], [ -99.980962562285185, 19.327435512310046 ], [ -99.979711858041526, 19.326393257942755 ], [ -99.978758940163573, 19.326214586273466 ], [ -99.977686908544229, 19.326035914157444 ], [ -99.976614876295571, 19.325976357330262 ], [ -99.976349842999412, 19.326017132414734 ], [ -99.975453508528005, 19.326155028886546 ], [ -99.973934796355593, 19.326482593860987 ], [ -99.972952100154487, 19.326839938255262 ], [ -99.97238630547514, 19.327107946002059 ], [ -99.97116537907425, 19.327346176209176 ], [ -99.970208657125113, 19.327446516451801 ], [ -99.969460924531404, 19.327022127283385 ], [ -99.968511101195077, 19.326173349117369 ], [ -99.967743159618522, 19.325284152951781 ], [ -99.966934799063836, 19.324192867153556 ], [ -99.966409365175707, 19.323606806237478 ], [ -99.965904140152475, 19.32336429817974 ], [ -99.965351300990108, 19.323168503988938 ], [ -99.964732018541952, 19.322980327180744 ], [ -99.964125748330048, 19.322798446312504 ], [ -99.963378015404771, 19.322495310951808 ], [ -99.96279195429446, 19.322353847965076 ], [ -99.961397533094896, 19.321929459181376 ], [ -99.960609383422195, 19.321606115093346 ], [ -99.959214962219392, 19.321161517979021 ], [ -99.958216979315068, 19.32070518836457 ], [ -99.95749719738626, 19.320312740338522 ], [ -99.956304866229175, 19.319362916874013 ], [ -99.955355043497434, 19.318615183874215 ], [ -99.954748773441679, 19.318251422332253 ], [ -99.953742850397248, 19.317782536985192 ], [ -99.953212889375664, 19.317463270800658 ], [ -99.952808709489602, 19.317018672930828 ], [ -99.952472953213203, 19.316758154150079 ], [ -99.952007324214037, 19.316385651013832 ], [ -99.951279250271568, 19.315555983915772 ], [ -99.95084843637909, 19.314957355281479 ], [ -99.950504883170538, 19.314411712203366 ], [ -99.94991622706516, 19.314057506411928 ], [ -99.949255881278589, 19.314032108087929 ], [ -99.94854461109361, 19.314189413403767 ], [ -99.948039386307244, 19.314330876372935 ], [ -99.947554218296773, 19.314489271130867 ], [ -99.947283307231089, 19.314590863350304 ], [ -99.946860008412443, 19.314709386201173 ], [ -99.946140399280864, 19.314912570189222 ], [ -99.945493052294353, 19.314916937339945 ], [ -99.944745319253457, 19.314836100968023 ], [ -99.943977377150304, 19.314634011085445 ], [ -99.943391316191878, 19.31455317490537 ], [ -99.942940259584589, 19.314353815175252 ], [ -99.942491562508224, 19.314133700337038 ], [ -99.942135990634938, 19.313930516237633 ], [ -99.941644964216948, 19.313693469236966 ], [ -99.941357120113707, 19.313371761245662 ], [ -99.941069277022336, 19.312457435019951 ], [ -99.941052345112666, 19.311653167024815 ], [ -99.940959219064894, 19.311348392213176 ], [ -99.94072372836888, 19.31113785423895 ], [ -99.940279130405713, 19.310834718789579 ], [ -99.939915368087043, 19.310410330006789 ], [ -99.939520002274378, 19.309722923251059 ], [ -99.939329307150217, 19.309137164077811 ], [ -99.939288889260752, 19.308510685215822 ], [ -99.939232159503831, 19.3082413772363 ], [ -99.939096703452037, 19.308038193286279 ], [ -99.93858874434261, 19.307504835781117 ], [ -99.938080786134378, 19.306963014126723 ], [ -99.937939460624079, 19.3067574045009 ], [ -99.937672170279029, 19.306368531042438 ], [ -99.937348826438324, 19.305923933391341 ], [ -99.937207363385767, 19.305620798247332 ], [ -99.937086109157065, 19.305034737037261 ], [ -99.936863810228033, 19.304731602147456 ], [ -99.93650004806932, 19.304630557204007 ], [ -99.936196913107153, 19.30463055707861 ], [ -99.935778863902442, 19.304688219388368 ], [ -99.928896296058724, 19.29733794685535 ], [ -99.92179595708302, 19.292797337654918 ], [ -99.921795956813014, 19.292566324521147 ], [ -99.921559478577365, 19.291542158898949 ], [ -99.921385762334012, 19.290875392145495 ], [ -99.921818163883927, 19.290404646210277 ], [ -99.922045094524606, 19.290141442696211 ], [ -99.92211970938547, 19.289869971689427 ], [ -99.921984150134108, 19.289454977753337 ], [ -99.9219908333489, 19.288948901015658 ], [ -99.922066459736527, 19.288858154555385 ], [ -99.922313483776691, 19.288784615499992 ], [ -99.922694143731633, 19.288782692953419 ], [ -99.923856879356208, 19.289084055955186 ], [ -99.924047615477946, 19.289155382675517 ], [ -99.924458499436696, 19.289451507159413 ], [ -99.924687149796682, 19.289495532182286 ], [ -99.924899336135582, 19.289429873015877 ], [ -99.924924656970916, 19.28942203768986 ], [ -99.925579164242322, 19.28903919036054 ], [ -99.925731377594445, 19.28902938252071 ], [ -99.925913054830175, 19.289182081611898 ], [ -99.926468825212794, 19.28985699874903 ], [ -99.926870045962744, 19.290126057379894 ], [ -99.927146280482248, 19.290169837506255 ], [ -99.927326969089279, 19.290093250024995 ], [ -99.927383634886951, 19.290069231355631 ], [ -99.928522106014441, 19.289439930860567 ], [ -99.928635692865214, 19.289330915930634 ], [ -99.928615946404818, 19.289204505613043 ], [ -99.928042460856432, 19.288764633412882 ], [ -99.927756966422407, 19.288766083759242 ], [ -99.927624295649878, 19.288866158816973 ], [ -99.927322210396824, 19.289301443314514 ], [ -99.927114322255818, 19.289564556342896 ], [ -99.926971421850624, 19.289538172210882 ], [ -99.926464351455877, 19.289061811994372 ], [ -99.926022679705738, 19.288368243489856 ], [ -99.925812200047631, 19.288170507863754 ], [ -99.925115874755534, 19.287884868636866 ], [ -99.924811094962138, 19.28784122977487 ], [ -99.924326568220977, 19.287988265771276 ], [ -99.923785702078533, 19.288271132760997 ], [ -99.923651812573439, 19.28815433556332 ], [ -99.923141413075484, 19.287081574866875 ], [ -99.922928305257528, 19.286413951921986 ], [ -99.923503280634861, 19.285426069761741 ], [ -99.92375956188107, 19.28530729966775 ], [ -99.924330438030097, 19.285286338945866 ], [ -99.925015915113079, 19.285337088222093 ], [ -99.925435647450229, 19.285515692038643 ], [ -99.925664343283188, 19.285568752128825 ], [ -99.926606050225189, 19.285491686253749 ], [ -99.928633631889568, 19.285589827974775 ], [ -99.928795255975558, 19.285561896859065 ], [ -99.929573399167055, 19.285169370755 ], [ -99.930723744132479, 19.284964711434384 ], [ -99.931294617117373, 19.284943729101371 ], [ -99.931446263920009, 19.284834518265086 ], [ -99.931377606667638, 19.284473409878501 ], [ -99.931214604763738, 19.284257365332678 ], [ -99.930495580301908, 19.283321236327993 ], [ -99.930285000196477, 19.283105433483968 ], [ -99.929558407548086, 19.282512724584592 ], [ -99.929358161260211, 19.282441451519958 ], [ -99.92899649812216, 19.282434254296902 ], [ -99.928444767105816, 19.282473204726273 ], [ -99.927884283180674, 19.28264774536791 ], [ -99.927362473113817, 19.282930525469453 ], [ -99.926927018662809, 19.283339376595222 ], [ -99.926718221991564, 19.283439837222772 ], [ -99.926328566680525, 19.283532177787322 ], [ -99.925273336264695, 19.283727291551202 ], [ -99.924531123558438, 19.283740085365935 ], [ -99.924321412335587, 19.283677891186016 ], [ -99.924034456456639, 19.283417284783241 ], [ -99.923938331653289, 19.283246077721344 ], [ -99.923947036721586, 19.283101449952767 ], [ -99.924125917585854, 19.282757158862921 ], [ -99.92410602367579, 19.282603639290926 ], [ -99.924029286514894, 19.282495589557811 ], [ -99.923753065427832, 19.282451804150355 ], [ -99.923429871461735, 19.282516693276989 ], [ -99.922842301022342, 19.282953413430164 ], [ -99.922042640011057, 19.282903231829437 ], [ -99.921497792907701, 19.282472229209702 ], [ -99.921421057290388, 19.282364178622345 ], [ -99.921436854795843, 19.281785763582434 ], [ -99.921350098088396, 19.281587398171723 ], [ -99.921015216851686, 19.281263772951434 ], [ -99.920642827793017, 19.281039737497963 ], [ -99.920232678529828, 19.280870110299645 ], [ -99.919870311877048, 19.280736387380102 ], [ -99.919222767448844, 19.280658318003191 ], [ -99.918678287577791, 19.280290559896059 ], [ -99.918734476757322, 19.280127620552946 ], [ -99.919654200472905, 19.279526585126177 ], [ -99.919976936058163, 19.279380376438723 ], [ -99.920109200758361, 19.279208017313692 ], [ -99.919695173174318, 19.278342598250561 ], [ -99.918839641955003, 19.276801660675517 ], [ -99.918446370891843, 19.276243374546368 ], [ -99.917287114798398, 19.2748395021639 ], [ -99.917133355264411, 19.274569178721322 ], [ -99.917034226271767, 19.273855792221582 ], [ -99.917292003696957, 19.274008119186874 ], [ -99.917569114889943, 19.274214567937406 ], [ -99.918030396962479, 19.275025536797102 ], [ -99.918202787317909, 19.275223473873439 ], [ -99.918623644906233, 19.275609928466224 ], [ -99.919426697997096, 19.276274591241361 ], [ -99.919781303678917, 19.276724631652485 ], [ -99.919819972229845, 19.276832874804882 ], [ -99.919983002066431, 19.2770579666647 ], [ -99.920805250981687, 19.277749635746375 ], [ -99.920967626983327, 19.277857255141214 ], [ -99.922532073987895, 19.278536137627952 ], [ -99.922655932620842, 19.278562621699621 ], [ -99.922922276781776, 19.278543203585571 ], [ -99.924195532282283, 19.278202418427782 ], [ -99.92434743148857, 19.278138394661028 ], [ -99.924451700605914, 19.278065575503774 ], [ -99.9244986715849, 19.277956899819856 ], [ -99.924468805853792, 19.277722102349856 ], [ -99.924506058243992, 19.277577330000156 ], [ -99.92461027588962, 19.277495474595582 ], [ -99.924923335006326, 19.277322196914326 ], [ -99.925570462088899, 19.277327957019224 ], [ -99.926255956901628, 19.277387739148196 ], [ -99.926267587662267, 19.277387066405936 ], [ -99.926427191159064, 19.277377834602532 ], [ -99.926626261320052, 19.277241278271845 ], [ -99.926976618588412, 19.276932260919011 ], [ -99.92770826673484, 19.276738782265113 ], [ -99.928584024360077, 19.276788552975518 ], [ -99.92934605167585, 19.276920226707489 ], [ -99.929814670799942, 19.277333520892 ], [ -99.931482083367428, 19.277704561368353 ], [ -99.931662986350091, 19.277721712173047 ], [ -99.933185212277692, 19.277659726248771 ], [ -99.934939179539072, 19.276512166033172 ], [ -99.935119312626114, 19.27639377054544 ], [ -99.935631162063544, 19.27603872849528 ], [ -99.935886700935896, 19.275793435566754 ], [ -99.936519632055422, 19.274976911427984 ], [ -99.937273639339139, 19.273698904690889 ], [ -99.937403208610704, 19.273056651157162 ], [ -99.937312995395303, 19.272252868365399 ], [ -99.937321637416176, 19.272099204082849 ], [ -99.937914326733107, 19.270903350418394 ], [ -99.938643155461421, 19.270221874454023 ], [ -99.938756053453176, 19.269995383063417 ], [ -99.938810624256405, 19.269552315789326 ], [ -99.938732083115895, 19.269128005347454 ], [ -99.938489982275826, 19.268388258203345 ], [ -99.938363969554473, 19.267982263866031 ], [ -99.929268676542961, 19.263194199820873 ], [ -99.927530415572562, 19.258657667500586 ], [ -99.929919655705362, 19.253765826854419 ], [ -99.931166773027712, 19.250515380085972 ], [ -99.935678628635003, 19.25589618115464 ], [ -99.940022477192372, 19.258458341200594 ], [ -99.940851647353156, 19.258698062376993 ], [ -99.941251368383689, 19.258714078668902 ], [ -99.94158386725087, 19.258622002550794 ], [ -99.941867966923041, 19.258385591340016 ], [ -99.942037322224792, 19.258050369829903 ], [ -99.942746171355566, 19.257215362164629 ], [ -99.942902382268642, 19.257910365031933 ], [ -99.943027467466038, 19.258153704760787 ], [ -99.943619341213036, 19.258494037912442 ], [ -99.944133910323956, 19.258626929475838 ], [ -99.94544730065445, 19.25868339976364 ], [ -99.945723071467057, 19.258654864572009 ], [ -99.945846244492429, 19.258563863182985 ], [ -99.946441833413814, 19.257892083810418 ], [ -99.946516343225994, 19.257611567954939 ], [ -99.946476521918612, 19.25730453445567 ], [ -99.94638866163217, 19.256916421094331 ], [ -99.946254006062361, 19.256664096899897 ], [ -99.946262328551484, 19.256456215205105 ], [ -99.946404010463709, 19.256274752957893 ], [ -99.947143759214953, 19.255855246592091 ], [ -99.947648807868177, 19.255988177853965 ], [ -99.947735944033525, 19.256249783582348 ], [ -99.94795612861725, 19.256483590472101 ], [ -99.949359240770775, 19.25725344877867 ], [ -99.949558163342488, 19.257098796084449 ], [ -99.949566273555263, 19.256854769713414 ], [ -99.949469723587413, 19.256611286626935 ], [ -99.949182674962572, 19.256332646305793 ], [ -99.949029818571262, 19.256225002119947 ], [ -99.948895523364229, 19.256035932961765 ], [ -99.948988901580663, 19.255728209161532 ], [ -99.949507363798716, 19.254885127966986 ], [ -99.949851549264281, 19.255172507736404 ], [ -99.950099446029242, 19.255261584769244 ], [ -99.951470261217537, 19.25538097002152 ], [ -99.951898308802924, 19.255360669959259 ], [ -99.951992984611081, 19.255278849130605 ], [ -99.952086930182077, 19.255070521909488 ], [ -99.952036594478727, 19.254591851897089 ], [ -99.952023013237635, 19.253887079295225 ], [ -99.952107026587043, 19.253606511878445 ], [ -99.95232439713368, 19.253352359712096 ], [ -99.952978226981259, 19.252888095872834 ], [ -99.95310128732541, 19.252779017239391 ], [ -99.953384524675414, 19.252398010270156 ], [ -99.953401882610592, 19.252108753521441 ], [ -99.953353214905349, 19.251919241445364 ], [ -99.953103964668458, 19.251595228036592 ], [ -99.952052182177681, 19.250697058673154 ], [ -99.951890127666559, 19.250643683008377 ], [ -99.951699582788024, 19.250599491919559 ], [ -99.95115748106474, 19.250638456923753 ], [ -99.950101246676695, 19.250616835615801 ], [ -99.949511053202002, 19.250565680983982 ], [ -99.949272054251878, 19.250368118847177 ], [ -99.949146446680857, 19.250034421473117 ], [ -99.949135425505347, 19.249772421161538 ], [ -99.949138703778431, 19.248688028429115 ], [ -99.949071014191702, 19.248498613941138 ], [ -99.948851046850564, 19.248300952361035 ], [ -99.948755750233374, 19.248274337252496 ], [ -99.948356573736191, 19.248348698013103 ], [ -99.948109778447531, 19.248449378303519 ], [ -99.947825341409725, 19.248622544795865 ], [ -99.947189555368652, 19.248915004181981 ], [ -99.946183181457343, 19.249290706475961 ], [ -99.946078681291283, 19.249318356285698 ], [ -99.944554812824265, 19.249046098804058 ], [ -99.944326059823254, 19.248974987653696 ], [ -99.944315925349542, 19.248866602065732 ], [ -99.944352224015574, 19.248559174943352 ], [ -99.944350828111567, 19.248315197347381 ], [ -99.944302223708576, 19.248134718467725 ], [ -99.944196948539286, 19.248026824184365 ], [ -99.943796530152213, 19.247884306087485 ], [ -99.94353954674807, 19.247867558580083 ], [ -99.943339957579497, 19.247904733573137 ], [ -99.94289377651404, 19.248078726339259 ], [ -99.94264661636663, 19.248116145719564 ], [ -99.942435036248469, 19.247719630703045 ], [ -99.942395483822679, 19.247457776401745 ], [ -99.942403708187157, 19.247231821952994 ], [ -99.94247842761024, 19.24698745229017 ], [ -99.942875074678227, 19.246470329600811 ], [ -99.94295015432192, 19.246289212861768 ], [ -99.94288304022956, 19.246199194155338 ], [ -99.942768562858248, 19.246145565050995 ], [ -99.941635058928682, 19.245916452809638 ], [ -99.941235935557984, 19.245999834445456 ], [ -99.940392280349897, 19.246546360706816 ], [ -99.940182920483323, 19.246538400042368 ], [ -99.940039592802975, 19.246430698634583 ], [ -99.939207710062874, 19.245703014829246 ], [ -99.9390547156151, 19.245568252529836 ], [ -99.939015169207778, 19.245306397247134 ], [ -99.939059397676886, 19.244718798683152 ], [ -99.939008127804073, 19.244068434413009 ], [ -99.938413747943798, 19.243276271786101 ], [ -99.938203262713387, 19.24306951172872 ], [ -99.937717031418458, 19.242891273807743 ], [ -99.937564194766026, 19.242783618708529 ], [ -99.937648587476644, 19.242566310629797 ], [ -99.937875840513016, 19.242375379883356 ], [ -99.938207898500366, 19.242211021027742 ], [ -99.938387992437129, 19.242092623535427 ], [ -99.938463486181718, 19.241983798435569 ], [ -99.938537798448351, 19.241667139922299 ], [ -99.938515689187057, 19.24112506404316 ], [ -99.938570049388829, 19.24064585080697 ], [ -99.938720829986551, 19.240392055868995 ], [ -99.939175378444247, 19.240019228036033 ], [ -99.9392693327286, 19.239810906605555 ], [ -99.939287126458453, 19.239593939312897 ], [ -99.939245834151905, 19.239024852306557 ], [ -99.93920695756367, 19.238880467597539 ], [ -99.938462125988053, 19.238396317011109 ], [ -99.938147460268794, 19.238271419051557 ], [ -99.937833410770452, 19.238254955196908 ], [ -99.937576647804462, 19.238274343517219 ], [ -99.937206542571971, 19.238438895566162 ], [ -99.937054941064616, 19.238548109827434 ], [ -99.936985384026343, 19.238571828713873 ], [ -99.936893518071429, 19.238603154869736 ], [ -99.936854848557061, 19.238494914938769 ], [ -99.937004861192975, 19.238105577427405 ], [ -99.937335475603959, 19.237688206041412 ], [ -99.937591109131915, 19.237470021004242 ], [ -99.938330851493731, 19.237059588336308 ], [ -99.939078459193297, 19.236359944682931 ], [ -99.939342471217913, 19.235942911439793 ], [ -99.939397598856999, 19.235599241512034 ], [ -99.939454165176528, 19.23550858624958 ], [ -99.939567862933245, 19.235426674490213 ], [ -99.93965358617703, 19.235444307461933 ], [ -99.940254266204988, 19.235676172390981 ], [ -99.941150635181543, 19.236042062680042 ], [ -99.941770242833854, 19.236255752150953 ], [ -99.941893776600693, 19.236268146663576 ], [ -99.942027259592464, 19.236281539315712 ], [ -99.942902081027739, 19.236204743932717 ], [ -99.943015829189221, 19.236131866168819 ], [ -99.943024414008846, 19.235969164989342 ], [ -99.942966198566864, 19.235770661921151 ], [ -99.942486146884107, 19.235005032295476 ], [ -99.942332747674527, 19.23479798260712 ], [ -99.941643049046149, 19.233970173658804 ], [ -99.941133954320946, 19.233114324299606 ], [ -99.940488439552439, 19.231689874292954 ], [ -99.940447609209684, 19.231202113108623 ], [ -99.940503093488132, 19.230921696682572 ], [ -99.940908451791927, 19.230268986499766 ], [ -99.941040039494965, 19.229988178879921 ], [ -99.941188542343298, 19.229336787393208 ], [ -99.941233636584002, 19.228902803798235 ], [ -99.941439833458617, 19.228359553868358 ], [ -99.941666084880353, 19.227996930640586 ], [ -99.942043511344309, 19.227452799489924 ], [ -99.942318045866443, 19.227216438293567 ], [ -99.942668940491444, 19.227024865975011 ], [ -99.943618731926279, 19.226757916576616 ], [ -99.94475836389455, 19.226417691046208 ], [ -99.94451889025072, 19.226129758550201 ], [ -99.943326846984121, 19.225620821588848 ], [ -99.943108001163353, 19.225612912097802 ], [ -99.941986726946595, 19.22583555833063 ], [ -99.9404959403671, 19.226322154080833 ], [ -99.939888557257063, 19.226578294157775 ], [ -99.939272172727954, 19.226924843488689 ], [ -99.936898152016113, 19.227677997029332 ], [ -99.934463810912689, 19.227862127938238 ], [ -99.933807468216742, 19.227874512323467 ], [ -99.933283235126282, 19.227696454258989 ], [ -99.933083310294592, 19.227670363378422 ], [ -99.932835973819749, 19.227671623346055 ], [ -99.932417965055492, 19.227773153660507 ], [ -99.932018625024227, 19.227811332448312 ], [ -99.931405394997853, 19.227747127843656 ], [ -99.930619355170734, 19.227664827123988 ], [ -99.930238430299084, 19.227594470134932 ], [ -99.929713642292427, 19.227317002724988 ], [ -99.929341875393391, 19.227183341735326 ], [ -99.928779800221378, 19.227041608551929 ], [ -99.927237895849998, 19.226904836906215 ], [ -99.926628613097932, 19.226826591719487 ], [ -99.926294546888471, 19.22662947799347 ], [ -99.92613125776893, 19.226350171272941 ], [ -99.92648323429205, 19.2263483911305 ], [ -99.927186731626477, 19.22626350226551 ], [ -99.928250549701829, 19.225968945028399 ], [ -99.928992399994627, 19.225938074219414 ], [ -99.930506520916708, 19.226210520375332 ], [ -99.930584650461924, 19.226200436074294 ], [ -99.930725164126272, 19.226182299672246 ], [ -99.931085278325043, 19.225936483331452 ], [ -99.93120741795542, 19.225664766681007 ], [ -99.931262051002136, 19.225230735724267 ], [ -99.931199526358171, 19.22426414543429 ], [ -99.93115058801061, 19.224020408076342 ], [ -99.930929555779244, 19.223623924510377 ], [ -99.930767381681051, 19.223543419934742 ], [ -99.930045127219842, 19.223673599776248 ], [ -99.929664770756574, 19.223702640120393 ], [ -99.929264677547849, 19.22360526850548 ], [ -99.928949488039564, 19.223380954110155 ], [ -99.928785690337406, 19.223011286851715 ], [ -99.928591426204548, 19.222298385701379 ], [ -99.928589192641653, 19.221900789547135 ], [ -99.928672826219895, 19.221547941096389 ], [ -99.92875569818716, 19.221059548012022 ], [ -99.928714957303271, 19.220580818183294 ], [ -99.928665160965011, 19.22018346322136 ], [ -99.928049308666573, 19.218930505502442 ], [ -99.92782889925985, 19.218642452720303 ], [ -99.927533050500529, 19.218472256624693 ], [ -99.926866978023952, 19.218439481046687 ], [ -99.926420045733209, 19.218468851282182 ], [ -99.926181930839448, 19.218415835761334 ], [ -99.926190684027404, 19.218280243196432 ], [ -99.926424443985468, 19.217556138346879 ], [ -99.926412096651632, 19.217050154454057 ], [ -99.926362864154271, 19.216752197464132 ], [ -99.926256254137002, 19.216400311343932 ], [ -99.925852638918627, 19.215670390965556 ], [ -99.925545565690072, 19.215193005564288 ], [ -99.925123538403625, 19.214571615130808 ], [ -99.924836201289281, 19.214220640131316 ], [ -99.924453440575576, 19.213815926784036 ], [ -99.924223481780871, 19.213518880553409 ], [ -99.924241900253662, 19.213410348941466 ], [ -99.924469030109037, 19.21320136283282 ], [ -99.925721495506934, 19.212634774384355 ], [ -99.926043844449339, 19.21244337841199 ], [ -99.927103119567619, 19.21135363732725 ], [ -99.927367632311871, 19.211026983449472 ], [ -99.928254660803645, 19.209757376834602 ], [ -99.92873560871368, 19.209013943870332 ], [ -99.928792122049686, 19.208914255571813 ], [ -99.928989942914598, 19.208569864457274 ], [ -99.929852488534948, 19.206333464548266 ], [ -99.93001169874492, 19.205889866080611 ], [ -99.930094002271971, 19.205302073202233 ], [ -99.930081747642987, 19.204814161998002 ], [ -99.930123413641752, 19.203765711222559 ], [ -99.930236485598982, 19.203575369869782 ], [ -99.930511507990843, 19.203429389510234 ], [ -99.930644568186835, 19.203410641067592 ], [ -99.931856250123758, 19.204064153921763 ], [ -99.933639199832101, 19.204814151887888 ], [ -99.934866863197385, 19.204925370856699 ], [ -99.93580897448112, 19.205001893017027 ], [ -99.935912937639614, 19.204883887020912 ], [ -99.935737793736337, 19.204188968179551 ], [ -99.935594353405804, 19.2040541520945 ], [ -99.935260477784766, 19.203884161516044 ], [ -99.934679200227208, 19.203697358810473 ], [ -99.934125897368517, 19.203411009546016 ], [ -99.933228346349836, 19.202801095606731 ], [ -99.932206796732032, 19.20212855173088 ], [ -99.93202551888794, 19.202030071132981 ], [ -99.931816215427489, 19.202022098475084 ], [ -99.931238608999024, 19.202485897242298 ], [ -99.931086882691943, 19.202567996382015 ], [ -99.930336337402423, 19.202725427921109 ], [ -99.929994024311895, 19.202745237755778 ], [ -99.929689147975751, 19.20265641843605 ], [ -99.929231225353533, 19.202414753055564 ], [ -99.928085740077449, 19.201688594210168 ], [ -99.927799129664095, 19.20146413099269 ], [ -99.927596654089655, 19.200977181381745 ], [ -99.927526630439559, 19.200363050051067 ], [ -99.927458683280634, 19.200119406778242 ], [ -99.927218216000597, 19.199641685298275 ], [ -99.926921036256772, 19.199227506051614 ], [ -99.926414508299956, 19.198796311071135 ], [ -99.925585408157019, 19.198511327854192 ], [ -99.925384509077958, 19.198304500893983 ], [ -99.925325673491045, 19.197988518145564 ], [ -99.925400450058646, 19.197753190048843 ], [ -99.925579849763722, 19.197517334157226 ], [ -99.925597811184048, 19.19732747577666 ], [ -99.925530626360398, 19.197219375933628 ], [ -99.92500614616182, 19.196978035047835 ], [ -99.924770391041363, 19.196880383482096 ], [ -99.924510403060879, 19.19677269390553 ], [ -99.924166789386561, 19.196557548282954 ], [ -99.923822420349609, 19.196206857126526 ], [ -99.923774007312204, 19.196053479579916 ], [ -99.923925681209653, 19.195962349692309 ], [ -99.924219164666965, 19.195716883674322 ], [ -99.924285086717589, 19.195599076024621 ], [ -99.924160080033403, 19.195355718701364 ], [ -99.923234579592304, 19.194836258861756 ], [ -99.922966808451577, 19.194575546075669 ], [ -99.92281281781834, 19.194251004671571 ], [ -99.922839084405211, 19.193844226696001 ], [ -99.923008116837252, 19.193454803656948 ], [ -99.92314811144081, 19.192975160868173 ], [ -99.923231845984219, 19.192640386211451 ], [ -99.923211161469737, 19.19234228349012 ], [ -99.923067036345742, 19.192080948207433 ], [ -99.922914156628337, 19.191955205636418 ], [ -99.922619217236729, 19.191938616089089 ], [ -99.922276320916069, 19.19184997467562 ], [ -99.921034222461515, 19.190835082426418 ], [ -99.921042878900096, 19.190681417373298 ], [ -99.921127370512352, 19.190482188273222 ], [ -99.922195855051427, 19.189356284629866 ], [ -99.92299973765023, 19.188538950022746 ], [ -99.923303325101131, 19.188401873624855 ], [ -99.923597905125689, 19.188355207771849 ], [ -99.924330834990485, 19.188459955624012 ], [ -99.924597084524748, 19.188449577330402 ], [ -99.924824584620296, 19.1883128822206 ], [ -99.925041867074015, 19.188049726141458 ], [ -99.925172947030603, 19.187678565672343 ], [ -99.925246962626659, 19.187307693094681 ], [ -99.925359323355565, 19.186990846303047 ], [ -99.925567597686324, 19.186818100599055 ], [ -99.925957482343847, 19.186807096823429 ], [ -99.926271585095492, 19.186850694240661 ], [ -99.926814600363002, 19.187010610355685 ], [ -99.926838430175223, 19.187014888027022 ], [ -99.927157336917674, 19.187072134410471 ], [ -99.927575602164723, 19.18703387423875 ], [ -99.9287253735543, 19.186847326154407 ], [ -99.928887054156348, 19.186846507786981 ], [ -99.929049190538819, 19.186927015881565 ], [ -99.92909775735535, 19.187107501200671 ], [ -99.92905441142608, 19.187857755523169 ], [ -99.929074598533134, 19.188065494482544 ], [ -99.9292376997617, 19.188317692251019 ], [ -99.929457764417009, 19.188551527947254 ], [ -99.929667608495663, 19.18865890327686 ], [ -99.929876793252561, 19.188648806584467 ], [ -99.930399069987743, 19.188501573744702 ], [ -99.930768514542194, 19.188237639515535 ], [ -99.931874857908326, 19.187093416785274 ], [ -99.931949874906195, 19.186903268078709 ], [ -99.931910968438899, 19.186749844383996 ], [ -99.931776955765827, 19.186596903176905 ], [ -99.931452528524801, 19.186408782832359 ], [ -99.930956759770652, 19.1861944216094 ], [ -99.930594901174857, 19.186114928184224 ], [ -99.929007346657727, 19.186249485477163 ], [ -99.928902730476068, 19.18625001515818 ], [ -99.928702552233119, 19.18616969933538 ], [ -99.92855898197638, 19.18600776788702 ], [ -99.928414803935823, 19.185737400474466 ], [ -99.928356626781351, 19.185538890026749 ], [ -99.928087698990737, 19.185070349106923 ], [ -99.927656942696558, 19.184575516099642 ], [ -99.927398894937141, 19.184350906248198 ], [ -99.926749655534366, 19.183902358081411 ], [ -99.926330336608999, 19.183750853307572 ], [ -99.925425734490375, 19.183556613118469 ], [ -99.925358606425334, 19.183457549401055 ], [ -99.925354417011874, 19.182707534671238 ], [ -99.92552318058199, 19.182272927850534 ], [ -99.925560111442337, 19.182073937114808 ], [ -99.925538162780185, 19.181549926272623 ], [ -99.925441293011772, 19.181234134626095 ], [ -99.925268694800593, 19.18098198070345 ], [ -99.92501111003736, 19.180838693938085 ], [ -99.924792171969159, 19.180803651042197 ], [ -99.922918798841806, 19.180840191676907 ], [ -99.922643151592297, 19.180868687387942 ], [ -99.922017132449014, 19.181170040638392 ], [ -99.921200251395589, 19.181354874833971 ], [ -99.920953284717541, 19.181410333775602 ], [ -99.920865208692987, 19.181405705368434 ], [ -99.920639343702305, 19.181393835937627 ], [ -99.920534027211943, 19.18126785203151 ], [ -99.920378197871912, 19.180608962732663 ], [ -99.920176775858181, 19.180302728727213 ], [ -99.919947526397948, 19.180123146030553 ], [ -99.919680687834557, 19.180025081025917 ], [ -99.919395129731868, 19.179981328860833 ], [ -99.919119483318696, 19.18000981924547 ], [ -99.918682563106245, 19.18011140958231 ], [ -99.918464729049504, 19.180275158438008 ], [ -99.918125814735902, 19.180900379314551 ], [ -99.918083170350656, 19.181786178446885 ], [ -99.918095284704236, 19.182256020671048 ], [ -99.918211011859398, 19.182544612604147 ], [ -99.918412283001828, 19.182823739624325 ], [ -99.918451326568004, 19.18300427597444 ], [ -99.91831888222066, 19.183131451090901 ], [ -99.916361483820879, 19.183457517315958 ], [ -99.915999586979581, 19.183368958125072 ], [ -99.915608110693427, 19.183090777456869 ], [ -99.915082242198537, 19.182587351102029 ], [ -99.914929526578476, 19.182488709911524 ], [ -99.914482039241591, 19.182400574681594 ], [ -99.914063581817061, 19.182402659523746 ], [ -99.913854851771475, 19.182494064779007 ], [ -99.913371963683744, 19.182885042962198 ], [ -99.913267797274557, 19.18296689083536 ], [ -99.91303023588523, 19.183004219255338 ], [ -99.9130102687418, 19.182832623190166 ], [ -99.913047165092678, 19.182624597931294 ], [ -99.913140924429172, 19.182380143193427 ], [ -99.913272625248851, 19.182117426328603 ], [ -99.913328790827165, 19.181954488154361 ], [ -99.913503060524476, 19.180787898931271 ], [ -99.913501017808358, 19.180417408314952 ], [ -99.91347139092403, 19.180218750506356 ], [ -99.913323855741453, 19.179333897765048 ], [ -99.913032126126893, 19.178169627182911 ], [ -99.91272411799963, 19.177502450384679 ], [ -99.912665713647414, 19.177258752511591 ], [ -99.912654611088897, 19.17696963622069 ], [ -99.912691158419477, 19.17669835626981 ], [ -99.912747522198799, 19.17657156340789 ], [ -99.913153218432569, 19.175982166240203 ], [ -99.913199921912337, 19.175828311490989 ], [ -99.91320818720493, 19.175602355092167 ], [ -99.913111743087256, 19.175358846520624 ], [ -99.912949426080502, 19.175242178148267 ], [ -99.912759724084538, 19.175333487391811 ], [ -99.911965558888426, 19.176186875958876 ], [ -99.911710726552144, 19.176540569876977 ], [ -99.911513699060492, 19.177029525267471 ], [ -99.91121280451847, 19.177654545236408 ], [ -99.91089169537247, 19.178062786578096 ], [ -99.910513473988544, 19.178462273983371 ], [ -99.910324908643702, 19.178761417578073 ], [ -99.909958278750537, 19.179540384148254 ], [ -99.909742917031565, 19.180155941287921 ], [ -99.909129360143595, 19.180999386263466 ], [ -99.908636359495006, 19.18128196292065 ], [ -99.908390527397614, 19.181545241629351 ], [ -99.90817382007333, 19.181916815384568 ], [ -99.90792976919596, 19.18250540264512 ], [ -99.907600469090198, 19.183157667746059 ], [ -99.907383411536557, 19.183465986150281 ], [ -99.907052326099915, 19.183792941032152 ], [ -99.90678791210928, 19.184137638893333 ], [ -99.906562033576279, 19.184572512404202 ], [ -99.906506206468976, 19.184798703657862 ], [ -99.906499069530469, 19.185232496341769 ], [ -99.906320593844328, 19.18564002540063 ], [ -99.906263975077309, 19.185721634642846 ], [ -99.905885132576373, 19.186012677089877 ], [ -99.905715324767527, 19.186266540577094 ], [ -99.905170868447499, 19.187579536153351 ], [ -99.905020129133277, 19.187842341481939 ], [ -99.904593626865108, 19.188115543448248 ], [ -99.904498470175668, 19.188106975934943 ], [ -99.904004157934367, 19.188154595451635 ], [ -99.903662412023095, 19.188273754815441 ], [ -99.90329302020541, 19.188555709053901 ], [ -99.903179876774971, 19.188736998424417 ], [ -99.90316129859076, 19.188818419492691 ], [ -99.903181158088785, 19.188971944002787 ], [ -99.903325840785612, 19.1893417329253 ], [ -99.903728402025422, 19.189909056896227 ], [ -99.903815479068783, 19.190179726274323 ], [ -99.903388377470264, 19.19034448888732 ], [ -99.903047267127079, 19.190581120470938 ], [ -99.902772879889369, 19.190844532853703 ], [ -99.902650568140984, 19.191089123137203 ], [ -99.902613608101149, 19.191288110814583 ], [ -99.902615479890699, 19.191631492667852 ], [ -99.902683485106422, 19.191893219894041 ], [ -99.903028196172841, 19.192316244075414 ], [ -99.903114731636776, 19.192487513645119 ], [ -99.902962998895418, 19.192569590081803 ], [ -99.90201288288722, 19.192754997112502 ], [ -99.901395552227768, 19.192920690830078 ], [ -99.901101595275634, 19.193084794399397 ], [ -99.901083065111379, 19.19317525146505 ], [ -99.901131800772646, 19.193391890812393 ], [ -99.90130516438262, 19.193788649970372 ], [ -99.90141199992712, 19.194194772500111 ], [ -99.901519623806962, 19.194745476920843 ], [ -99.901550863698787, 19.19524233688486 ], [ -99.901485318956361, 19.195432428002846 ], [ -99.900767140597281, 19.19629443493443 ], [ -99.900481656452598, 19.196268727117058 ], [ -99.899852491132833, 19.196009753354076 ], [ -99.899528913406925, 19.19597519418204 ], [ -99.899462973056472, 19.196092993789421 ], [ -99.899652133325162, 19.197646363457523 ], [ -99.899729844524757, 19.197944190463772 ], [ -99.900085498131943, 19.19862922763815 ], [ -99.900211308361236, 19.199026220989936 ], [ -99.90013565945975, 19.199107921793427 ], [ -99.899099605148194, 19.199239517149522 ], [ -99.898605159742431, 19.199269050851569 ], [ -99.898233626313583, 19.199162431517607 ], [ -99.89813905184684, 19.199262297719315 ], [ -99.898092034262675, 19.199361930651605 ], [ -99.897982162645803, 19.200148654169254 ], [ -99.898096790557076, 19.200238458954516 ], [ -99.89820161257046, 19.200274091934489 ], [ -99.898440184049548, 19.200417508970759 ], [ -99.898641642280893, 19.200732803164726 ], [ -99.898623600751648, 19.200913623850454 ], [ -99.897795904327097, 19.200881531984919 ], [ -99.897415297383361, 19.200856285403574 ], [ -99.897215261953647, 19.200803044669044 ], [ -99.896824164298152, 19.200597115933476 ], [ -99.896538281319863, 19.200499110940029 ], [ -99.896415219722655, 19.200608151811821 ], [ -99.896198168262515, 19.200925494624471 ], [ -99.896170318600525, 19.201052143519064 ], [ -99.896200614974418, 19.201377313676346 ], [ -99.896427113961238, 19.202803991457756 ], [ -99.896495604242091, 19.20315608460902 ], [ -99.896601554301355, 19.20339955505267 ], [ -99.897061493296519, 19.204020831265723 ], [ -99.897519867716937, 19.204352942522803 ], [ -99.898187550195644, 19.204693063807497 ], [ -99.898454859495644, 19.204872486022566 ], [ -99.898665344560584, 19.2050973695479 ], [ -99.897743980699147, 19.205336835651337 ], [ -99.897287661652399, 19.205384252843999 ], [ -99.89676417208949, 19.205323557930399 ], [ -99.896297263784504, 19.205172218993994 ], [ -99.896059176543645, 19.205119163257621 ], [ -99.895888111851662, 19.205147109154439 ], [ -99.895746267326274, 19.205301424533957 ], [ -99.895689832667472, 19.205419176449368 ], [ -99.895505857719229, 19.206576761508302 ], [ -99.895497128638908, 19.206721390133964 ], [ -99.895536007512817, 19.206874822546013 ], [ -99.89572756520954, 19.207117875096344 ], [ -99.895956535364348, 19.207243268717889 ], [ -99.896223210244386, 19.20730522151473 ], [ -99.897072461320079, 19.207798080798227 ], [ -99.89776374217405, 19.208978491677669 ], [ -99.897860087844379, 19.209203934989887 ], [ -99.897698678407892, 19.209258945354861 ], [ -99.89665255661896, 19.209300212299183 ], [ -99.896329442922422, 19.209356012255853 ], [ -99.896035403321036, 19.209511072337591 ], [ -99.89517259890016, 19.210030374934831 ], [ -99.895096747271111, 19.210075928460355 ], [ -99.895011774396494, 19.210193819216556 ], [ -99.894870756269199, 19.210501752696359 ], [ -99.894817203546495, 19.211152650088138 ], [ -99.894217907260725, 19.212908677326595 ], [ -99.894123176062919, 19.212981432525112 ], [ -99.89383307285658, 19.212106296347883 ], [ -99.893619753364646, 19.211357297964582 ], [ -99.893608874163647, 19.211104325854478 ], [ -99.893550922833924, 19.210941949223411 ], [ -99.893426289671311, 19.210761824540555 ], [ -99.893121024941479, 19.210600653475808 ], [ -99.892921466718178, 19.210637772384132 ], [ -99.891887428364555, 19.211157894247208 ], [ -99.891726160979943, 19.21124000829326 ], [ -99.891233770975987, 19.211658087824787 ], [ -99.891083037411363, 19.211929919213674 ], [ -99.891057860201158, 19.212553568012595 ], [ -99.890953664324798, 19.212635404211028 ], [ -99.890208454699689, 19.212033572204746 ], [ -99.889988945733364, 19.211899089083545 ], [ -99.889712898817095, 19.211864282920999 ], [ -99.889427825986445, 19.21191988647297 ], [ -99.889124554254806, 19.212129200123854 ], [ -99.888774886328179, 19.212555617209318 ], [ -99.888613956070344, 19.212700983789944 ], [ -99.888519125201356, 19.212755663437576 ], [ -99.888357272300027, 19.212729338025326 ], [ -99.888469282575386, 19.2123311836732 ], [ -99.889314981077803, 19.210393245251339 ], [ -99.889457176364317, 19.21030218889814 ], [ -99.889761270375686, 19.210246493211173 ], [ -99.890167176583702, 19.209666178474436 ], [ -99.890912202088032, 19.208469725144766 ], [ -99.891298589419421, 19.207799136927292 ], [ -99.891278883890664, 19.207672719924005 ], [ -99.891078306686381, 19.207520072656223 ], [ -99.890496670240623, 19.207260837083993 ], [ -99.890002003618463, 19.207254202897673 ], [ -99.889317342398215, 19.207293672294668 ], [ -99.888869652566427, 19.207178367522374 ], [ -99.888764293548377, 19.20704332913192 ], [ -99.888801564488517, 19.206898562210085 ], [ -99.888914978349646, 19.206762462943288 ], [ -99.88966262505437, 19.206053979150624 ], [ -99.890487526487561, 19.205561996242523 ], [ -99.890686252418391, 19.205371261912489 ], [ -99.890798301568964, 19.204982142871472 ], [ -99.890758114357084, 19.204584726463963 ], [ -99.890690462121995, 19.204386249610366 ], [ -99.890499157929355, 19.204188373177601 ], [ -99.890412579961776, 19.204008060958074 ], [ -99.890130372929036, 19.202825633589214 ], [ -99.890434404726534, 19.202760900736223 ], [ -99.890576689891873, 19.202687916747777 ], [ -99.890680782849415, 19.202588008250075 ], [ -99.890717807956491, 19.202398059163954 ], [ -99.890650837569467, 19.202326091527311 ], [ -99.890507920590949, 19.20228160250258 ], [ -99.889748595886431, 19.202583497793228 ], [ -99.889606504724725, 19.202692626925227 ], [ -99.88879229070568, 19.20340143262149 ], [ -99.888668978681096, 19.20346528697246 ], [ -99.888430944531535, 19.203421257389493 ], [ -99.888269294871293, 19.203431077340724 ], [ -99.887413777478116, 19.203534622936843 ], [ -99.887043306484145, 19.203626782216304 ], [ -99.886379037743666, 19.203919167181994 ], [ -99.886105496771506, 19.203940057788714 ], [ -99.885494787890366, 19.20398669676996 ], [ -99.885342262161316, 19.203924176805458 ], [ -99.885682168158894, 19.203452630065499 ], [ -99.886069679309003, 19.202989889219339 ], [ -99.886780244216254, 19.20246232894192 ], [ -99.887243406677783, 19.201917890520633 ], [ -99.887422043032757, 19.201528450696912 ], [ -99.887505466414893, 19.201121398561099 ], [ -99.887608348468916, 19.200795581695161 ], [ -99.887863365860085, 19.200459991505568 ], [ -99.888195346858708, 19.2002866877325 ], [ -99.888659032130761, 19.199841646305117 ], [ -99.888809323059718, 19.199488489144017 ], [ -99.888797191375943, 19.199000569645989 ], [ -99.888588040383524, 19.197248476353991 ], [ -99.888529323655064, 19.196941515359583 ], [ -99.888423147270316, 19.196652857370736 ], [ -99.887541762772912, 19.195473325301691 ], [ -99.887274480268331, 19.195293885758474 ], [ -99.885998286256097, 19.194983772992828 ], [ -99.884999708004273, 19.195006667199891 ], [ -99.884609990396484, 19.195053730597863 ], [ -99.884193042348329, 19.195344913849397 ], [ -99.883130726615889, 19.195901267815145 ], [ -99.883121137230773, 19.195904965747957 ], [ -99.882940887181292, 19.195974475044068 ], [ -99.882018295552257, 19.195978914370812 ], [ -99.880801719950284, 19.196147420743387 ], [ -99.880583345228956, 19.196220762686437 ], [ -99.880374866324701, 19.196366349883476 ], [ -99.880044037034963, 19.196756513943456 ], [ -99.879891616150417, 19.196712061951303 ], [ -99.879843531219024, 19.196612889332926 ], [ -99.879823596070366, 19.196441288750464 ], [ -99.87987907894518, 19.196142812927917 ], [ -99.880218889775051, 19.19565320316633 ], [ -99.880284027120467, 19.195381790951842 ], [ -99.8802739871889, 19.195282435835907 ], [ -99.88012065493615, 19.195066292002195 ], [ -99.879987065539694, 19.194985603373652 ], [ -99.879425424522708, 19.194897930673619 ], [ -99.879234816619999, 19.194826551167921 ], [ -99.878633357115518, 19.194404710697086 ], [ -99.878566203401704, 19.19429659237602 ], [ -99.878159449135978, 19.192924968425075 ], [ -99.878157963429828, 19.192644838996785 ], [ -99.878271760544067, 19.192581037593868 ], [ -99.878500985413893, 19.192760672955785 ], [ -99.878701485495981, 19.192904299250642 ], [ -99.879044652296955, 19.193047241510271 ], [ -99.879473083406481, 19.193126517757321 ], [ -99.879710620636274, 19.193080195310131 ], [ -99.879833256564552, 19.192889837234134 ], [ -99.879840318874585, 19.192428934005136 ], [ -99.879672773854963, 19.19132726526334 ], [ -99.879306221839443, 19.190362100302764 ], [ -99.879198722932699, 19.189820415955239 ], [ -99.879187532848903, 19.189504186493593 ], [ -99.87931074276031, 19.189422265956239 ], [ -99.879491881399247, 19.189502727656077 ], [ -99.879759530512956, 19.18975447080652 ], [ -99.880362416388266, 19.190447401082508 ], [ -99.880620365122638, 19.19066304269586 ], [ -99.880954354025846, 19.19086928239642 ], [ -99.881917704811372, 19.191379742703646 ], [ -99.88255653061367, 19.191674879565085 ], [ -99.883185028140474, 19.191816441100571 ], [ -99.88350830616082, 19.191796810946869 ], [ -99.883707410379088, 19.191678375331435 ], [ -99.883773119292243, 19.191515399168225 ], [ -99.883714751158834, 19.191271690843564 ], [ -99.883666714339483, 19.191181555709363 ], [ -99.883379649589926, 19.190857619116457 ], [ -99.88332171612808, 19.190695238210424 ], [ -99.883368258520932, 19.19050524435545 ], [ -99.883619557002874, 19.189473855843971 ], [ -99.883752082283706, 19.189355740917392 ], [ -99.883865971872012, 19.189310009161773 ], [ -99.884398387223825, 19.189271296632228 ], [ -99.884569293070285, 19.189216252606911 ], [ -99.884682892612147, 19.189116301595163 ], [ -99.884834003931246, 19.188916766487466 ], [ -99.884899131485554, 19.188645352984054 ], [ -99.884840135279205, 19.188284171594148 ], [ -99.884772835517197, 19.188148946276669 ], [ -99.884562198134006, 19.187887899242014 ], [ -99.884075363613306, 19.187555889577993 ], [ -99.883474979903781, 19.187332865225585 ], [ -99.883417529877988, 19.187260848837695 ], [ -99.883407488905505, 19.187161493812312 ], [ -99.883500716587889, 19.186808615315783 ], [ -99.883803082910674, 19.186436656419005 ], [ -99.884305220230885, 19.186072770647172 ], [ -99.884437453156522, 19.185900436991062 ], [ -99.884436488163317, 19.185719708348699 ], [ -99.884340175394073, 19.185494256303741 ], [ -99.884072140840431, 19.185170228597542 ], [ -99.883833169860964, 19.184945463109386 ], [ -99.884003444602399, 19.184772946539624 ], [ -99.88427852866306, 19.184636071349018 ], [ -99.884610868824211, 19.184535066081366 ], [ -99.885485408439422, 19.184449517895587 ], [ -99.8856748470659, 19.184304017330248 ], [ -99.885787959469098, 19.184113701598335 ], [ -99.885852165269853, 19.183670595481374 ], [ -99.886020938633862, 19.183217948082529 ], [ -99.886219064074737, 19.182918781821684 ], [ -99.886483665623302, 19.182601221074037 ], [ -99.886473381404301, 19.182456684205874 ], [ -99.88636750921745, 19.182222242511045 ], [ -99.885698878884682, 19.181683271602765 ], [ -99.885084853107969, 19.180683165134894 ], [ -99.885007660019426, 19.180475694326901 ], [ -99.885025232768555, 19.180204509838006 ], [ -99.885524448692763, 19.177518214084159 ], [ -99.885617232703112, 19.177084006945279 ], [ -99.885823268245076, 19.176486592965489 ], [ -99.886105673022087, 19.175943030221504 ], [ -99.886038764127761, 19.175880096882452 ], [ -99.885895823088276, 19.175826566697708 ], [ -99.885629830354048, 19.175882070325372 ], [ -99.88441572073242, 19.176484343516336 ], [ -99.884349487684119, 19.176547919468476 ], [ -99.884312122203255, 19.176674612912507 ], [ -99.884231352401343, 19.177578668159128 ], [ -99.884128909850062, 19.177985811310691 ], [ -99.883941163715974, 19.17844758542833 ], [ -99.883705720721082, 19.178882479003846 ], [ -99.883497554863652, 19.179082287637868 ], [ -99.883288954975342, 19.179200768356225 ], [ -99.882766514880075, 19.179320758361541 ], [ -99.882160164942718, 19.179757434004387 ], [ -99.881904444326551, 19.179957469500494 ], [ -99.881413223632421, 19.180583358999456 ], [ -99.881356545882682, 19.180655924631196 ], [ -99.881103225686502, 19.181307781005216 ], [ -99.880903891116873, 19.181381031115222 ], [ -99.880190849656572, 19.181429635705967 ], [ -99.878811214677512, 19.181318771082715 ], [ -99.878658904180668, 19.181292390355054 ], [ -99.878190498515323, 19.180842798746824 ], [ -99.877961674353116, 19.180735453509783 ], [ -99.877800285127478, 19.180790445679349 ], [ -99.87756453537844, 19.18117111327814 ], [ -99.877441809186109, 19.181343397056992 ], [ -99.87735650259873, 19.181398024586372 ], [ -99.877137858140259, 19.181417143222802 ], [ -99.876931365456414, 19.181205254586018 ], [ -99.87692748083856, 19.181201268449797 ], [ -99.876696792236203, 19.180741500383022 ], [ -99.876292289638286, 19.179785544882805 ], [ -99.876272122249816, 19.179568760684958 ], [ -99.876327654682427, 19.17927932217799 ], [ -99.876817409266152, 19.178373315359465 ], [ -99.877200680889757, 19.177115386246953 ], [ -99.877091621145041, 19.176275496299297 ], [ -99.876680008367771, 19.175771408729418 ], [ -99.876603497316864, 19.175690444053032 ], [ -99.876497882724834, 19.175501178084971 ], [ -99.876458026448176, 19.175157974717536 ], [ -99.876598670095291, 19.174777762504561 ], [ -99.876718381330363, 19.1740361831786 ], [ -99.87668870426279, 19.173819444552805 ], [ -99.876516711978127, 19.173666642143473 ], [ -99.87637544757149, 19.173929380354764 ], [ -99.876237431544325, 19.174806597228326 ], [ -99.876062520045707, 19.175900870283044 ], [ -99.875959102827551, 19.176127280893638 ], [ -99.87565683163723, 19.176517300087312 ], [ -99.875231212986762, 19.176962127717673 ], [ -99.875126601040847, 19.176962626506793 ], [ -99.875012001716925, 19.176872805904111 ], [ -99.874935347794519, 19.176764731118737 ], [ -99.874790691896351, 19.176385880043426 ], [ -99.874713179856599, 19.17611514881628 ], [ -99.874623201463237, 19.175284202764601 ], [ -99.874479501075825, 19.175086080359677 ], [ -99.874384257261227, 19.175059424084111 ], [ -99.87427037486367, 19.175105150006686 ], [ -99.87410956119453, 19.175268576045085 ], [ -99.873107061727978, 19.176330639106766 ], [ -99.872936688212064, 19.176485073076719 ], [ -99.87205618991311, 19.177239303408953 ], [ -99.871828372882931, 19.177321715760229 ], [ -99.870967028127609, 19.178102959923081 ], [ -99.870910488898403, 19.178202631961369 ], [ -99.871401737410508, 19.179384106040629 ], [ -99.871583669772633, 19.179618195809212 ], [ -99.871803453513166, 19.179815959282166 ], [ -99.872432897339479, 19.180147325234088 ], [ -99.873130011407568, 19.180686210900831 ], [ -99.873225877531297, 19.180830341885894 ], [ -99.872553112944956, 19.181303449094401 ], [ -99.872410646844628, 19.181340273254648 ], [ -99.872191526170127, 19.181269021218554 ], [ -99.872029373067619, 19.181179424933305 ], [ -99.871800171781388, 19.180999780277546 ], [ -99.871466498743132, 19.180847741662944 ], [ -99.871067109145486, 19.180858674391118 ], [ -99.870743992304824, 19.180905390858072 ], [ -99.870601478509684, 19.18093317722861 ], [ -99.870468949908229, 19.181051282867656 ], [ -99.870460911157409, 19.181331458207978 ], [ -99.87062686229433, 19.182143972551273 ], [ -99.870895483659467, 19.1825854952898 ], [ -99.87169992983371, 19.183638967628326 ], [ -99.87182722956959, 19.184334187103218 ], [ -99.870637072660145, 19.184086810879876 ], [ -99.870113087680124, 19.183917599363951 ], [ -99.869703183456807, 19.183738808711666 ], [ -99.869416775124137, 19.183532322207498 ], [ -99.868607097057577, 19.183292166108913 ], [ -99.868406154743411, 19.184874537387543 ], [ -99.868389549448864, 19.185335486798976 ], [ -99.868483389621531, 19.186907425652237 ], [ -99.86837938719043, 19.187025395012711 ], [ -99.868293505879251, 19.186971581318232 ], [ -99.867920123216209, 19.186503440366607 ], [ -99.8675267750491, 19.185854659166694 ], [ -99.867277840591157, 19.185539552000705 ], [ -99.867144264966839, 19.185458853320768 ], [ -99.867039458229044, 19.185423201851108 ], [ -99.866944493315714, 19.185450760548292 ], [ -99.866042867423516, 19.185816485901739 ], [ -99.865891499141526, 19.185970824012031 ], [ -99.865806611082803, 19.186106774894256 ], [ -99.865704874302423, 19.186658493068876 ], [ -99.865591925665456, 19.186884943108225 ], [ -99.865478221219064, 19.186966809789453 ], [ -99.86522138295436, 19.186958984515854 ], [ -99.864792124025087, 19.186717017701824 ], [ -99.864611419512471, 19.186717869221752 ], [ -99.863595227413043, 19.187002792844396 ], [ -99.862531242743955, 19.187242751824385 ], [ -99.862482958757198, 19.187248839163885 ], [ -99.862084517214214, 19.187299071652092 ], [ -99.861969870088046, 19.18720020653069 ], [ -99.862121196305736, 19.187036835150252 ], [ -99.862415043018018, 19.186845683473564 ], [ -99.862671363356469, 19.186754111595292 ], [ -99.863212865204105, 19.186634087670257 ], [ -99.863829085783834, 19.186251646432822 ], [ -99.864046418673126, 19.185979522149921 ], [ -99.864064450154956, 19.18578966683782 ], [ -99.863900411323698, 19.185338604435117 ], [ -99.86414311649645, 19.184460902363185 ], [ -99.864436484551277, 19.184179383174978 ], [ -99.864549621756225, 19.183989079538662 ], [ -99.864565766127498, 19.18343776512711 ], [ -99.864406807247462, 19.182137230008379 ], [ -99.864270360470755, 19.181505303761071 ], [ -99.863184801454111, 19.18124834882002 ], [ -99.863058388146669, 19.180715778130946 ], [ -99.863009376836089, 19.180435870946383 ], [ -99.862913331599259, 19.180255588538728 ], [ -99.862751043025753, 19.180138874481827 ], [ -99.862589178273311, 19.180103488624184 ], [ -99.862256502403682, 19.180141198618458 ], [ -99.861631119004585, 19.180586934152586 ], [ -99.861459978198013, 19.180596774332457 ], [ -99.861345665438819, 19.180561164064159 ], [ -99.861269159023664, 19.18048019271987 ], [ -99.861259179084129, 19.18038987263742 ], [ -99.861399579984436, 19.179955451644389 ], [ -99.861691864497743, 19.179466097696434 ], [ -99.861805518930282, 19.179375196975684 ], [ -99.862372707011502, 19.17871285357603 ], [ -99.86249544732641, 19.178540579698392 ], [ -99.862475485921948, 19.178359939169695 ], [ -99.86241757801929, 19.178197550723553 ], [ -99.862217015351234, 19.178035832441196 ], [ -99.862093240906404, 19.178009303673775 ], [ -99.861751152889667, 19.178065130391076 ], [ -99.861699677078491, 19.178050720021474 ], [ -99.861655909090643, 19.178038467401052 ], [ -99.861626438531175, 19.177857871406502 ], [ -99.861701157966593, 19.177595456310087 ], [ -99.862031102429455, 19.17703363142499 ], [ -99.862029551361729, 19.17673542751578 ], [ -99.86200055071248, 19.176645196593142 ], [ -99.861780453476399, 19.176384165573211 ], [ -99.86128498482168, 19.176205756964634 ], [ -99.860998646740541, 19.17600829291564 ], [ -99.860912069433766, 19.175818927778892 ], [ -99.860911506189552, 19.175710490131564 ], [ -99.860804641491029, 19.175277228995128 ], [ -99.860641937267076, 19.17507918439037 ], [ -99.860067907475241, 19.174422195064153 ], [ -99.859589732643997, 19.173909342173488 ], [ -99.85943668146524, 19.173738361025698 ], [ -99.859416865183391, 19.173584829806487 ], [ -99.859435135271156, 19.173440156880929 ], [ -99.859585889915763, 19.173168349683408 ], [ -99.859803682311849, 19.172986595339751 ], [ -99.859955608079815, 19.172940700206539 ], [ -99.860307711920484, 19.172984234186345 ], [ -99.860726620910839, 19.173072637798214 ], [ -99.860812445315844, 19.173117419037567 ], [ -99.862150142900873, 19.174322060415477 ], [ -99.862230354609096, 19.174355484735884 ], [ -99.862321700299162, 19.174393548540252 ], [ -99.862558887661578, 19.174283993533606 ], [ -99.863369596202631, 19.174732017607766 ], [ -99.86367641459384, 19.17520951996579 ], [ -99.863895712328826, 19.175316928331881 ], [ -99.864132852635237, 19.175198335079358 ], [ -99.864596585283607, 19.174762389564478 ], [ -99.864841867261305, 19.17438169289062 ], [ -99.865011397565183, 19.174064609434254 ], [ -99.865264960959337, 19.17344891877724 ], [ -99.865301963152888, 19.173249936901414 ], [ -99.865281858147739, 19.173042187648434 ], [ -99.865165945986178, 19.172699339101712 ], [ -99.865155869963985, 19.172590946214711 ], [ -99.865163870778986, 19.172301734020607 ], [ -99.865191834649579, 19.172193161691325 ], [ -99.865285943452648, 19.17200294759192 ], [ -99.865494171109731, 19.171812195225868 ], [ -99.865720804264356, 19.17150387884169 ], [ -99.86619101080521, 19.170489550239097 ], [ -99.866256021305276, 19.170191032349919 ], [ -99.866197970874225, 19.17000153546843 ], [ -99.866102542582382, 19.169938728738828 ], [ -99.865094032084244, 19.169853116019112 ], [ -99.864932459427848, 19.169871950749496 ], [ -99.864326517495215, 19.170389896321808 ], [ -99.863852344275926, 19.170645155757256 ], [ -99.862502133878081, 19.170687650335253 ], [ -99.862321352685626, 19.170670425938738 ], [ -99.86222587801916, 19.170598580980652 ], [ -99.862167596992492, 19.17036389990767 ], [ -99.862081021783354, 19.170174535408876 ], [ -99.861975661904921, 19.170030442861389 ], [ -99.861660475908991, 19.169769857559572 ], [ -99.861393591069941, 19.169653632482039 ], [ -99.861127551325012, 19.16970006400112 ], [ -99.860576967945974, 19.169892416468201 ], [ -99.860377824714192, 19.170001790293554 ], [ -99.859060220601634, 19.170830301055446 ], [ -99.858737961691133, 19.171039653045227 ], [ -99.858463485218806, 19.171293964734957 ], [ -99.858359531374902, 19.171420964539777 ], [ -99.858284388001948, 19.171602050399144 ], [ -99.858144078159455, 19.172054542030537 ], [ -99.857964511781518, 19.172272262493721 ], [ -99.857063822350369, 19.172809635849262 ], [ -99.856978139200578, 19.172791962337726 ], [ -99.856901311751358, 19.172647733613132 ], [ -99.856811331306744, 19.17179870182747 ], [ -99.856658145168296, 19.17160060879462 ], [ -99.856467573060968, 19.171529204155433 ], [ -99.856230011909247, 19.171566459082271 ], [ -99.855926580899677, 19.171739571575301 ], [ -99.855822671506303, 19.171875607003528 ], [ -99.855418220771924, 19.172745016972101 ], [ -99.855266209085585, 19.172929321243487 ], [ -99.85523864994002, 19.172962734856867 ], [ -99.854863658712588, 19.172169249968761 ], [ -99.854901186074812, 19.17206967119921 ], [ -99.855410480029263, 19.171244957177862 ], [ -99.855807656870013, 19.17080934368505 ], [ -99.856158401959817, 19.170590827201181 ], [ -99.856881105206639, 19.170578418995888 ], [ -99.857194463374071, 19.170486589127904 ], [ -99.857260751741819, 19.170432059263703 ], [ -99.85820631080162, 19.169379382576039 ], [ -99.85882205975156, 19.168915630989773 ], [ -99.858973513597846, 19.168779371875189 ], [ -99.859086319622236, 19.168525815981582 ], [ -99.859113537990083, 19.168272660479488 ], [ -99.859188679059173, 19.16809157438189 ], [ -99.859387867844987, 19.167991238531158 ], [ -99.860584449167845, 19.167669349454513 ], [ -99.862502161592317, 19.167036818614008 ], [ -99.862768337657997, 19.16701749476357 ], [ -99.863110872983043, 19.167052031948288 ], [ -99.863711251421194, 19.167293200258825 ], [ -99.864341102415892, 19.16771496222691 ], [ -99.864492974686073, 19.167660026989267 ], [ -99.864568203804026, 19.167497012142292 ], [ -99.864603886621353, 19.167045008439004 ], [ -99.864742478565518, 19.166267198787864 ], [ -99.864893406467786, 19.166031533677312 ], [ -99.865292808948993, 19.166029652184648 ], [ -99.866215426639599, 19.16606144940198 ], [ -99.866555996206216, 19.166071000636407 ], [ -99.866767076591259, 19.166076920043793 ], [ -99.867023173699977, 19.165949197085013 ], [ -99.867012530401894, 19.165732366353836 ], [ -99.866916442811544, 19.165543049239886 ], [ -99.866754166463465, 19.165426338246277 ], [ -99.866126111952212, 19.165347970945049 ], [ -99.865593625028794, 19.16535951814501 ], [ -99.865279621544857, 19.165324851054493 ], [ -99.864946269099562, 19.165227017429743 ], [ -99.864869768530298, 19.165146047565315 ], [ -99.864896883440167, 19.164874818374017 ], [ -99.865000356864755, 19.164657450112884 ], [ -99.865472813617316, 19.164076874769307 ], [ -99.865433549690977, 19.163842105147808 ], [ -99.865327955772671, 19.163652831705917 ], [ -99.865146851826808, 19.16357235454069 ], [ -99.86498537993981, 19.163609262030377 ], [ -99.863752446761964, 19.164247634571211 ], [ -99.863528870100879, 19.164282706697179 ], [ -99.86351489783209, 19.164284898495907 ], [ -99.863152785253931, 19.164142013262676 ], [ -99.862666438522865, 19.163882233711206 ], [ -99.862237667106001, 19.163721586165479 ], [ -99.86197144926615, 19.163731872441133 ], [ -99.861648832090168, 19.163868937161908 ], [ -99.861033531659587, 19.16441402607586 ], [ -99.860929584000019, 19.16454102734474 ], [ -99.860874075099503, 19.164839499378502 ], [ -99.860760992430869, 19.165038837140798 ], [ -99.860599658790704, 19.165102850215249 ], [ -99.860209767582887, 19.165104676872659 ], [ -99.859876277994204, 19.164979724399586 ], [ -99.859676577438222, 19.164980659316996 ], [ -99.858859927495701, 19.165210398434112 ], [ -99.858670906476334, 19.165437200472411 ], [ -99.858577541860313, 19.165771995579121 ], [ -99.858389361618492, 19.166161454571466 ], [ -99.858237769422885, 19.166270603525845 ], [ -99.85704236036662, 19.166818389776324 ], [ -99.856682347612434, 19.167082134685813 ], [ -99.85658813818668, 19.167254272186312 ], [ -99.856418084090251, 19.167471946703131 ], [ -99.855334585852006, 19.167594473976635 ], [ -99.854830851677377, 19.167651040148257 ], [ -99.854525889268984, 19.167525945476086 ], [ -99.85438240579623, 19.167363951865013 ], [ -99.854408373794911, 19.166866810960585 ], [ -99.854283724070001, 19.166668582820705 ], [ -99.854007199809246, 19.16652528117902 ], [ -99.853474380952662, 19.166473538154037 ], [ -99.852932564163268, 19.166521239240012 ], [ -99.85178254784546, 19.166653091105218 ], [ -99.851196146393534, 19.165914436525043 ], [ -99.850681798911069, 19.165266536060415 ], [ -99.848181267455743, 19.16165436751993 ], [ -99.847913229986261, 19.153865927092795 ], [ -99.847880086068358, 19.152962404574282 ], [ -99.847984267831293, 19.152880593205055 ], [ -99.848207966458403, 19.152760368462566 ], [ -99.848866189082514, 19.152406609795037 ], [ -99.849170240725755, 19.152360021401819 ], [ -99.849883356920486, 19.152347687753036 ], [ -99.850330642701067, 19.152417912161866 ], [ -99.851806691984507, 19.152835803056405 ], [ -99.853025590773143, 19.153173544774916 ], [ -99.853501638548835, 19.153288811894129 ], [ -99.854195367884586, 19.153204257436641 ], [ -99.85460350488745, 19.153057771825615 ], [ -99.855070463511481, 19.153254407545433 ], [ -99.855565623610573, 19.153387653651123 ], [ -99.855889065311999, 19.153413257574016 ], [ -99.856668606672486, 19.153373477835601 ], [ -99.856811099971253, 19.153345703457262 ], [ -99.857048028483632, 19.153190973880328 ], [ -99.857387219505028, 19.152583929838841 ], [ -99.857452380313703, 19.152312524060449 ], [ -99.857432522356191, 19.1521499552926 ], [ -99.857288583371655, 19.151897598150811 ], [ -99.857097847430737, 19.151790047281963 ], [ -99.855175908556646, 19.151573082824541 ], [ -99.854985499986014, 19.151528785389871 ], [ -99.854851725726348, 19.151402893191516 ], [ -99.854784559145799, 19.151285728165362 ], [ -99.854764005845936, 19.150987611208109 ], [ -99.854816171379639, 19.150038510375168 ], [ -99.854898538082693, 19.149414591962966 ], [ -99.855131785188917, 19.148545979174514 ], [ -99.85521480187532, 19.148048571892389 ], [ -99.855267895560416, 19.147280201509261 ], [ -99.855158227927404, 19.146295706470141 ], [ -99.855223343783848, 19.146015264358994 ], [ -99.855403865012931, 19.14598731388827 ], [ -99.855680588450696, 19.146175797606702 ], [ -99.855880778533049, 19.146274269683772 ], [ -99.855984812791519, 19.146165344250619 ], [ -99.856097376312334, 19.145866607535822 ], [ -99.855746082502094, 19.144124151096605 ], [ -99.855280278901205, 19.142300895368692 ], [ -99.855249752793327, 19.141912457275623 ], [ -99.855305266172707, 19.14161398618171 ], [ -99.855446585868776, 19.141360299575979 ], [ -99.855645419826487, 19.141196712843737 ], [ -99.855778673951306, 19.141223202796141 ], [ -99.856560955054931, 19.141725617675661 ], [ -99.857496492700761, 19.142444195956102 ], [ -99.857764077429806, 19.142705013333739 ], [ -99.85863638560653, 19.144065489434013 ], [ -99.859057744693814, 19.144641871891508 ], [ -99.859602341815958, 19.145145383392844 ], [ -99.860155327090581, 19.145431972205927 ], [ -99.86045177391378, 19.145755907335513 ], [ -99.861083408130071, 19.146539145429642 ], [ -99.861571482460533, 19.147142319588966 ], [ -99.862287859156027, 19.147762494441395 ], [ -99.863223314551476, 19.148453931236531 ], [ -99.864683116768106, 19.149404962125232 ], [ -99.866304441113527, 19.150328108799158 ], [ -99.866580523043638, 19.150390064314024 ], [ -99.866856369186451, 19.150406836826278 ], [ -99.86697037877741, 19.150388225490531 ], [ -99.867083869261535, 19.150270212635576 ], [ -99.867082452992463, 19.149999117517837 ], [ -99.866823218060176, 19.149521394326712 ], [ -99.866736224632518, 19.149250702792074 ], [ -99.866695595047929, 19.148753874742795 ], [ -99.866789595656996, 19.14854558696311 ], [ -99.867044911036601, 19.148273280772173 ], [ -99.86734047894106, 19.148425510343657 ], [ -99.867559506538896, 19.148487733748937 ], [ -99.867854224870655, 19.148477305463871 ], [ -99.868034556841735, 19.148413196754973 ], [ -99.868204907612892, 19.148258767807306 ], [ -99.868327431384728, 19.148050344492049 ], [ -99.868837063705712, 19.145499580801129 ], [ -99.868862514794841, 19.144912073382386 ], [ -99.868867908882692, 19.144125852916943 ], [ -99.868838012587844, 19.143863929199767 ], [ -99.868760385991322, 19.143566084157442 ], [ -99.868305888265013, 19.142113318809947 ], [ -99.868151158532953, 19.141617029578015 ], [ -99.867593782970971, 19.140490069685882 ], [ -99.867305566388325, 19.139922115619129 ], [ -99.866999090511626, 19.139498834756353 ], [ -99.866511727914599, 19.139031222163453 ], [ -99.865872286972603, 19.138573361404895 ], [ -99.865500579875857, 19.138403413377489 ], [ -99.864891268253189, 19.138252655940391 ], [ -99.864634693828464, 19.138280973087433 ], [ -99.864640814628785, 19.13763029895631 ], [ -99.865984018072083, 19.136295577841508 ], [ -99.866249013289575, 19.136059374372621 ], [ -99.866524033947826, 19.135922527597643 ], [ -99.866771049630586, 19.135885216473525 ], [ -99.867113850857208, 19.135983004599893 ], [ -99.867666533550846, 19.136215352563909 ], [ -99.867980765415211, 19.136304236784611 ], [ -99.868142115908427, 19.136249254814118 ], [ -99.868255548855643, 19.136122204827984 ], [ -99.868330525391741, 19.135914005998757 ], [ -99.86836595856397, 19.135416818372221 ], [ -99.868287911966888, 19.135037644042939 ], [ -99.867902548321013, 19.134072532658536 ], [ -99.86750886146126, 19.133333377884014 ], [ -99.867479536239102, 19.133179891808084 ], [ -99.867603089152567, 19.13317027222439 ], [ -99.868108507754073, 19.133457062431603 ], [ -99.868786910057452, 19.134095467093516 ], [ -99.868987092473162, 19.134193925478428 ], [ -99.869177531370781, 19.134247245769359 ], [ -99.869386020672607, 19.134233607700196 ], [ -99.869624253361906, 19.134218023712947 ], [ -99.869804474746843, 19.134135840819226 ], [ -99.869974620456446, 19.133945264710007 ], [ -99.870030720357363, 19.133764264415618 ], [ -99.870038997576899, 19.133529270276426 ], [ -99.869951393463793, 19.133141105295408 ], [ -99.869760009826734, 19.132907055566307 ], [ -99.869444743182669, 19.132619370740485 ], [ -99.868767620367862, 19.132224954206549 ], [ -99.868838058045185, 19.131149249841485 ], [ -99.86887519062725, 19.130977376472799 ], [ -99.868882855147547, 19.130624907568063 ], [ -99.868842556863001, 19.13019133450598 ], [ -99.868773641770986, 19.129739823371892 ], [ -99.868725348451221, 19.129595463434555 ], [ -99.868600948355834, 19.129442426605692 ], [ -99.86847711467442, 19.129397827575076 ], [ -99.868049373001043, 19.129417920046762 ], [ -99.867925634142239, 19.129391393713092 ], [ -99.867734540999493, 19.129211560553188 ], [ -99.867256243637598, 19.128653538377364 ], [ -99.867301799874554, 19.12827378051611 ], [ -99.867424028292305, 19.128011138697559 ], [ -99.867403173960611, 19.12765880398274 ], [ -99.867115123582607, 19.127117957457472 ], [ -99.866723955906593, 19.126857735261353 ], [ -99.866104236663887, 19.126526294426924 ], [ -99.865923315216833, 19.126472925768837 ], [ -99.865463387648617, 19.125788297143572 ], [ -99.866136190887346, 19.125360403747436 ], [ -99.866106397695262, 19.125116551982217 ], [ -99.865981861923046, 19.124936403318713 ], [ -99.864426873331581, 19.123922563200381 ], [ -99.863502894140368, 19.123583505482998 ], [ -99.862560841708103, 19.123425262742501 ], [ -99.862227200714869, 19.123255128273854 ], [ -99.862169782981027, 19.123183103188239 ], [ -99.862121357092235, 19.123011631863278 ], [ -99.862254269152174, 19.1229748620176 ], [ -99.862720071041849, 19.122963641646663 ], [ -99.862985895176905, 19.122890101242888 ], [ -99.863099464449817, 19.122790164021694 ], [ -99.863136929889265, 19.122681547184584 ], [ -99.863125545843502, 19.122320130593152 ], [ -99.863181509252684, 19.122112022721808 ], [ -99.86362716784447, 19.121884012270755 ], [ -99.863788646749583, 19.121856144324909 ], [ -99.863940994512177, 19.121900612600712 ], [ -99.864266066772302, 19.122251519412941 ], [ -99.864580082341945, 19.122304264807156 ], [ -99.864817241972901, 19.122203745788966 ], [ -99.864921208437579, 19.122085779537997 ], [ -99.865109421849354, 19.121714387726797 ], [ -99.865831109658586, 19.121548331771692 ], [ -99.866069020866064, 19.121592395957578 ], [ -99.866420592703662, 19.121554593837573 ], [ -99.866686082802005, 19.121417792146531 ], [ -99.86679950725653, 19.121290743465977 ], [ -99.866865208343256, 19.121127772304988 ], [ -99.866882573059229, 19.120811404429446 ], [ -99.86691034024733, 19.120666685361414 ], [ -99.866985830541864, 19.120557889009376 ], [ -99.867763845499042, 19.120256008931506 ], [ -99.868200787724049, 19.120181653795044 ], [ -99.868409657226096, 19.120126447664177 ], [ -99.868551222918313, 19.119926971192001 ], [ -99.868690852182908, 19.11935699683545 ], [ -99.868775611607987, 19.119202972174151 ], [ -99.868964757567312, 19.119012307237654 ], [ -99.869220687405175, 19.118866510660382 ], [ -99.869705065277572, 19.118773854509698 ], [ -99.870968956923207, 19.118668472991999 ], [ -99.871263053874884, 19.11854960321341 ], [ -99.871461987017938, 19.118413110164227 ], [ -99.871736169328642, 19.118122635757175 ], [ -99.87189645830739, 19.117868847574357 ], [ -99.872516984610058, 19.116546542228093 ], [ -99.873117776372339, 19.115088777511517 ], [ -99.873606710335025, 19.114056268840045 ], [ -99.873785388817055, 19.113684914114742 ], [ -99.873821848297382, 19.113386528392027 ], [ -99.873773460961274, 19.113224096806732 ], [ -99.873562134017504, 19.112809409414183 ], [ -99.873732634157307, 19.112691122640229 ], [ -99.87454990845265, 19.112633020979843 ], [ -99.875025185746097, 19.112621725627264 ], [ -99.875290606724548, 19.112475875885764 ], [ -99.875413572716752, 19.112357813478809 ], [ -99.875668297117102, 19.111986095654458 ], [ -99.875893121450531, 19.111352453917675 ], [ -99.875919594230083, 19.110963748188055 ], [ -99.875832752143481, 19.11072016949197 ], [ -99.875314937548751, 19.109873178169551 ], [ -99.875266645016268, 19.10972881986504 ], [ -99.8758747171251, 19.109662670787543 ], [ -99.875998108958925, 19.109625936728889 ], [ -99.87613048363778, 19.109489755526965 ], [ -99.876422513448063, 19.108982307956751 ], [ -99.876622097788243, 19.108972320989778 ], [ -99.876917173781237, 19.109043209620211 ], [ -99.877222327931804, 19.10922249069057 ], [ -99.87775577721743, 19.109427793376369 ], [ -99.878345836172286, 19.109551493398669 ], [ -99.87983952182276, 19.109770279231498 ], [ -99.880143819810144, 19.10978689821269 ], [ -99.880204067823854, 19.109757901974035 ], [ -99.880371397606325, 19.109677369134829 ], [ -99.880598209609616, 19.109423255834258 ], [ -99.880729767030346, 19.109133451226398 ], [ -99.880690115373454, 19.108826391760203 ], [ -99.880450689306031, 19.108493177732441 ], [ -99.880411468774469, 19.108267446844934 ], [ -99.880467740907022, 19.108122590022617 ], [ -99.8810253063549, 19.107496388040943 ], [ -99.881261955960042, 19.107305484041319 ], [ -99.882296595557591, 19.107011353478924 ], [ -99.882638529662188, 19.106955494177726 ], [ -99.883085606593227, 19.107007570882843 ], [ -99.883161050729939, 19.10698859093776 ], [ -99.88334193693106, 19.106943084142586 ], [ -99.883531196065121, 19.106779515012079 ], [ -99.883681518807975, 19.10644443444221 ], [ -99.883727225628888, 19.106100819100902 ], [ -99.883615460049555, 19.104745845820673 ], [ -99.883650077050163, 19.104104071605207 ], [ -99.883716283197032, 19.104040496606217 ], [ -99.883867994799175, 19.103967474752437 ], [ -99.884228982134744, 19.103920557997128 ], [ -99.884438449636491, 19.103982809300078 ], [ -99.884790459314615, 19.104035338463518 ], [ -99.885189373883918, 19.103970164424027 ], [ -99.88536931446572, 19.1038427849615 ], [ -99.885491833941956, 19.103643387883608 ], [ -99.88550071493728, 19.103525867480414 ], [ -99.885442958047975, 19.103390594401844 ], [ -99.885299695909225, 19.103264768807776 ], [ -99.883338114723529, 19.102641617266045 ], [ -99.883147037664287, 19.102461798848481 ], [ -99.883022597762533, 19.102299734322912 ], [ -99.882667668784677, 19.101695974476741 ], [ -99.882609291944789, 19.101443225553794 ], [ -99.882627105412212, 19.101217221628531 ], [ -99.882712226442322, 19.101135483234884 ], [ -99.882826248518654, 19.101125899854935 ], [ -99.88343500480255, 19.101195274630868 ], [ -99.883748408627639, 19.101139550696246 ], [ -99.885332900051651, 19.100571663061032 ], [ -99.885522150181544, 19.100408091920599 ], [ -99.885635113541696, 19.100199703911699 ], [ -99.885671165106203, 19.099829024601149 ], [ -99.885507933154145, 19.099522560332616 ], [ -99.884665377834494, 19.098387980407495 ], [ -99.884340793164711, 19.098127473654984 ], [ -99.883969497305316, 19.098020815222128 ], [ -99.883427100374831, 19.097914976564084 ], [ -99.882799967754408, 19.097963167103103 ], [ -99.882515613070893, 19.098118154172539 ], [ -99.882392949678831, 19.098290440151061 ], [ -99.882176714085119, 19.098743312962711 ], [ -99.881997159491618, 19.098942981086338 ], [ -99.881826248258278, 19.098979946409372 ], [ -99.881683375597447, 19.098926409796888 ], [ -99.881434887567934, 19.098674570392632 ], [ -99.881146894755148, 19.098142780415969 ], [ -99.881019686353284, 19.097456596456709 ], [ -99.880404349745504, 19.096140173483775 ], [ -99.880317939675876, 19.095977925088619 ], [ -99.879774404995771, 19.09565519874144 ], [ -99.879297124807238, 19.095277933784757 ], [ -99.879057912833275, 19.094980862870557 ], [ -99.878452535626707, 19.093745715376429 ], [ -99.878163131697534, 19.092942823772376 ], [ -99.877759618946754, 19.092131438865238 ], [ -99.87700489115025, 19.091412092238841 ], [ -99.876870865650915, 19.091231994935754 ], [ -99.877127317693294, 19.091194627265736 ], [ -99.877336624030136, 19.091229777730859 ], [ -99.87858429311791, 19.091693743719645 ], [ -99.879002860070955, 19.091755004715594 ], [ -99.87922119557021, 19.091699742364995 ], [ -99.879732667132316, 19.091353904420203 ], [ -99.879987542455467, 19.091018327355073 ], [ -99.880588806664093, 19.089678015246307 ], [ -99.880635615823849, 19.089542240404057 ], [ -99.88097067935081, 19.088194162483489 ], [ -99.881035637734499, 19.087895638929695 ], [ -99.881052879103777, 19.087561196473757 ], [ -99.881022308645697, 19.087172762279408 ], [ -99.880552215143268, 19.086352664310539 ], [ -99.880256032425166, 19.086064902961027 ], [ -99.879865469602635, 19.085904106358498 ], [ -99.879750932799766, 19.085814285658785 ], [ -99.879807008124715, 19.085633282788365 ], [ -99.879958371050179, 19.085497008664959 ], [ -99.880128934593642, 19.085396789973117 ], [ -99.880632600578451, 19.085376310394736 ], [ -99.881098867617823, 19.085473486097953 ], [ -99.881925222508244, 19.08536109246262 ], [ -99.88220955653361, 19.085206106688133 ], [ -99.881725988660151, 19.083636025394185 ], [ -99.880970472255171, 19.082763072612295 ], [ -99.880655524754616, 19.082520585181271 ], [ -99.88025536991654, 19.082341761447367 ], [ -99.880036712824392, 19.082333768819296 ], [ -99.879295818569005, 19.08242767211226 ], [ -99.878839780706812, 19.0824659941037 ], [ -99.878135332596628, 19.082261506103634 ], [ -99.877812123342096, 19.082254008890118 ], [ -99.877650685196727, 19.082281887886836 ], [ -99.877271636831154, 19.082500574654034 ], [ -99.877024560310133, 19.082510787308763 ], [ -99.876746258882918, 19.082006052276654 ], [ -99.876682003369353, 19.080632768862927 ], [ -99.876804993487553, 19.080523742884793 ], [ -99.876909496890107, 19.080514208960039 ], [ -99.877156856043257, 19.080558215742087 ], [ -99.878071351045207, 19.08094244303652 ], [ -99.878307312729419, 19.080963019208411 ], [ -99.878366139156981, 19.080968148902912 ], [ -99.878698612336393, 19.080930417150455 ], [ -99.879382185938482, 19.080782569209646 ], [ -99.879846483128574, 19.080509250829436 ], [ -99.880263733223842, 19.080326523283816 ], [ -99.881127938531506, 19.080186843199613 ], [ -99.881744782797853, 19.080003158591467 ], [ -99.882123580243899, 19.079739280190722 ], [ -99.882387986606204, 19.079412691478524 ], [ -99.882660316708211, 19.078787851241032 ], [ -99.882611071025167, 19.078462763726066 ], [ -99.881956633267919, 19.076929646046722 ], [ -99.881399497406733, 19.075820788424437 ], [ -99.881121959492305, 19.075460644364284 ], [ -99.880024138957936, 19.074553173894856 ], [ -99.879231992272707, 19.073933415568774 ], [ -99.878755634770187, 19.073718803919064 ], [ -99.876708699846915, 19.07305982622654 ], [ -99.876119152251761, 19.073008407551356 ], [ -99.875795865693931, 19.072982833001277 ], [ -99.87519638730214, 19.07285012732973 ], [ -99.874996371813495, 19.072769745688845 ], [ -99.874891208868405, 19.072652766440171 ], [ -99.874966768040565, 19.07256204024219 ], [ -99.875080581667987, 19.072516316203064 ], [ -99.876181359685802, 19.072185765160214 ], [ -99.877140473968097, 19.07202758039216 ], [ -99.877225488579256, 19.071927771297453 ], [ -99.877205053673663, 19.07165676520043 ], [ -99.877232710376632, 19.071493971835707 ], [ -99.877365292706202, 19.07140297319097 ], [ -99.877460286472115, 19.071393484355326 ], [ -99.878333524484503, 19.071172444659624 ], [ -99.878608382128164, 19.071026546903681 ], [ -99.878825500068103, 19.070745372637589 ], [ -99.879002647554898, 19.070093880484023 ], [ -99.879123389167773, 19.069560135208349 ], [ -99.879112360382408, 19.06927101091884 ], [ -99.878724294337871, 19.067772755189765 ], [ -99.878693496647259, 19.067339136751343 ], [ -99.878897724875969, 19.066416412035153 ], [ -99.878952128044546, 19.065919130050872 ], [ -99.879022443033193, 19.064834381264404 ], [ -99.879011843851799, 19.064626586006966 ], [ -99.878963420156481, 19.064455117954253 ], [ -99.878313549274935, 19.063771418052738 ], [ -99.878093917500848, 19.063573653996059 ], [ -99.87781750182188, 19.063421344429855 ], [ -99.877361610180628, 19.063477733959189 ], [ -99.877200475326561, 19.063559831116891 ], [ -99.877030834078823, 19.063831741175591 ], [ -99.876917360059394, 19.063940722235316 ], [ -99.876547617447159, 19.064114178285024 ], [ -99.876063402024215, 19.064206846527213 ], [ -99.875683300119022, 19.06421768802096 ], [ -99.875283289797267, 19.064056924359193 ], [ -99.875159124858783, 19.063940035136056 ], [ -99.875110942636468, 19.063813748504231 ], [ -99.875196286195433, 19.063777196724004 ], [ -99.87525042321812, 19.063785235946966 ], [ -99.875491138331427, 19.063820981383458 ], [ -99.875709249181682, 19.063729578361745 ], [ -99.875794450454919, 19.063665916356854 ], [ -99.875935724736166, 19.063421252365174 ], [ -99.875991465196307, 19.063176994318155 ], [ -99.875861037101231, 19.061867279337946 ], [ -99.875841318107405, 19.061731821241665 ], [ -99.875726420846831, 19.061569704385192 ], [ -99.875574031730025, 19.061507169939318 ], [ -99.875213085241853, 19.061545029825936 ], [ -99.875098900188618, 19.061518461074456 ], [ -99.874659839903245, 19.06115907167657 ], [ -99.873811845386797, 19.060747397219018 ], [ -99.873126407835628, 19.060524722293053 ], [ -99.872755297469894, 19.060436110396552 ], [ -99.872527118212361, 19.060419116059961 ], [ -99.871910097559748, 19.06055758486491 ], [ -99.871549907637416, 19.060740022495622 ], [ -99.871133450417176, 19.061067314116087 ], [ -99.870015281522342, 19.061696129735765 ], [ -99.869512862240072, 19.061942491976595 ], [ -99.869341938484752, 19.061970408072511 ], [ -99.868719873390148, 19.061141952308617 ], [ -99.869213258615957, 19.060986003010328 ], [ -99.869620734440787, 19.060758162441175 ], [ -99.870813700086217, 19.059894039814708 ], [ -99.872413506032785, 19.058684587885523 ], [ -99.872555206848403, 19.05852125557908 ], [ -99.872695489049988, 19.058086825916178 ], [ -99.872790333963337, 19.05805023021054 ], [ -99.873522142089428, 19.058055803966226 ], [ -99.873712636049959, 19.058136233237974 ], [ -99.874256176019003, 19.058486093759143 ], [ -99.874370216695695, 19.058485553390881 ], [ -99.874359482139653, 19.058250647673617 ], [ -99.874251819559277, 19.057654729072397 ], [ -99.874241179710339, 19.057437896340673 ], [ -99.874354651493263, 19.057328917337088 ], [ -99.874440371280514, 19.057364658382085 ], [ -99.875184760625075, 19.057957557647228 ], [ -99.875442063138621, 19.058091889024865 ], [ -99.875851467698794, 19.058234534886765 ], [ -99.876250467686702, 19.058205529967211 ], [ -99.876773628958347, 19.058293412856642 ], [ -99.877240388185612, 19.058499040528488 ], [ -99.877546160523536, 19.058813874143652 ], [ -99.877737037204838, 19.058966591726232 ], [ -99.878518840376046, 19.059441820564246 ], [ -99.878775719350472, 19.059494818007977 ], [ -99.878876901120123, 19.05949834416316 ], [ -99.879003849864262, 19.05950276821136 ], [ -99.879269565548725, 19.059429207751407 ], [ -99.879676308171156, 19.059065797829874 ], [ -99.879694743157245, 19.058957268418624 ], [ -99.879626456369635, 19.058623233109188 ], [ -99.879310271999941, 19.058136753528117 ], [ -99.879147667158065, 19.057938719128742 ], [ -99.877257922312367, 19.056411458546904 ], [ -99.876362525287504, 19.05601809419619 ], [ -99.876276616246912, 19.055946207635316 ], [ -99.876285597499532, 19.055846760298209 ], [ -99.876701889125002, 19.055492348136909 ], [ -99.876720373049238, 19.055392855609966 ], [ -99.876526036501332, 19.054580467308654 ], [ -99.876458849803271, 19.054454271381871 ], [ -99.876330910174318, 19.054368843984946 ], [ -99.876790855198237, 19.054032169278003 ], [ -99.877239327405789, 19.053751272095326 ], [ -99.878037799510253, 19.053315740983351 ], [ -99.8788300083325, 19.052672734395685 ], [ -99.879090331299324, 19.052245063238843 ], [ -99.879398831449123, 19.051700650044495 ], [ -99.87968918504032, 19.051138091384587 ], [ -99.880033979119048, 19.050829589984858 ], [ -99.880433215187963, 19.050611825145666 ], [ -99.88175795320717, 19.050629972126615 ], [ -99.883481927330081, 19.050521089005429 ], [ -99.884770370295882, 19.050375913126288 ], [ -99.886058813064096, 19.050248883039046 ], [ -99.887056903385599, 19.05003111788983 ], [ -99.887964258117961, 19.049867794131444 ], [ -99.888381641372121, 19.049740765164358 ], [ -99.888708289244164, 19.049468558111869 ], [ -99.888853465290538, 19.049087468897653 ], [ -99.889016789190293, 19.048651939036404 ], [ -99.889071230457432, 19.048125673078516 ], [ -99.889143819229389, 19.047599407999883 ], [ -99.889125672549596, 19.047218319337389 ], [ -99.888853465556224, 19.046855377092925 ], [ -99.888257911027779, 19.046647085864777 ], [ -99.887663052355322, 19.046492863186415 ], [ -99.886803811159041, 19.046426768108574 ], [ -99.886076761284983, 19.04633864004586 ], [ -99.885195488238537, 19.046316609087455 ], [ -99.884402343259239, 19.046316608894529 ], [ -99.883785452173981, 19.046162386239985 ], [ -99.883499039414971, 19.046096290318701 ], [ -99.88286011652059, 19.045765813253638 ], [ -99.882551671273802, 19.045391272243648 ], [ -99.88241948037404, 19.04484047694524 ], [ -99.882463544217387, 19.044157491081307 ], [ -99.882353385262718, 19.043342313981043 ], [ -99.882177130267962, 19.042571200059342 ], [ -99.882066971310678, 19.041954309122787 ], [ -99.881890716114412, 19.041293355101175 ], [ -99.881824621457099, 19.040522241040549 ], [ -99.881758526195313, 19.039883319208855 ], [ -99.881692430422277, 19.03931049233438 ], [ -99.881361953055546, 19.038803759988525 ], [ -99.880965380233874, 19.038693601077739 ], [ -99.880524303174525, 19.038585257051864 ], [ -99.880088421246853, 19.038308097177435 ], [ -99.879743626104528, 19.037963303169875 ], [ -99.878981448165462, 19.037691095930029 ], [ -99.878400741205951, 19.037545920034006 ], [ -99.877874476356283, 19.037400743175908 ], [ -99.877203033132616, 19.037201125037882 ], [ -99.876586032121509, 19.037110389277302 ], [ -99.876185313035421, 19.03708770710648 ], [ -99.875797666179324, 19.037065765241493 ], [ -99.875335485153869, 19.037041511181712 ], [ -99.875080912288411, 19.036963526142131 ], [ -99.874922034240342, 19.036815852349491 ], [ -99.874818555268121, 19.03663711614837 ], [ -99.874715076184259, 19.03639252929446 ], [ -99.87465863333307, 19.036194978121387 ], [ -99.874649225172732, 19.036044462941504 ], [ -99.87467744737819, 19.035903354968525 ], [ -99.874686854237495, 19.035781062301908 ], [ -99.874705668207241, 19.035705803922951 ], [ -99.874743297288092, 19.035630547019309 ], [ -99.874837369280499, 19.035461217119746 ], [ -99.875016106315911, 19.03527307417545 ], [ -99.875345357452659, 19.035009672322076 ], [ -99.875589944406215, 19.034859157076994 ], [ -99.875966231110283, 19.034699235015808 ], [ -99.876295483169145, 19.034539313172957 ], [ -99.876464812112658, 19.034266504906839 ], [ -99.876596513330298, 19.033927846346103 ], [ -99.876694915071369, 19.033698736131726 ], [ -99.876858238242107, 19.03339023602291 ], [ -99.876930827254796, 19.033118028968147 ], [ -99.877021562209507, 19.032736941175529 ], [ -99.877076004232151, 19.032047351121491 ], [ -99.876948974332493, 19.031285173074025 ], [ -99.876948974232903, 19.030232642287615 ], [ -99.877003415157731, 19.029506758377806 ], [ -99.877148592031006, 19.028853463137523 ], [ -99.877438945272502, 19.028254609298813 ], [ -99.878364447414413, 19.0273472551861 ], [ -99.878999595221728, 19.026657665087441 ], [ -99.879639889308635, 19.026209900165782 ], [ -99.880342480300953, 19.0257503112108 ], [ -99.880886893165723, 19.02542366333779 ], [ -99.8815220414142, 19.025187751285216 ], [ -99.882229777330735, 19.024933692093214 ], [ -99.883282309371282, 19.024806662179742 ], [ -99.883645250362235, 19.024752221280835 ], [ -99.884247837075634, 19.024586510087772 ], [ -99.884965536385323, 19.024543013085349 ], [ -99.885661486278423, 19.024412523153615 ], [ -99.885939422360764, 19.024328614066462 ], [ -99.886234795147402, 19.024218904055942 ], [ -99.886580804288485, 19.024050119049889 ], [ -99.886825542354757, 19.023881334054636 ], [ -99.887044963294102, 19.023619718226996 ], [ -99.88728126106497, 19.023400297013325 ], [ -99.887492243430245, 19.023172438294637 ], [ -99.887779177126333, 19.022775793117489 ], [ -99.887964840307973, 19.022590130108597 ], [ -99.888150504365683, 19.022438223009601 ], [ -99.88851053310043, 19.022259426002734 ], [ -99.889032495301706, 19.022107187238021 ], [ -99.889663200499058, 19.021824457053128 ], [ -99.890035599390217, 19.021498632264638 ], [ -99.89037782121693, 19.021159097298266 ], [ -99.890885940251508, 19.020832449181228 ], [ -99.891403076394397, 19.020628292977108 ], [ -99.891881542163105, 19.020476054137589 ], [ -99.892200652255383, 19.020299749947867 ], [ -99.892794977339804, 19.020062833096574 ], [ -99.892999008223569, 19.020007020145329 ], [ -99.893238514235577, 19.019953796037896 ], [ -99.893478021165606, 19.019953796117647 ], [ -99.893795405180299, 19.019932343291487 ], [ -99.894578349170843, 19.019997588193576 ], [ -99.895535281421587, 19.020106330210751 ], [ -99.896078992420144, 19.020302066266709 ], [ -99.896840188406543, 19.020671789943265 ], [ -99.897682693230081, 19.020985005205716 ], [ -99.899009242232182, 19.021036101162338 ], [ -99.900518085354122, 19.02070344321811 ], [ -99.901537461275893, 19.020063586924664 ], [ -99.90230018349348, 19.019301525198614 ], [ -99.902652088091259, 19.018676696179512 ], [ -99.90298906138338, 19.018226686073888 ], [ -99.903147924196901, 19.018038149963218 ], [ -99.903510701192602, 19.017865399024686 ], [ -99.903985766450603, 19.017899949163109 ], [ -99.904262738430418, 19.018015932218816 ], [ -99.904417643285399, 19.018176350174883 ], [ -99.904555844332663, 19.018565040291776 ], [ -99.904676769359412, 19.019161030035377 ], [ -99.904935896244297, 19.02018889817225 ], [ -99.905264122123128, 19.021078565162838 ], [ -99.905531886338281, 19.02147589196295 ], [ -99.905851475219947, 19.021752293209374 ], [ -99.906257440232991, 19.021916406092259 ], [ -99.906811186428286, 19.021968199027924 ], [ -99.907501229226114, 19.021801636270197 ], [ -99.908381630440488, 19.021920609090216 ], [ -99.909359678314956, 19.022266068887348 ], [ -99.910847739347446, 19.023173424200536 ], [ -99.912208771230553, 19.024062631120557 ], [ -99.912883024245389, 19.024377011094316 ], [ -99.913151931282698, 19.024507623047043 ], [ -99.913436203295419, 19.024569087078078 ], [ -99.913643645243098, 19.024592136268382 ], [ -99.91390486938036, 19.024569087012367 ], [ -99.914235239296261, 19.024453842136154 ], [ -99.914627074394673, 19.024315547086076 ], [ -99.914965128457879, 19.024207984015618 ], [ -99.915166747326225, 19.024153367150063 ], [ -99.915584130233299, 19.024098925183068 ], [ -99.915983366341663, 19.024080778101336 ], [ -99.916600367248236, 19.023990043257527 ], [ -99.917453280325446, 19.023881160264409 ], [ -99.91808842932096, 19.02359080731992 ], [ -99.91848766524754, 19.023282306050589 ], [ -99.919304284301745, 19.022520128226404 ], [ -99.92026402127965, 19.022344000183239 ], [ -99.920743152243688, 19.022289554070198 ], [ -99.921298509211852, 19.022256886103946 ], [ -99.921723193440812, 19.022213328096768 ], [ -99.922093431202995, 19.022245996200013 ], [ -99.922343886146564, 19.022224217054259 ], [ -99.922659677445893, 19.022191549049921 ], [ -99.923008136159524, 19.022093545225175 ], [ -99.923389263295746, 19.021853980271487 ], [ -99.92398817713854, 19.021625303319126 ], [ -99.924336637204931, 19.02150552092337 ], [ -99.924674206225234, 19.021461963143395 ], [ -99.925382014010495, 19.021527299208856 ], [ -99.926133379205453, 19.021668861293222 ], [ -99.92673229316415, 19.021734197049739 ], [ -99.927102531139099, 19.021712417984077 ], [ -99.927397886373683, 19.021576480087958 ], [ -99.927712334471266, 19.02109172519522 ], [ -99.927924152385003, 19.020560242925797 ], [ -99.928196358172158, 19.019906947268225 ], [ -99.928572093911896, 19.019444504278908 ], [ -99.928668182472506, 19.019326241079341 ], [ -99.929212595015997, 19.019217358031653 ], [ -99.929648125272877, 19.019126623109514 ], [ -99.929938479282612, 19.019090328324921 ], [ -99.93099101029037, 19.019235505085476 ], [ -99.932225012074355, 19.019471416968202 ], [ -99.932860160273606, 19.019562152990659 ], [ -99.933641198260261, 19.019727401159912 ], [ -99.933970121216589, 19.019742352322226 ], [ -99.934747458373749, 19.019580299932386 ], [ -99.935037811398104, 19.019326241151816 ], [ -99.935219282507376, 19.018981446208954 ], [ -99.935450276331153, 19.018097737120115 ], [ -99.935600371447947, 19.017275619087798 ], [ -99.935691107425953, 19.016658618077543 ], [ -99.935928709476343, 19.015855078961579 ], [ -99.93607219532845, 19.015224998162864 ], [ -99.936129600997731, 19.015002551775126 ], [ -99.93621737216256, 19.014662438073117 ], [ -99.936525873292169, 19.013990995997688 ], [ -99.937033991398437, 19.013537318966428 ], [ -99.937705434124325, 19.012974759014412 ], [ -99.938286140290472, 19.012430346080464 ], [ -99.938993877064092, 19.012085551275334 ], [ -99.9397379081542, 19.011867786247819 ], [ -99.940336762470963, 19.011758904062219 ], [ -99.94104449828103, 19.011395961934511 ], [ -99.941770382253424, 19.010960432074512 ], [ -99.942641442237061, 19.010379725129553 ], [ -99.943385473417152, 19.009817165006609 ], [ -99.943657679170599, 19.00969013493858 ], [ -99.944020621012214, 19.009454223223884 ], [ -99.944456151339693, 19.009254604999853 ], [ -99.944855387425093, 19.009163870085899 ], [ -99.945272770258725, 19.009091281161659 ], [ -99.94550868336438, 19.008982399057459 ], [ -99.945889771398697, 19.008873516154779 ], [ -99.946161978021735, 19.008873516292056 ], [ -99.946978597286716, 19.008819075074882 ], [ -99.947740775448267, 19.008746487282565 ], [ -99.948212084445004, 19.008484647960927 ], [ -99.948230746165791, 19.00847428024997 ], [ -99.948466658252357, 19.008147633096939 ], [ -99.948920336217611, 19.007439896246638 ], [ -99.949428454174551, 19.006641424003135 ], [ -99.949736955264655, 19.006115159205535 ], [ -99.949882131374352, 19.005770364100897 ], [ -99.949830027456471, 19.005392609887735 ], [ -99.949809543208914, 19.00524409824618 ], [ -99.949827690358575, 19.004445625968856 ], [ -99.950081749503681, 19.003937508193303 ], [ -99.950353956535253, 19.003465683186676 ], [ -99.95082578033032, 19.002957565172494 ], [ -99.951613427996676, 19.002498104384358 ], [ -99.951696841168712, 19.002449446331127 ], [ -99.951996273650877, 19.002075100664115 ], [ -99.952113775291934, 19.001928201328781 ], [ -99.952415665285571, 19.00121121326589 ], [ -99.952533514297784, 19.000739459107649 ], [ -99.952676579207662, 19.000433820178898 ], [ -99.952832651127665, 19.000355784104954 ], [ -99.953008231192598, 19.000329772000669 ], [ -99.953339883321689, 19.000284251184723 ], [ -99.954237294280858, 19.000167196905238 ], [ -99.954874586549693, 19.000121676951551 ], [ -99.955241168763223, 19.000090143130819 ], [ -99.955479362478684, 19.000069652950629 ], [ -99.95601911028956, 19.000030635135147 ], [ -99.956505443474043, 18.99998019989448 ], [ -99.95714879123841, 18.999908716204743 ], [ -99.957811201313461, 18.999861061185413 ], [ -99.958030175114345, 18.99983626521481 ], [ -99.958284234084033, 18.999818118089422 ], [ -99.958402128311491, 18.99980863994881 ], [ -99.958516356323173, 18.999726920973444 ], [ -99.958629565181525, 18.999324401059482 ], [ -99.958647301859628, 18.998934187878262 ], [ -99.961277877173302, 19.000953520805467 ], [ -99.964990359528599, 19.005214784600241 ], [ -99.966476911261054, 19.010312971332553 ], [ -99.969813969307552, 19.013578234787758 ], [ -99.971225849671328, 19.014959674112447 ], [ -99.97447339260259, 19.01549876737954 ], [ -99.976730673792986, 19.018447152522526 ], [ -99.977156097684315, 19.019002810123141 ], [ -99.978586056631684, 19.019124761564285 ], [ -99.984049372350796, 19.019590563771033 ], [ -99.99919565869402, 19.025737525410818 ], [ -100.015014198569418, 19.030529387144895 ], [ -100.01610548569937, 19.030277766248503 ], [ -100.019587779892504, 19.029474786179605 ], [ -100.023226921174626, 19.030408725581481 ], [ -100.027593101056368, 19.031529118870594 ], [ -100.032303746644004, 19.032737743886457 ], [ -100.044005227199989, 19.034128577828369 ], [ -100.053067259073771, 19.037961653629452 ], [ -100.057589647167561, 19.040497183912294 ], [ -100.065608926524192, 19.044439952536948 ], [ -100.067525454420149, 19.047065613692098 ], [ -100.067976188691375, 19.052025869248098 ], [ -100.071489601283361, 19.061484431440931 ], [ -100.076881156724312, 19.06712716241816 ], [ -100.078148057270823, 19.078910530538167 ], [ -100.085850551887688, 19.087059820900322 ], [ -100.089375079628212, 19.088867507641623 ], [ -100.094517813601556, 19.091504925813126 ], [ -100.096928992378878, 19.096118494857421 ], [ -100.096318539944775, 19.10160825015862 ], [ -100.096736078581159, 19.101669487119693 ], [ -100.098235139596397, 19.102145380105526 ], [ -100.099758586408541, 19.102692688437685 ], [ -100.100571732153412, 19.103292018340369 ], [ -100.101651957281717, 19.103292018103048 ], [ -100.102732181329259, 19.10287193098543 ], [ -100.103842413212135, 19.101881723901272 ], [ -100.10414012209543, 19.10141283107555 ], [ -100.104316872165214, 19.101134450123652 ], [ -100.104512078403275, 19.100695033030888 ], [ -100.104569663143707, 19.100368719322034 ], [ -100.104646443455295, 19.100023209388496 ], [ -100.104800003469279, 19.099562529005084 ], [ -100.105203098215895, 19.099332189122265 ], [ -100.10564458222791, 19.099197825147201 ], [ -100.105951702280947, 19.099159435350089 ], [ -100.10620123705587, 19.099255410261321 ], [ -100.1065275524669, 19.099312993889498 ], [ -100.106933056035302, 19.099211168227612 ], [ -100.107833244173662, 19.098701062014698 ], [ -100.108943475471392, 19.098010918020861 ], [ -100.109963687408481, 19.097680850266386 ], [ -100.110593818391408, 19.097680850301913 ], [ -100.111043912222328, 19.097830881044729 ], [ -100.111644037124165, 19.09810093699781 ], [ -100.112004112385705, 19.098160950014233 ], [ -100.112424200446412, 19.098190956297742 ], [ -100.112874293392338, 19.098100937252525 ], [ -100.113414406201571, 19.097950906216056 ], [ -100.114074543363301, 19.097980912239677 ], [ -100.114704674259542, 19.09822096208336 ], [ -100.115244787468271, 19.098611043316225 ], [ -100.115844912220211, 19.099031131184006 ], [ -100.117855330230782, 19.100291393002863 ], [ -100.119865749211328, 19.101671680944207 ], [ -100.122506299267002, 19.102961949149176 ], [ -100.123766560947104, 19.103262012388541 ], [ -100.125116843564172, 19.103201999253997 ], [ -100.126227074434951, 19.103171993050921 ], [ -100.12763736743716, 19.103201999373368 ], [ -100.129137680454107, 19.103201999000305 ], [ -100.131478167440264, 19.103322024269858 ], [ -100.132648411542505, 19.103322024112629 ], [ -100.133488586389717, 19.103322024186923 ], [ -100.134208736322307, 19.103412043118567 ], [ -100.134898879391585, 19.10359208025119 ], [ -100.135619029325142, 19.103712105276827 ], [ -100.13633917913603, 19.103712105052978 ], [ -100.137179354046623, 19.10371210504502 ], [ -100.137599442207716, 19.103682099333298 ], [ -100.13831959231311, 19.103472055132784 ], [ -100.139099754361609, 19.103262012103755 ], [ -100.140089960363696, 19.103141987210279 ], [ -100.140870123176001, 19.102991955884761 ], [ -100.141620279030576, 19.102841924182542 ], [ -100.142520466434462, 19.10251185618506 ], [ -100.143900754108415, 19.101941737416325 ], [ -100.144650910070482, 19.101521649101244 ], [ -100.145221029303798, 19.101311606153274 ], [ -100.146121216372876, 19.101011543141681 ], [ -100.14717143504356, 19.100441424076791 ], [ -100.14825166036735, 19.099691268251377 ], [ -100.148881791263079, 19.099121150073245 ], [ -100.149181854409335, 19.098491017908486 ], [ -100.149211860158118, 19.097890892893247 ], [ -100.149301879491361, 19.096600625244207 ], [ -100.149541929008421, 19.09579045620444 ], [ -100.14990200335086, 19.09543038086872 ], [ -100.150772185394885, 19.094920275287109 ], [ -100.151642366017995, 19.094650218863478 ], [ -100.152542552981174, 19.094650219209882 ], [ -100.153352722240697, 19.094860262323948 ], [ -100.154012859596492, 19.095190331224899 ], [ -100.154372934377932, 19.095460387036894 ], [ -100.155093084179782, 19.095550406139864 ], [ -100.156263328641671, 19.095970493363495 ], [ -100.156563391127349, 19.095970493034201 ], [ -100.157163516244964, 19.095910481396004 ], [ -100.158093709291961, 19.095760450110674 ], [ -100.15902390318297, 19.095730442971671 ], [ -100.160772962213798, 19.095686031284004 ], [ -100.161340694107253, 19.095622921869449 ], [ -100.161952569116977, 19.095250082838334 ], [ -100.162242512468083, 19.094919504074824 ], [ -100.162693422318739, 19.094414484930496 ], [ -100.162963968205304, 19.094107867093214 ], [ -100.163378804290062, 19.093765176235308 ], [ -100.16381167739803, 19.09336837512069 ], [ -100.164226514118525, 19.093025684250847 ], [ -100.164641350290594, 19.092719066294251 ], [ -100.16503815146234, 19.092448520057815 ], [ -100.165525132932544, 19.092232084303873 ], [ -100.165813715296963, 19.092033684292403 ], [ -100.166246588460012, 19.091817246935136 ], [ -100.166723356202908, 19.091705664041967 ], [ -100.167028176374401, 19.091663131381381 ], [ -100.16721560930273, 19.091679600205225 ], [ -100.167785727042656, 19.092039675074147 ], [ -100.168275811166495, 19.092754811969485 ], [ -100.168502654124779, 19.093463695895764 ], [ -100.168800385450254, 19.093584205936281 ], [ -100.169587246211449, 19.09344951829928 ], [ -100.170293069068862, 19.093416562095285 ], [ -100.17110891312069, 19.093243503830479 ], [ -100.171751699426125, 19.093194059030566 ], [ -100.17261698699582, 19.093144614378502 ], [ -100.173754223327705, 19.093045723835246 ], [ -100.174394902586471, 19.09304572518954 ], [ -100.174891459468654, 19.093045724367641 ], [ -100.176572591016509, 19.093021001292129 ], [ -100.177907608297062, 19.093045724110596 ], [ -100.178723451194628, 19.093021000968633 ], [ -100.180231524949306, 19.092996278909936 ], [ -100.181393484432874, 19.093515451932376 ], [ -100.181978683107559, 19.094020087048648 ], [ -100.182518795151282, 19.095070305965805 ], [ -100.183016351312631, 19.095626400611025 ], [ -100.183539008411799, 19.096210543123675 ], [ -100.184259158127702, 19.096810668310923 ], [ -100.184739258600473, 19.097050718227365 ], [ -100.185639445449453, 19.097170742988339 ], [ -100.186239570205942, 19.097500811914529 ], [ -100.186659657129383, 19.097650843128065 ], [ -100.187379807215507, 19.097770868448777 ], [ -100.18818997624561, 19.097770867905069 ], [ -100.188760095103589, 19.097740861984278 ], [ -100.1896066330753, 19.097717347803268 ], [ -100.189840319966777, 19.097710855873288 ], [ -100.190530463157359, 19.097770867977545 ], [ -100.191190601159747, 19.098100937316303 ], [ -100.191307698136825, 19.098613480966492 ], [ -100.191639087647616, 19.098988095907714 ], [ -100.191854974615012, 19.099232141101027 ], [ -100.192092920235382, 19.099517677266022 ], [ -100.192711580230423, 19.099993568972536 ], [ -100.193306446345105, 19.100469460872091 ], [ -100.193758543154445, 19.100612229084788 ], [ -100.194313344814816, 19.100528168632536 ], [ -100.19454376539295, 19.100493255964409 ], [ -100.194854551365722, 19.100375441160054 ], [ -100.195203528095817, 19.100375441270387 ], [ -100.195350465229126, 19.100393808211095 ], [ -100.195491281188481, 19.100399930056881 ], [ -100.195623223101848, 19.100459775231911 ], [ -100.195668830125612, 19.100559113180964 ], [ -100.195662708249756, 19.100626458813338 ], [ -100.195631844129139, 19.100706921305289 ], [ -100.195501754608472, 19.100894363034968 ], [ -100.195348455392832, 19.10114008173457 ], [ -100.195241444363091, 19.101311605920387 ], [ -100.195001394063297, 19.102001748990006 ], [ -100.195091413156433, 19.102691893286931 ], [ -100.195271451148642, 19.103051967974295 ], [ -100.195481494339447, 19.1034420490397 ], [ -100.195511501431554, 19.10386213705101 ], [ -100.19542148199389, 19.104192205365052 ], [ -100.195211438335491, 19.104432255084873 ], [ -100.194821357263152, 19.104972368246706 ], [ -100.194641319371215, 19.105572493440889 ], [ -100.194791351394542, 19.106232630247575 ], [ -100.19488136912895, 19.106742737312118 ], [ -100.195151426379027, 19.107702936144733 ], [ -100.19536146909843, 19.108213043271235 ], [ -100.195961594305629, 19.108813168088091 ], [ -100.196111626247159, 19.109023211044985 ], [ -100.196741757292386, 19.109593330150346 ], [ -100.196891788314588, 19.110043424227911 ], [ -100.196771763444872, 19.110613543207819 ], [ -100.196381682424487, 19.111063636091842 ], [ -100.195931588593794, 19.111423711016016 ], [ -100.195571513479877, 19.111813792105806 ], [ -100.194701332318402, 19.112143860865842 ], [ -100.193591101251059, 19.112683973955939 ], [ -100.192750926382814, 19.113344111091465 ], [ -100.191310626215056, 19.114124274386654 ], [ -100.190290413268883, 19.114604374106989 ], [ -100.18966028220666, 19.115174492156655 ], [ -100.189400984282202, 19.115449043136266 ], [ -100.189254607055886, 19.115725251270874 ], [ -100.189136660262307, 19.116088921092796 ], [ -100.189077686014059, 19.116305158317687 ], [ -100.189067857189627, 19.116580368273333 ], [ -100.189067857349414, 19.116875236375733 ], [ -100.189195633947975, 19.117219247926698 ], [ -100.189330214085487, 19.117394955057307 ], [ -100.190080370232295, 19.117905061253907 ], [ -100.190470451172814, 19.118235129966536 ], [ -100.190837064106688, 19.118624785301506 ], [ -100.19146065742234, 19.119255342247754 ], [ -100.192150801067783, 19.120035504170744 ], [ -100.192570887962745, 19.121235754313204 ], [ -100.192780932093171, 19.121925898010431 ], [ -100.193171013330357, 19.123366198427846 ], [ -100.193501082184753, 19.124356404069374 ], [ -100.193801145151838, 19.125526648016319 ], [ -100.193831151162669, 19.127086973071243 ], [ -100.193921169359328, 19.127897141158883 ], [ -100.193861157296965, 19.128647298343935 ], [ -100.193261032331975, 19.129577491268947 ], [ -100.192600895193948, 19.129997579305325 ], [ -100.191790726435784, 19.129907559980893 ], [ -100.190669241323633, 19.13012705516627 ], [ -100.189964953341757, 19.13023540731399 ], [ -100.188989784391879, 19.130289583091439 ], [ -100.187906264369303, 19.130397935191354 ], [ -100.187093624135116, 19.130885520090942 ], [ -100.186495738084318, 19.131040527130835 ], [ -100.185685048236962, 19.131318928200699 ], [ -100.185414168194825, 19.131860688013148 ], [ -100.185576696162968, 19.132348272343393 ], [ -100.185785555287453, 19.132390238105472 ], [ -100.186107635118333, 19.132595198860656 ], [ -100.186620036303907, 19.132931919162615 ], [ -100.187015317136684, 19.133444319911689 ], [ -100.187264198347179, 19.133751760949963 ], [ -100.187278838385964, 19.134147042141933 ], [ -100.187278838260113, 19.134425202096736 ], [ -100.187132437015464, 19.134776562973514 ], [ -100.187088517526263, 19.13515720391058 ], [ -100.18708851758231, 19.13552320394848 ], [ -100.1871763572791, 19.136064885146141 ], [ -100.187234918360559, 19.136445526067803 ], [ -100.187205638563682, 19.136884727353618 ], [ -100.187088517248526, 19.137192167934018 ], [ -100.186751797235445, 19.137733849002188 ], [ -100.186444356309892, 19.138378010015742 ], [ -100.186195476191699, 19.138846491231163 ], [ -100.186107635126064, 19.139461372243431 ], [ -100.186078355205723, 19.140076253293159 ], [ -100.185990515167987, 19.140735054128925 ], [ -100.185858755364848, 19.141071775161492 ], [ -100.18588803513893, 19.141364576239084 ], [ -100.186107635541305, 19.141540256333371 ], [ -100.186546836492539, 19.141540256192172 ], [ -100.187103157183856, 19.141613456180096 ], [ -100.187454518237985, 19.141657375889906 ], [ -100.187879078983087, 19.141789135947704 ], [ -100.188508600088824, 19.141833057359293 ], [ -100.189021001415085, 19.1418916170133 ], [ -100.189826202995789, 19.141906257187713 ], [ -100.190514284152982, 19.141906256969548 ], [ -100.191143805373315, 19.141789136076341 ], [ -100.191758686382627, 19.141906256950392 ], [ -100.192197887374448, 19.14193553731252 ], [ -100.192563888199061, 19.142140497063735 ], [ -100.193032369087973, 19.142360098038466 ], [ -100.193471570474003, 19.142550418197573 ], [ -100.193852210299951, 19.142623617881725 ], [ -100.194130371314543, 19.142608978199235 ], [ -100.194525652480024, 19.142521138121765 ], [ -100.194920932126252, 19.142418658130339 ], [ -100.195418693494958, 19.142345458056639 ], [ -100.195696854121195, 19.142404018272146 ], [ -100.195872534235718, 19.142594338159483 ], [ -100.195975014146711, 19.142916418959373 ], [ -100.195960374220874, 19.143267779085079 ], [ -100.196033574960779, 19.143619140030751 ], [ -100.196267815228282, 19.143882660252359 ], [ -100.196677736294475, 19.144029060990306 ], [ -100.197263337070069, 19.143999781005675 ], [ -100.197834298410385, 19.143853380047801 ], [ -100.198097818303779, 19.143868020036564 ], [ -100.198829820377057, 19.143824100271843 ], [ -100.199400781033376, 19.143897301243896 ], [ -100.199825342145175, 19.14402906136354 ], [ -100.20046950328674, 19.14426330095074 ], [ -100.201055104038232, 19.144365781074839 ], [ -100.201728545521235, 19.144263300971659 ], [ -100.202284867309004, 19.143985140945802 ], [ -100.202650867297621, 19.143589860025315 ], [ -100.202870468366655, 19.143194579213286 ], [ -100.202905916263717, 19.143149678675627 ], [ -100.203309668496104, 19.142638258179261 ], [ -100.203543909378141, 19.142286897121835 ], [ -100.203807429447579, 19.142023377406815 ], [ -100.204012390401658, 19.141672016099506 ], [ -100.204378391261741, 19.141335296095406 ], [ -100.204934712138254, 19.141101055368154 ], [ -100.205417833436115, 19.140910734910449 ], [ -100.206130199230131, 19.140766022957621 ], [ -100.206542486125954, 19.140570729424667 ], [ -100.206846277291334, 19.140397134075727 ], [ -100.207323662159752, 19.1401801411767 ], [ -100.207779348393956, 19.139963148000732 ], [ -100.20821333534866, 19.139702756125189 ], [ -100.208820916262425, 19.139355566017059 ], [ -100.20977568746514, 19.139073475058126 ], [ -100.210687059575548, 19.139160272030381 ], [ -100.21142483710787, 19.139529161227472 ], [ -100.211880523131185, 19.139746154161628 ], [ -100.212503606144878, 19.139973773264217 ], [ -100.213382008494591, 19.140046973043127 ], [ -100.213630888461978, 19.140032333089835 ], [ -100.214260409927419, 19.139915213085828 ], [ -100.21458249029132, 19.139915212943379 ], [ -100.215021691147172, 19.139768813196099 ], [ -100.215592652290979, 19.139827372993693 ], [ -100.215987933429801, 19.139827372944126 ], [ -100.216617454157358, 19.140120172822662 ], [ -100.217246975339833, 19.140325134155887 ], [ -100.217964337433557, 19.14050081423369 ], [ -100.218359617304088, 19.14061793405898 ], [ -100.218667058289384, 19.140632574144604 ], [ -100.219252659570884, 19.14057401425822 ], [ -100.219794340132353, 19.140500814125176 ], [ -100.220321381195959, 19.140398334255735 ], [ -100.220936262232158, 19.140369054453515 ], [ -100.221624344144232, 19.140222653112005 ], [ -100.222151385547363, 19.140076253410029 ], [ -100.222370985079351, 19.139988413218191 ], [ -100.222546665342747, 19.139754173147821 ], [ -100.222587879014441, 19.139274305389335 ], [ -100.22284623109374, 19.139080937156962 ], [ -100.223121720516929, 19.138997498876847 ], [ -100.223635789541333, 19.13913590216481 ], [ -100.2240905423958, 19.139392935833314 ], [ -100.224426664264342, 19.139689515178361 ], [ -100.225019820157058, 19.139867461228448 ], [ -100.225355942051806, 19.139946549004776 ], [ -100.225790924079149, 19.140045408147841 ], [ -100.226344537307568, 19.139986093170933 ], [ -100.226898149112515, 19.139867461406595 ], [ -100.227412218283121, 19.13955111096675 ], [ -100.227985603054549, 19.139511568226624 ], [ -100.228390047047299, 19.139366361332122 ], [ -100.228835794297709, 19.139056814061973 ], [ -100.229310358348982, 19.139036811109293 ], [ -100.230095438370597, 19.139571933900129 ], [ -100.230995697013611, 19.139877681879057 ], [ -100.231505277287738, 19.139979598162483 ], [ -100.232235676098071, 19.140030556004376 ], [ -100.23310196311661, 19.140047542196555 ], [ -100.233781404087324, 19.139962612213651 ], [ -100.234409887399977, 19.139622891971669 ], [ -100.235049249184954, 19.139110011102332 ], [ -100.235547010031439, 19.138758651374019 ], [ -100.236264372125163, 19.138275529847931 ], [ -100.236703573209297, 19.137968089262586 ], [ -100.236967093295846, 19.137704569299217 ], [ -100.23724525435847, 19.137397128311932 ], [ -100.237259894030785, 19.137133608007503 ], [ -100.237098853398379, 19.136855447158837 ], [ -100.237049227462307, 19.136808291173224 ], [ -100.237018934483615, 19.136777998176683 ], [ -100.237003787521815, 19.136732559290749 ], [ -100.236973494255324, 19.136687118897441 ], [ -100.236852323567291, 19.136535655048874 ], [ -100.236700858177358, 19.136399336965098 ], [ -100.236519101017905, 19.136293310936651 ], [ -100.236382782380531, 19.136156993349914 ], [ -100.236201025340279, 19.135975236298862 ], [ -100.23603441433022, 19.13573289205948 ], [ -100.235988974291104, 19.135399670251445 ], [ -100.236132611958567, 19.13506936417582 ], [ -100.236161892271411, 19.134747283027536 ], [ -100.236030131242217, 19.134147042308541 ], [ -100.235883731152285, 19.133517521047509 ], [ -100.235708051161282, 19.13282943881984 ], [ -100.235781251371691, 19.132478079261659 ], [ -100.236117972447801, 19.132302398290221 ], [ -100.23643759024776, 19.132217280111206 ], [ -100.236829841338476, 19.13224035421706 ], [ -100.237199019166724, 19.13200961814772 ], [ -100.237729713226315, 19.131686586993169 ], [ -100.238168112270046, 19.131363556128179 ], [ -100.238652658237129, 19.131202040945254 ], [ -100.239067983254017, 19.131086672339222 ], [ -100.239437161121032, 19.130948231309901 ], [ -100.239714045093081, 19.130832863096941 ], [ -100.240014002161331, 19.130763642275554 ], [ -100.240244737942362, 19.130579053047882 ], [ -100.240452401066136, 19.130417536992979 ], [ -100.240636990379016, 19.130071433190096 ], [ -100.240821579243402, 19.12965610805901 ], [ -100.241098462587502, 19.129240781941178 ], [ -100.241490714067254, 19.128779310107063 ], [ -100.242275217383224, 19.128456278994292 ], [ -100.242828984026005, 19.128363984254975 ], [ -100.243316580445139, 19.128292011228837 ], [ -100.243770939308547, 19.128088177184793 ], [ -100.244199267193551, 19.128027510177048 ], [ -100.244755588179089, 19.128100710039917 ], [ -100.245399749014894, 19.12820319004112 ], [ -100.246087831512853, 19.128203190286968 ], [ -100.246688072125892, 19.128129989867887 ], [ -100.247302953416238, 19.127998230044057 ], [ -100.247694468288387, 19.128045755227504 ], [ -100.247961754155085, 19.128042150347881 ], [ -100.248415595098948, 19.127998230374999 ], [ -100.248693756451814, 19.127998230153651 ], [ -100.248840156178119, 19.128012870398948 ], [ -100.249165164997976, 19.128045755236371 ], [ -100.249513597213081, 19.128056789873767 ], [ -100.249762478048979, 19.128012870288956 ], [ -100.250201679315012, 19.127939669782165 ], [ -100.250479839406353, 19.127881110365479 ], [ -100.251270401591285, 19.127749349156431 ], [ -100.251563201147803, 19.127705429058835 ], [ -100.251797442413306, 19.127720069273892 ], [ -100.25211339904854, 19.127915786361427 ], [ -100.252368403315927, 19.128042150235615 ], [ -100.252530666373673, 19.128093638087989 ], [ -100.252705123273188, 19.12811534988839 ], [ -100.252836884201429, 19.12808606989995 ], [ -100.253050541069513, 19.12804575539127 ], [ -100.253351520403328, 19.127977350185347 ], [ -100.253554245351381, 19.127939670043475 ], [ -100.253773845314811, 19.127866469923902 ], [ -100.254022726538551, 19.127822550172709 ], [ -100.254374087491783, 19.127807909897399 ], [ -100.254622967196951, 19.127822550066639 ], [ -100.255018248580029, 19.127968950115871 ], [ -100.25539888928995, 19.128071429997362 ], [ -100.25563312914943, 19.128203190194085 ], [ -100.255940570089365, 19.128364231130547 ], [ -100.256409051325818, 19.128569191059739 ], [ -100.256716491359498, 19.128700951173187 ], [ -100.257097132059982, 19.128979112392926 ], [ -100.257507053154654, 19.129286552021483 ], [ -100.257829133192502, 19.129462233000424 ], [ -100.258444014577151, 19.12959399305754 ], [ -100.258868575214137, 19.129740392898043 ], [ -100.25923457612646, 19.129740393233931 ], [ -100.259688417434006, 19.129652553257586 ], [ -100.25999585728465, 19.129535432934745 ], [ -100.260361858191629, 19.129403673286561 ], [ -100.260947459146109, 19.129257272212328 ], [ -100.261430580293847, 19.129140152185073 ], [ -100.261855141064018, 19.129023032161172 ], [ -100.26213330204564, 19.128818072288823 ], [ -100.262557862203437, 19.128583831340222 ], [ -100.263275224470988, 19.12836423122792 ], [ -100.263729065111249, 19.128247109970516 ], [ -100.264314666353414, 19.128042150043939 ], [ -100.264768507363442, 19.127954309956408 ], [ -100.26519306749833, 19.128012870088583 ], [ -100.265354108119652, 19.128056790250866 ], [ -100.26561762837099, 19.128232469938723 ], [ -100.265925069177683, 19.128481351173491 ], [ -100.26626178933742, 19.128554551050911 ], [ -100.266549001835642, 19.12852582992781 ], [ -100.270716598309377, 19.131343759546724 ], [ -100.272985365206353, 19.134849838656066 ], [ -100.273992877761714, 19.137670810747579 ], [ -100.282558323682451, 19.140957395782777 ], [ -100.2826686462829, 19.141061884852604 ], [ -100.287324136408472, 19.145471017842738 ], [ -100.289759890766277, 19.148719375300743 ], [ -100.293238406110618, 19.151979501776736 ], [ -100.291699201623032, 19.160385629474149 ], [ -100.287753252681739, 19.163190071320173 ], [ -100.288224833590675, 19.167159485669572 ], [ -100.29219878802968, 19.172531246395067 ], [ -100.292192539752932, 19.183432516931418 ], [ -100.301024640946878, 19.186133666768058 ], [ -100.303824794686705, 19.191615895521124 ], [ -100.305947123606074, 19.199196489370877 ], [ -100.30798545425364, 19.20305969691708 ], [ -100.307425466964219, 19.206150485563398 ], [ -100.312685250438221, 19.213146834700069 ], [ -100.309515946217289, 19.216332365612914 ], [ -100.306075388674003, 19.222788152311011 ], [ -100.3056436785958, 19.223598165883857 ], [ -100.305356407627698, 19.225513523780307 ], [ -100.305217037889406, 19.226442747430156 ], [ -100.306384000762137, 19.237481756490638 ], [ -100.307908945366307, 19.240719934075173 ], [ -100.309283555666923, 19.245566975053748 ], [ -100.314290234880559, 19.252065183294405 ], [ -100.314374671869928, 19.255782819716046 ], [ -100.314712317208944, 19.260122751251799 ], [ -100.319708137020541, 19.262529161732459 ], [ -100.31963673971984, 19.26477459615694 ], [ -100.319622345889456, 19.265227280017484 ], [ -100.321068498107536, 19.267135624285515 ], [ -100.320341060040846, 19.270127852502526 ], [ -100.319974495359645, 19.271635634786264 ], [ -100.320177589555499, 19.272432415559535 ], [ -100.320064421202858, 19.272710390848374 ], [ -100.319893116432581, 19.273031019137477 ], [ -100.3197877192639, 19.273466709968091 ], [ -100.319658591306961, 19.273890985967455 ], [ -100.319566357099234, 19.274223029185464 ], [ -100.319325790321329, 19.275234849079652 ], [ -100.319136385571937, 19.276225761177784 ], [ -100.31882408128206, 19.276969342107236 ], [ -100.318505437466342, 19.277440951057372 ], [ -100.318065627096644, 19.277965741169169 ], [ -100.317430164105417, 19.278534643282683 ], [ -100.316762707345731, 19.27927401224747 ], [ -100.316414876263991, 19.280119153844907 ], [ -100.316206674446789, 19.280898427197087 ], [ -100.316117444490033, 19.281523035905138 ], [ -100.316117444490942, 19.282073285990407 ], [ -100.316087700220862, 19.282950712090212 ], [ -100.316102572382931, 19.283381989142867 ], [ -100.316176930280392, 19.283828138095487 ], [ -100.316281032435541, 19.284304031373324 ], [ -100.31637026111963, 19.284854280821833 ], [ -100.316400005307059, 19.285404530918527 ], [ -100.316319622581261, 19.285938552036328 ], [ -100.315309531340574, 19.287416648279589 ], [ -100.316031061289436, 19.287676077769049 ], [ -100.316001279134809, 19.287863866148541 ], [ -100.315851751214723, 19.288233375218681 ], [ -100.315651552136728, 19.28850423230989 ], [ -100.315464329128417, 19.28876166337443 ], [ -100.315156570440706, 19.288970315213533 ], [ -100.31495431617185, 19.289101185178197 ], [ -100.314787754160363, 19.289184467226278 ], [ -100.314689192342257, 19.289313734013774 ], [ -100.314609294369234, 19.289600872184621 ], [ -100.314528218192265, 19.290025414167019 ], [ -100.314407040215087, 19.290314711100791 ], [ -100.314276170317157, 19.290814397348186 ], [ -100.314083565235478, 19.291476387027785 ], [ -100.314002532091308, 19.292361046849976 ], [ -100.314085813233021, 19.292765555057031 ], [ -100.314153773323369, 19.293114582236285 ], [ -100.314153773208261, 19.293606041413625 ], [ -100.31405028715875, 19.294021154124948 ], [ -100.313916442463324, 19.294378073291512 ], [ -100.313544652337271, 19.295032425394652 ], [ -100.313247219438097, 19.295790878036883 ], [ -100.312890300175923, 19.296326257031524 ], [ -100.312677467128822, 19.296580126322453 ], [ -100.312527266418215, 19.296786844089979 ], [ -100.312402180094239, 19.297071361036842 ], [ -100.312375161169996, 19.297233473885854 ], [ -100.312492175189959, 19.297490905229836 ], [ -100.312655994150418, 19.297678127140159 ], [ -100.313015056204279, 19.297988472146585 ], [ -100.313405830596423, 19.29831225695284 ], [ -100.312454929266551, 19.299843072559383 ], [ -100.314915279603611, 19.30124880492383 ], [ -100.313882109698341, 19.30400341502974 ], [ -100.315603787547616, 19.308824008749696 ], [ -100.319040725586319, 19.315385165859198 ], [ -100.319017412191556, 19.315421431369998 ], [ -100.318794337344229, 19.315659377268673 ], [ -100.318601006465826, 19.315852709034402 ], [ -100.318273830293379, 19.315986553071752 ], [ -100.317559992254189, 19.316388086971926 ], [ -100.317024613441902, 19.316670647926458 ], [ -100.316774604530167, 19.316928981000899 ], [ -100.316637951129621, 19.317146539875466 ], [ -100.316611066431392, 19.317476889051704 ], [ -100.316631836309909, 19.317797484833818 ], [ -100.31678650138349, 19.31842804197754 ], [ -100.316915303429653, 19.31876404323549 ], [ -100.316980617430261, 19.318875442017941 ], [ -100.31627755126425, 19.319410463243685 ], [ -100.3157467197355, 19.319591273506262 ], [ -100.314606639449948, 19.319979595916209 ], [ -100.314594097296208, 19.319983867842154 ], [ -100.3131328161586, 19.320367799431438 ], [ -100.311908031917028, 19.32046917196385 ], [ -100.311620533168139, 19.320492966338463 ], [ -100.310332607721932, 19.32082893166853 ], [ -100.309168943664645, 19.321211370384958 ], [ -100.307595911965507, 19.322023682674569 ], [ -100.307511772826217, 19.322067131451035 ], [ -100.306821375834204, 19.322823970872037 ], [ -100.306621253580488, 19.323277425387801 ], [ -100.306404820156672, 19.32376783551274 ], [ -100.306446870475099, 19.324572870294162 ], [ -100.306460151175202, 19.324827122202009 ], [ -100.306539776726879, 19.325792106850315 ], [ -100.306679401745157, 19.326451572467363 ], [ -100.306768859403803, 19.326874089076057 ], [ -100.30679457062655, 19.327089500936495 ], [ -100.306872782814366, 19.327744771439768 ], [ -100.306987551643203, 19.328656534291838 ], [ -100.307045503716154, 19.329116922126218 ], [ -100.307080124337972, 19.329391955871301 ], [ -100.307153157646781, 19.329860062592161 ], [ -100.307208600973979, 19.33021542617854 ], [ -100.307392930971389, 19.332192361167586 ], [ -100.30739312638508, 19.33222850206198 ], [ -100.304238959650888, 19.33774741179792 ], [ -100.298739739926134, 19.343598317533633 ], [ -100.295194987445996, 19.34208946430482 ], [ -100.293141423113809, 19.342300545420244 ], [ -100.289746202918138, 19.34747915520461 ], [ -100.287571120375276, 19.347510691400316 ], [ -100.265744387525956, 19.347825716226794 ], [ -100.26594855262141, 19.34180003857233 ], [ -100.270432640951185, 19.329693252112577 ], [ -100.266681412785147, 19.319676603882783 ], [ -100.260595554884844, 19.319655459297906 ], [ -100.253297320586512, 19.315108960309772 ], [ -100.236569518117619, 19.309632305762648 ], [ -100.231012853164032, 19.31230803471982 ], [ -100.219346275784687, 19.31792508441896 ], [ -100.2150868772992, 19.328030216739194 ], [ -100.217517733219836, 19.328014025933669 ], [ -100.216368858533826, 19.331303795724864 ], [ -100.213104938703395, 19.334018064723921 ], [ -100.206450815691312, 19.337192935199084 ], [ -100.205603319276406, 19.336615749152713 ], [ -100.207731726156567, 19.341826415026617 ], [ -100.207410496991201, 19.352305109277779 ], [ -100.199766577544551, 19.360168931417547 ], [ -100.194537664437064, 19.380185115230518 ], [ -100.207961932787498, 19.393066897449444 ], [ -100.208021572643304, 19.39312297316593 ], [ -100.208106627002053, 19.393203727009904 ], [ -100.208201079430523, 19.393293454171953 ], [ -100.198161529109655, 19.411132408867275 ], [ -100.194270334830435, 19.409034673236192 ], [ -100.189565009449552, 19.410222025905853 ], [ -100.18879512648715, 19.416307886671802 ], [ -100.188477390854871, 19.418818794253184 ], [ -100.187825017835451, 19.423973986944247 ], [ -100.18290865104143, 19.422045348795677 ], [ -100.182812401649073, 19.422651244449696 ], [ -100.182807417250046, 19.422649852494317 ], [ -100.16802149982891, 19.418514860382061 ], [ -100.133582505388972, 19.394796949392912 ], [ -100.145347772856155, 19.374840332449764 ], [ -100.073705231356541, 19.41547609224466 ], [ -100.073902582533549, 19.445865140331705 ], [ -100.074160644008941, 19.485583719303975 ], [ -100.073734930982255, 19.485553308558224 ], [ -100.070104820811366, 19.48736811330059 ], [ -100.067563818932967, 19.485734742031241 ], [ -100.06574880578961, 19.485008793826751 ], [ -100.062663223621882, 19.486097669215553 ], [ -100.059033107643131, 19.488093957102365 ], [ -100.055040027717837, 19.488456891736917 ], [ -100.051773021100985, 19.486460547356614 ] ] ] ] } },
{ "type": "Feature", "properties": { "NUM_ANP": 64, "ID_ANP": "ANP00603064", "ID_DOF": "6.3.23.064", "NOMBRE": "El Veladero", "CAT_MANEJO": "PN", "ESTADOS": "Guerrero", "REGION": "Centro y Eje Neovolcánico", "SUPERFICIE": 3617.41303, "S_TERRES": 3617.41303, "S_MARINA": 0.0, "PRIM_DEC": "1980-07-17", "ULT_DOF": "2000-11-29", "PM": null, "CERT_SINAP": null }, "geometry": { "type": "MultiPolygon", "coordinates": [ [ [ [ -99.834639333941539, 16.870365551890075 ], [ -99.825976032955964, 16.864824806795184 ], [ -99.83135513207435, 16.856368166109178 ], [ -99.83346961658134, 16.849855452018289 ], [ -99.83375553694782, 16.848973392643927 ], [ -99.83324943633221, 16.838436897600218 ], [ -99.837327815249409, 16.83252803070576 ], [ -99.835955874014701, 16.828004090466266 ], [ -99.835588277989245, 16.826791843574767 ], [ -99.832900228856715, 16.820181334492418 ], [ -99.851257192806941, 16.825794370472977 ], [ -99.855447685104934, 16.824427910230042 ], [ -99.856666742604943, 16.824505388971147 ], [ -99.853537134167823, 16.827572188522879 ], [ -99.852804656565695, 16.828402695428622 ], [ -99.851681441511744, 16.826715292681513 ], [ -99.851044808769075, 16.826931045859169 ], [ -99.850317609315937, 16.827039480961275 ], [ -99.849608886804447, 16.827436253435337 ], [ -99.849286340429956, 16.827591601094525 ], [ -99.848697250362875, 16.827364792575906 ], [ -99.847548112245192, 16.827250258417564 ], [ -99.846748713200157, 16.826722279741318 ], [ -99.845208117652305, 16.826367349698614 ], [ -99.843844431026923, 16.825896089391051 ], [ -99.842881512996257, 16.826034038696889 ], [ -99.842331445738125, 16.825634335737618 ], [ -99.841781142605385, 16.825535460622461 ], [ -99.841031935740375, 16.824907249349735 ], [ -99.84067347036239, 16.825643715968795 ], [ -99.840397161892497, 16.82578532712165 ], [ -99.840086901379948, 16.825514885009227 ], [ -99.83896983764339, 16.825037602699354 ], [ -99.836583248498755, 16.824444314443156 ], [ -99.836575714213154, 16.82676139548164 ], [ -99.836581749644381, 16.828107118003857 ], [ -99.842122361702195, 16.829019121642204 ], [ -99.843893599096532, 16.829630748073271 ], [ -99.844384005271479, 16.829879836515943 ], [ -99.845560082961754, 16.830501390144605 ], [ -99.84560664806412, 16.830403301132662 ], [ -99.845649237288342, 16.830320459849304 ], [ -99.845905346192581, 16.830442620085591 ], [ -99.84597251255002, 16.830353087005392 ], [ -99.846241621800289, 16.830711480225602 ], [ -99.850906994729428, 16.831337275815315 ], [ -99.850658472703799, 16.832527803959465 ], [ -99.849274973293745, 16.834327878637623 ], [ -99.848217035883977, 16.83517604351232 ], [ -99.847646488492785, 16.83555774469977 ], [ -99.846969804234448, 16.836101901444124 ], [ -99.846860628829802, 16.836151349346608 ], [ -99.846820707567701, 16.836158882559573 ], [ -99.846758458338968, 16.836153138527493 ], [ -99.845877661443865, 16.836329758791862 ], [ -99.845583242743601, 16.8361587929557 ], [ -99.844838568088392, 16.836734434647724 ], [ -99.844777446895932, 16.836770159148386 ], [ -99.844705586056136, 16.836793700663634 ], [ -99.844533529581497, 16.836799679026512 ], [ -99.844278033337957, 16.836836257445725 ], [ -99.8439720169672, 16.836920009402547 ], [ -99.843837882544165, 16.836960269579265 ], [ -99.843773044119075, 16.836993947213102 ], [ -99.843655420898813, 16.837070760309416 ], [ -99.843441527874575, 16.83720499133949 ], [ -99.843317903357104, 16.837361684416635 ], [ -99.843230161034001, 16.837575721128189 ], [ -99.843128469726537, 16.837690681000595 ], [ -99.843336408821472, 16.838028118527916 ], [ -99.843341056449788, 16.838041366016 ], [ -99.843346665562706, 16.838070889179278 ], [ -99.843352466418821, 16.838093449323424 ], [ -99.84334757184007, 16.838152926920543 ], [ -99.843339232994879, 16.838187003934252 ], [ -99.843328207080106, 16.838208047926742 ], [ -99.843313651356766, 16.838221531404201 ], [ -99.843293382688785, 16.83822912814378 ], [ -99.843384432593552, 16.838343765806371 ], [ -99.843442336482838, 16.838364998223597 ], [ -99.842883212126537, 16.838563471755265 ], [ -99.842298850302882, 16.838727828652452 ], [ -99.842526392558227, 16.839857866681427 ], [ -99.842338697300875, 16.839891569915778 ], [ -99.843513491754777, 16.840841838236543 ], [ -99.843085109617107, 16.84105225801909 ], [ -99.842594701436553, 16.842125301082206 ], [ -99.842237019814149, 16.843185744501 ], [ -99.841792993417869, 16.843616225004837 ], [ -99.841694838155149, 16.843876131178433 ], [ -99.842315087205407, 16.843857990559968 ], [ -99.842031581229776, 16.844154911442502 ], [ -99.841581186429949, 16.84456412129839 ], [ -99.841309916706109, 16.844962782202344 ], [ -99.84188171390565, 16.84574109682751 ], [ -99.841554293704917, 16.846161856381855 ], [ -99.841138722560231, 16.846743282738487 ], [ -99.841784264034459, 16.84700504919482 ], [ -99.84205361674907, 16.847259765058539 ], [ -99.842889951017924, 16.846553072691506 ], [ -99.84267218857849, 16.846170925241779 ], [ -99.843071054255688, 16.845954183260289 ], [ -99.84326330234336, 16.846117630795959 ], [ -99.844266096185379, 16.845767864920674 ], [ -99.844959471685229, 16.845630844307152 ], [ -99.844955342617197, 16.84667846129696 ], [ -99.845492226668739, 16.846656453573814 ], [ -99.84488113377023, 16.846872128897985 ], [ -99.844986737235558, 16.847172933916795 ], [ -99.844844729122656, 16.847224767244256 ], [ -99.844317488876072, 16.8475568081912 ], [ -99.844484624183281, 16.847695672340535 ], [ -99.8441653646085, 16.847919507495931 ], [ -99.843329414950404, 16.848205777501676 ], [ -99.842459208538742, 16.849484889734697 ], [ -99.842221533276529, 16.84974380988308 ], [ -99.842939012555064, 16.850381263838301 ], [ -99.843296806140302, 16.850979954144918 ], [ -99.843363931078841, 16.851362580321847 ], [ -99.843642709902156, 16.851599383947814 ], [ -99.843772911033341, 16.851926156752882 ], [ -99.84394225792721, 16.852885960257652 ], [ -99.843499313464747, 16.853712659397729 ], [ -99.843469944205367, 16.85390755072126 ], [ -99.842923874843564, 16.854410012071469 ], [ -99.842306265828427, 16.854459131477256 ], [ -99.841852026204378, 16.854705976453715 ], [ -99.841683174087905, 16.854969194209048 ], [ -99.841287403593014, 16.85479301032484 ], [ -99.839750935322115, 16.855238288501312 ], [ -99.839003261258995, 16.856696907829416 ], [ -99.840166987255373, 16.858131186940511 ], [ -99.840629463485129, 16.859415449511289 ], [ -99.840061576845017, 16.860155383746758 ], [ -99.840009022508696, 16.86116462045004 ], [ -99.83938447660762, 16.861749717965552 ], [ -99.839239260113516, 16.861815138016084 ], [ -99.839089957652277, 16.861798742140138 ], [ -99.83889777817302, 16.861701341166281 ], [ -99.838808234246073, 16.861496075708146 ], [ -99.838408020714667, 16.860944476199847 ], [ -99.83833326596698, 16.860471279155263 ], [ -99.838201622270049, 16.860238391071164 ], [ -99.837547895922739, 16.859896171915921 ], [ -99.837040318259938, 16.86044089937252 ], [ -99.836877127654304, 16.860260152311071 ], [ -99.836857029698649, 16.858904539646119 ], [ -99.836910015575825, 16.858231924581673 ], [ -99.836703101015871, 16.858142193063486 ], [ -99.834623061352147, 16.859540413664092 ], [ -99.832090206116902, 16.860045467829707 ], [ -99.832442476820631, 16.860335769708968 ], [ -99.832238442072764, 16.860613153147654 ], [ -99.831741578455762, 16.861200543896871 ], [ -99.832164645271632, 16.861627429695204 ], [ -99.832487296620229, 16.86177959645687 ], [ -99.83560032846168, 16.862649823592733 ], [ -99.836290506238925, 16.862255783943112 ], [ -99.83684560294887, 16.861557972068908 ], [ -99.836687406352326, 16.861256348997642 ], [ -99.836327491268605, 16.860804011624225 ], [ -99.836618541840721, 16.860812558906389 ], [ -99.837032640050381, 16.860655939613252 ], [ -99.837592053509866, 16.8600387928239 ], [ -99.838121255926865, 16.860315827431407 ], [ -99.838228355335673, 16.860505292537766 ], [ -99.838306445303829, 16.860983375175806 ], [ -99.83868914092028, 16.861515712089897 ], [ -99.838800271333241, 16.861749561198508 ], [ -99.839045460353987, 16.86188309055018 ], [ -99.839203041951635, 16.861920324010384 ], [ -99.839414683343421, 16.8619247204673 ], [ -99.840110975096991, 16.861265538787393 ], [ -99.840686763116594, 16.861358090089652 ], [ -99.841336855489146, 16.86135498599009 ], [ -99.841596758072853, 16.861354344536437 ], [ -99.841741211070257, 16.860950070316335 ], [ -99.841623987606852, 16.860616960593234 ], [ -99.84168132651746, 16.86038153012629 ], [ -99.841639611669279, 16.860273321709826 ], [ -99.841389917940432, 16.860004857520437 ], [ -99.841659863370296, 16.859593302765575 ], [ -99.841981973416466, 16.859705973070106 ], [ -99.842206680224365, 16.859640240089618 ], [ -99.842479685789726, 16.859849534977911 ], [ -99.842650897091517, 16.859785496492464 ], [ -99.843228078097695, 16.860229979512951 ], [ -99.843401634057273, 16.859999707291763 ], [ -99.843510047778011, 16.860018213082981 ], [ -99.843829706563668, 16.860273123689012 ], [ -99.843203243677465, 16.86106995845148 ], [ -99.842387421360911, 16.861261464735207 ], [ -99.842414667302876, 16.861403874274799 ], [ -99.84260207478718, 16.861713814260156 ], [ -99.84259731944951, 16.862056847646159 ], [ -99.842384640695286, 16.862744289368948 ], [ -99.841905736284957, 16.86284462897811 ], [ -99.841599640380593, 16.863893928577454 ], [ -99.842355498414804, 16.864960525644165 ], [ -99.843123566695681, 16.866486896978699 ], [ -99.84335762366851, 16.866485998639178 ], [ -99.843521343375244, 16.866464032021497 ], [ -99.843911373609444, 16.8664551822053 ], [ -99.84405824837819, 16.866651574566163 ], [ -99.844329475716506, 16.866317125175669 ], [ -99.844243688991924, 16.865857572010725 ], [ -99.844346899115237, 16.865268243603339 ], [ -99.844586880995905, 16.864839833809469 ], [ -99.844705244019735, 16.864491402306612 ], [ -99.844714769757275, 16.864352401923895 ], [ -99.844829652367082, 16.86421965293323 ], [ -99.844754930880754, 16.864070028845731 ], [ -99.845730595887687, 16.864030684224474 ], [ -99.846054014912738, 16.864051250133627 ], [ -99.846136537779955, 16.864642843728348 ], [ -99.84657633412246, 16.865003849763696 ], [ -99.846968168011813, 16.865154927615094 ], [ -99.847317955197695, 16.865350517527361 ], [ -99.84715967273047, 16.864479474705831 ], [ -99.847209525029314, 16.864258618356644 ], [ -99.847257102343917, 16.864049414056694 ], [ -99.847114406656317, 16.863963032623872 ], [ -99.84739030768651, 16.862539408740759 ], [ -99.847375005886079, 16.861639793438144 ], [ -99.847394184932341, 16.861512404371695 ], [ -99.848041538146219, 16.861258369127313 ], [ -99.848270572834451, 16.8613453932727 ], [ -99.848399843265838, 16.861044262052303 ], [ -99.848938398817438, 16.861258686241456 ], [ -99.849122293169273, 16.860900939610588 ], [ -99.849971692552913, 16.860792057120022 ], [ -99.850284157520491, 16.860581519085883 ], [ -99.851571914047952, 16.86242242034308 ], [ -99.85057130435365, 16.863233100165189 ], [ -99.851216648603042, 16.863841156282831 ], [ -99.851539393877374, 16.86439378562369 ], [ -99.851440243167076, 16.864699899715276 ], [ -99.855947942450541, 16.863877233147718 ], [ -99.861020798755078, 16.86328266805441 ], [ -99.861003020443434, 16.864350577111736 ], [ -99.861097395214813, 16.864517222886604 ], [ -99.861142770008769, 16.864878410922358 ], [ -99.860815892995959, 16.865243263008153 ], [ -99.860462632161671, 16.865649526572099 ], [ -99.860296661611926, 16.865910938804745 ], [ -99.860285031307399, 16.866272557998741 ], [ -99.858964709755128, 16.866278139244059 ], [ -99.858638570191943, 16.866586552867943 ], [ -99.858106610487084, 16.867040878488638 ], [ -99.857895869649894, 16.867642507387131 ], [ -99.858285268004522, 16.867753059343727 ], [ -99.857927864763042, 16.868808643801572 ], [ -99.858168997093458, 16.869093917389307 ], [ -99.858238674001996, 16.869470080964049 ], [ -99.857862461254115, 16.869673325261203 ], [ -99.857945100167058, 16.870191820507557 ], [ -99.857285673373951, 16.870721861542791 ], [ -99.856287377174851, 16.871596214022645 ], [ -99.856658501863876, 16.872021917872928 ], [ -99.856767370759485, 16.872392493206576 ], [ -99.856891481929267, 16.872799143127054 ], [ -99.856819961751114, 16.873892118061065 ], [ -99.856788079651324, 16.874174837430076 ], [ -99.856693715805875, 16.874590019128163 ], [ -99.856169042535441, 16.874838341274142 ], [ -99.856047653558164, 16.875370360352349 ], [ -99.855388288533106, 16.876604968861955 ], [ -99.854446380079992, 16.876886372314004 ], [ -99.852965717171628, 16.87677424047331 ], [ -99.832141377847563, 16.875195759227836 ], [ -99.834639333941539, 16.870365551890075 ] ] ], [ [ [ -99.892517589392469, 16.910366229544536 ], [ -99.889762087994484, 16.896576287232051 ], [ -99.878737560218838, 16.893557361330636 ], [ -99.867347108319279, 16.89362833365783 ], [ -99.860572076564551, 16.891057494400968 ], [ -99.861090720493564, 16.889546866137778 ], [ -99.860655771551365, 16.888747717095896 ], [ -99.861479631605903, 16.887776852057243 ], [ -99.861059975396188, 16.887298116094541 ], [ -99.861334590093463, 16.886786942936851 ], [ -99.861578683177981, 16.886416916274413 ], [ -99.862120361985035, 16.886456951945888 ], [ -99.86293671934169, 16.88671822141913 ], [ -99.863394479677368, 16.886697229828997 ], [ -99.864088718657285, 16.886577042997828 ], [ -99.865195047296709, 16.887427673315869 ], [ -99.866194486439099, 16.887498198673825 ], [ -99.866278404910645, 16.887387573791614 ], [ -99.866095259272072, 16.886998487084043 ], [ -99.866011276947972, 16.886388134648769 ], [ -99.866118022775879, 16.88576825219161 ], [ -99.866690223195519, 16.88572818459329 ], [ -99.867239500479116, 16.885506902902364 ], [ -99.867781131396725, 16.885016705371982 ], [ -99.868971266764788, 16.884778247292218 ], [ -99.869169657246573, 16.88494798385409 ], [ -99.869604542335878, 16.885188293663475 ], [ -99.870054624378611, 16.884726702162823 ], [ -99.870558103280587, 16.884448208411527 ], [ -99.871191299035502, 16.884026668545971 ], [ -99.87179397317783, 16.883656625920253 ], [ -99.872114434146681, 16.883946533349899 ], [ -99.872595053765451, 16.883776764861693 ], [ -99.872961249263369, 16.88373669726343 ], [ -99.873060412577729, 16.883458219475358 ], [ -99.87339608646289, 16.883397160287075 ], [ -99.873670733086556, 16.883297981009491 ], [ -99.873853894688352, 16.883906417862249 ], [ -99.874334530270005, 16.883868249883392 ], [ -99.874334466417338, 16.883217845813419 ], [ -99.874807503522391, 16.883458155622804 ], [ -99.875204268522452, 16.883828166322076 ], [ -99.875806990554622, 16.883946389681171 ], [ -99.876035870722433, 16.884087536176196 ], [ -99.877630385530722, 16.883986377463486 ], [ -99.878110989186041, 16.883616334837598 ], [ -99.878866255428136, 16.883326395481333 ], [ -99.878736538574685, 16.883116591321368 ], [ -99.879224740706945, 16.882376537996038 ], [ -99.879751142744567, 16.882286872777513 ], [ -99.880620865033677, 16.882317346500599 ], [ -99.880720044311261, 16.882286824888183 ], [ -99.882703693716508, 16.882786488588295 ], [ -99.883054644371555, 16.88271779899685 ], [ -99.883153839612191, 16.882996276784866 ], [ -99.883710779225396, 16.882946663201267 ], [ -99.884031224230853, 16.883087793733011 ], [ -99.884015931498141, 16.882826492333663 ], [ -99.884664451912329, 16.883087777769788 ], [ -99.88519086991289, 16.883087745843511 ], [ -99.885595233389836, 16.883337601638232 ], [ -99.885915662431955, 16.88336619170525 ], [ -99.886388747426622, 16.884026125797732 ], [ -99.887357585140762, 16.883236442925522 ], [ -99.887838300538476, 16.883986010309911 ], [ -99.887960371025542, 16.884077559184675 ], [ -99.888570691534426, 16.883877269083712 ], [ -99.888524909115688, 16.883776174223783 ], [ -99.889119984781303, 16.88366743299747 ], [ -99.890264289841184, 16.882927347745863 ], [ -99.890523643732081, 16.882517269448329 ], [ -99.891713731210757, 16.881836311839265 ], [ -99.892324067682807, 16.881767622247651 ], [ -99.892530040677912, 16.881607399745008 ], [ -99.892697877620549, 16.881555902505283 ], [ -99.894803629439139, 16.882267254021485 ], [ -99.896436344152903, 16.882946200269146 ], [ -99.89614651653909, 16.883735851214851 ], [ -99.896863710581272, 16.884237446460531 ], [ -99.896848497664564, 16.884756250020985 ], [ -99.896016959317421, 16.885116762624591 ], [ -99.895955948018639, 16.885505865295386 ], [ -99.896474767542713, 16.8857461751046 ], [ -99.896795180621666, 16.88563744984134 ], [ -99.896894439715368, 16.88639656321152 ], [ -99.895460243188893, 16.887396066206918 ], [ -99.895727291335561, 16.887747000898344 ], [ -99.896848800965245, 16.887737422986561 ], [ -99.897237887672532, 16.887766013053579 ], [ -99.896459794073849, 16.888675850830111 ], [ -99.896810744728498, 16.888706356479815 ], [ -99.897184602555967, 16.888925690661949 ], [ -99.897894070416157, 16.88839732515271 ], [ -99.898046614626026, 16.888027298489703 ], [ -99.897871099390784, 16.887537116922374 ], [ -99.897634556893479, 16.887176636245272 ], [ -99.897275975835441, 16.887075557348339 ], [ -99.897687937789101, 16.88690578886019 ], [ -99.898550093527888, 16.887445536121845 ], [ -99.898618767156108, 16.887577136630796 ], [ -99.898618783119218, 16.887806016798777 ], [ -99.89875614633894, 16.888105470214271 ], [ -99.898794314317854, 16.888357241591336 ], [ -99.899084253673891, 16.888635703416355 ], [ -99.89948856926128, 16.888216079133088 ], [ -99.900243787613761, 16.887716319653975 ], [ -99.900358259623999, 16.887916593791488 ], [ -99.900770221577375, 16.887796406960376 ], [ -99.901105895462877, 16.887617108449717 ], [ -99.90186882403458, 16.887657128158537 ], [ -99.902486758983457, 16.88740534081802 ], [ -99.903036052230163, 16.887185974709325 ], [ -99.902753599608616, 16.885566653109265 ], [ -99.901838047011154, 16.885135631111098 ], [ -99.901754048723603, 16.884355526150728 ], [ -99.902524607698467, 16.884275390954656 ], [ -99.903020488123445, 16.88406557083141 ], [ -99.903493573118112, 16.884897157068281 ], [ -99.903859800542421, 16.885066893630153 ], [ -99.9043099145116, 16.885015380427376 ], [ -99.904790597982924, 16.885335793506556 ], [ -99.905339939119415, 16.885785907475622 ], [ -99.90611060983656, 16.887025656427625 ], [ -99.90637002758001, 16.88712673532433 ], [ -99.90717106027779, 16.886846325990575 ], [ -99.906774231425061, 16.885637082687879 ], [ -99.90686574837315, 16.885375765325477 ], [ -99.907567601793289, 16.884906543421835 ], [ -99.907659134704716, 16.884845500196775 ], [ -99.907384424228383, 16.884237063343733 ], [ -99.907079160213357, 16.883296767807337 ], [ -99.906796883186757, 16.883226194559825 ], [ -99.906163639542058, 16.883205250859362 ], [ -99.904546265450676, 16.883315923631301 ], [ -99.90450814536149, 16.8837069418841 ], [ -99.904775177544877, 16.883787029190501 ], [ -99.90463789414099, 16.884136080226369 ], [ -99.903813842528564, 16.883285433944764 ], [ -99.9032034581669, 16.882757132288134 ], [ -99.903470458424124, 16.882596893822438 ], [ -99.904553816037946, 16.882596861895991 ], [ -99.905095478881606, 16.882427093407671 ], [ -99.905286143181172, 16.881715662075521 ], [ -99.905057231086801, 16.881435284668328 ], [ -99.905064845526738, 16.8812159345228 ], [ -99.906003257407463, 16.88147530437675 ], [ -99.906926392518642, 16.881446666420402 ], [ -99.90719340873892, 16.881255922304774 ], [ -99.907544311504239, 16.880946922904172 ], [ -99.907948659017848, 16.880855342103246 ], [ -99.908825979783671, 16.880416625849193 ], [ -99.909138746496637, 16.880155308486394 ], [ -99.908940371978133, 16.879876846661432 ], [ -99.909039535292663, 16.879716624158789 ], [ -99.909337089088467, 16.880035137618506 ], [ -99.909916919911325, 16.880115224925021 ], [ -99.910313637021659, 16.880046551296857 ], [ -99.910984968829155, 16.879735636313853 ], [ -99.912457349297824, 16.879125220025628 ], [ -99.912869343177817, 16.879176701302129 ], [ -99.913014304874139, 16.879325478200485 ], [ -99.913243185042006, 16.879216752937054 ], [ -99.913533044582152, 16.87880665867624 ], [ -99.91347963176014, 16.878625460546687 ], [ -99.913189676440936, 16.878175346577336 ], [ -99.913189628551379, 16.877826295541581 ], [ -99.913449046295057, 16.878015108111413 ], [ -99.913738921798029, 16.877635551426351 ], [ -99.913967817929233, 16.877816733593022 ], [ -99.914333997463928, 16.877555416230052 ], [ -99.914555247228577, 16.877566845871684 ], [ -99.915203735716375, 16.877666009186385 ], [ -99.915249550061674, 16.877995968251071 ], [ -99.915463217312777, 16.878526201452928 ], [ -99.916172733062297, 16.878436536234574 ], [ -99.916165006880021, 16.877456157136862 ], [ -99.916058133346496, 16.876845820664641 ], [ -99.916012319001311, 16.876395690732238 ], [ -99.914883163005413, 16.876195464483999 ], [ -99.914722956465823, 16.876166858453928 ], [ -99.914013424753136, 16.876086771147357 ], [ -99.914219381784847, 16.875716744484578 ], [ -99.914135431387479, 16.875526016332515 ], [ -99.913624258229675, 16.875316228135773 ], [ -99.91335719411984, 16.874906149838012 ], [ -99.913082483643677, 16.874356840628366 ], [ -99.9128535875127, 16.874215710096564 ], [ -99.912708625816265, 16.874105085214183 ], [ -99.912708593889874, 16.873815177784536 ], [ -99.912372856151819, 16.873296390186795 ], [ -99.912258432031138, 16.873376509419813 ], [ -99.912075302355618, 16.873115208020067 ], [ -99.91183879178476, 16.873136199610428 ], [ -99.911258976925183, 16.873155291581611 ], [ -99.911342879433619, 16.87292641141363 ], [ -99.910938499993506, 16.872735683261794 ], [ -99.910518891673632, 16.872655595955223 ], [ -99.910084006584157, 16.872516381005596 ], [ -99.909969582463475, 16.872695663552975 ], [ -99.909557604546762, 16.872636551873541 ], [ -99.909054061792233, 16.872365736414793 ], [ -99.90896248099142, 16.872106350597562 ], [ -99.908672557598379, 16.871927068050184 ], [ -99.908382650168789, 16.871927084013407 ], [ -99.908138461304986, 16.871496030088963 ], [ -99.907978238802514, 16.871305301936786 ], [ -99.908123168572388, 16.871146995016318 ], [ -99.908947060553317, 16.870425985772499 ], [ -99.909702262942574, 16.869565745616057 ], [ -99.909938757550378, 16.869565745616057 ], [ -99.910282077802094, 16.86946655037525 ], [ -99.910571969268631, 16.869405491186967 ], [ -99.910938180729715, 16.869466518448974 ], [ -99.91123571856258, 16.869416920828371 ], [ -99.911373081782415, 16.869836529148415 ], [ -99.911975803814244, 16.8698555732297 ], [ -99.912036863002584, 16.870116874629446 ], [ -99.913608470638394, 16.87003672347015 ], [ -99.913593241758235, 16.870336160922022 ], [ -99.913326225538015, 16.870376228520342 ], [ -99.913402577458953, 16.870896931700088 ], [ -99.91250230163098, 16.870715765496641 ], [ -99.912464165578513, 16.870835936364756 ], [ -99.912586283955079, 16.871265074707026 ], [ -99.912426141268327, 16.872066171257188 ], [ -99.912609254980339, 16.872226377796778 ], [ -99.913028879263493, 16.872296919118014 ], [ -99.91318908580314, 16.872296919118014 ], [ -99.913555281301001, 16.872216815848219 ], [ -99.913562863814434, 16.87166559105583 ], [ -99.91460813326546, 16.872315931273249 ], [ -99.914692035773612, 16.872195792331411 ], [ -99.914814122223788, 16.872275879638153 ], [ -99.915004818449688, 16.87195545059592 ], [ -99.915248943460483, 16.871886776967528 ], [ -99.915645756350159, 16.872756499256752 ], [ -99.916485020879463, 16.873315306562972 ], [ -99.916774944272447, 16.8733553581975 ], [ -99.91680544992181, 16.873246632934581 ], [ -99.91728608550352, 16.873296214591562 ], [ -99.917629357865792, 16.872785025471217 ], [ -99.917491994646014, 16.872415014771434 ], [ -99.917682706834967, 16.872256691887912 ], [ -99.918659254768158, 16.872245214357008 ], [ -99.918773662925503, 16.87192670089695 ], [ -99.918804152611813, 16.871634877884787 ], [ -99.919513604508779, 16.871186631608282 ], [ -99.919711979027227, 16.8712762649007 ], [ -99.920139217750204, 16.871285778959589 ], [ -99.920474907598702, 16.871316284609122 ], [ -99.921008940039314, 16.871245695398557 ], [ -99.920932620044823, 16.87098629361833 ], [ -99.921535342076822, 16.871014883685348 ], [ -99.922145678548873, 16.870974816086857 ], [ -99.920223056405689, 16.870435100752218 ], [ -99.924747215013213, 16.870644745280117 ], [ -99.928691686467062, 16.872244847203774 ], [ -99.929912598858778, 16.874754866719911 ], [ -99.928676856666755, 16.87661456198208 ], [ -99.92864655853873, 16.878815645950283 ], [ -99.931515191039523, 16.879345767410257 ], [ -99.93287337087196, 16.88098603271095 ], [ -99.935032551475672, 16.882174220570676 ], [ -99.935703915209501, 16.882025411746213 ], [ -99.936268469262814, 16.881895710855986 ], [ -99.938282688170091, 16.882984719437786 ], [ -99.938237049419911, 16.884285527578299 ], [ -99.940525819171569, 16.884445654301544 ], [ -99.940106242778029, 16.884714602067504 ], [ -99.939808784761169, 16.885635869485895 ], [ -99.939488419571603, 16.886154673046747 ], [ -99.940632852336876, 16.886744001965383 ], [ -99.942166307956825, 16.886534133952637 ], [ -99.942425773590116, 16.887215043671802 ], [ -99.942723343349314, 16.887483975474879 ], [ -99.942959869883396, 16.887665157641379 ], [ -99.943425260622178, 16.887764320955739 ], [ -99.943684630476127, 16.887575492422854 ], [ -99.944424683801515, 16.887735682999391 ], [ -99.944699346388234, 16.887794794678655 ], [ -99.944569677424568, 16.888075188049413 ], [ -99.944493437245683, 16.888553924011774 ], [ -99.944478240292312, 16.889253925702349 ], [ -99.944760533282079, 16.889284431351882 ], [ -99.944943662957144, 16.889635382006531 ], [ -99.944447814458783, 16.890194253165305 ], [ -99.943570493692903, 16.890653945046495 ], [ -99.943746008928315, 16.890964844066445 ], [ -99.944890601325426, 16.893095290934809 ], [ -99.944997426969508, 16.893324155139169 ], [ -99.94518057260791, 16.89373423343676 ], [ -99.945310321387524, 16.894165287361545 ], [ -99.945417162994829, 16.894615417293835 ], [ -99.945478254109446, 16.895065547226409 ], [ -99.945493546842158, 16.895513777539747 ], [ -99.945470703522403, 16.895975353077006 ], [ -99.945409724149783, 16.896425483009239 ], [ -99.94531057679859, 16.896875628904922 ], [ -99.945165678954822, 16.897304783210245 ], [ -99.944990243535585, 16.897705331485554 ], [ -99.943548624127345, 16.900814353611679 ], [ -99.943228179121718, 16.900625541041677 ], [ -99.942801004251578, 16.901335088717758 ], [ -99.942671335287741, 16.901655501796938 ], [ -99.942556927130227, 16.901985476824677 ], [ -99.942480670988346, 16.902315451852587 ], [ -99.942434936459051, 16.902654956902779 ], [ -99.94241970757912, 16.903004007938307 ], [ -99.942435000311889, 16.903333982966103 ], [ -99.942488429096898, 16.903675387635417 ], [ -99.942564765054726, 16.904014892685609 ], [ -99.926049300208433, 16.92252430319229 ], [ -99.908822435956381, 16.922126293063798 ], [ -99.903008914813256, 16.921786979571834 ], [ -99.893098026816176, 16.916607021337029 ], [ -99.892517589392469, 16.910366229544536 ] ] ] ] } },
{ "type": "Feature", "properties": { "NUM_ANP": 99, "ID_ANP": "ANP00607099", "ID_DOF": "6.7.02.099", "NOMBRE": "Corredor Biológico Chichinautzin", "CAT_MANEJO": "APFF", "ESTADOS": "Morelos", "REGION": "Centro y Eje Neovolcánico", "SUPERFICIE": 37302.40625, "S_TERRES": 37302.40625, "S_MARINA": 0.0, "PRIM_DEC": "1988-11-30", "ULT_DOF": "1988-11-30", "PM": null, "CERT_SINAP": "SINAP 031" }, "geometry": { "type": "MultiPolygon", "coordinates": [ [ [ [ -98.937786151931718, 19.047668524434499 ], [ -98.931850905466121, 19.036369636085734 ], [ -98.91783144081765, 19.039978751251038 ], [ -98.908328409617567, 19.03884451408587 ], [ -98.895975316865375, 19.036352570626466 ], [ -98.878875304272611, 19.02798240219726 ], [ -98.873900030098554, 19.010130156272783 ], [ -98.869166222973504, 18.988662947838083 ], [ -98.86585114279913, 18.976234067612094 ], [ -98.885081736472969, 18.986188372591059 ], [ -98.895524136379876, 18.999073004046249 ], [ -98.919986634273613, 19.006089448015015 ], [ -98.938515841098138, 19.00406330264229 ], [ -98.946383737665201, 19.002484281899687 ], [ -98.977234367641003, 19.008365300311322 ], [ -98.987211241482484, 19.009496043158144 ], [ -98.997425712074772, 19.013111543882196 ], [ -99.004077194994863, 19.006559461354552 ], [ -98.99695122015622, 18.997070106872979 ], [ -98.991013741116404, 18.986224926077341 ], [ -98.989589670288126, 18.973798346040546 ], [ -99.002652140615211, 18.960242577546257 ], [ -98.987929583214722, 18.947815512646912 ], [ -98.982468051514132, 18.947137204005124 ], [ -98.978194235820794, 18.943973584152015 ], [ -98.973683809551517, 18.936968896420833 ], [ -98.984607504636088, 18.926577130024999 ], [ -98.99196841156639, 18.918895802392818 ], [ -99.009300961196686, 18.943071240600315 ], [ -99.013575270713503, 18.945104459662673 ], [ -99.019036047053149, 18.936970309452569 ], [ -99.019035796805511, 18.934259063296096 ], [ -99.024496521492253, 18.930643491447782 ], [ -99.038029103531031, 18.924089191500379 ], [ -99.04539122588109, 18.931543556376948 ], [ -99.051563852621953, 18.928830772517532 ], [ -99.060109373017525, 18.922502063074095 ], [ -99.069132956013362, 18.926114029256244 ], [ -99.080997943742034, 18.911875329465463 ], [ -99.087649386632364, 18.919780199904221 ], [ -99.091673268521134, 18.896280809583995 ], [ -99.101879129681492, 18.893112499021733 ], [ -99.122295097498437, 18.894456081127394 ], [ -99.110881797315258, 18.903879223853689 ], [ -99.09495703232885, 18.917023730644264 ], [ -99.040649143805098, 18.961820133577575 ], [ -99.040666919524583, 18.963807436155719 ], [ -99.041459644189686, 19.052379234198543 ], [ -99.041623919300804, 19.070720666326121 ], [ -99.028318560698096, 19.085634673703286 ], [ -98.978887567265943, 19.07433845212195 ], [ -98.931128690398197, 19.058285014737017 ], [ -98.937786151931718, 19.047668524434499 ] ] ], [ [ [ -99.224877795747872, 19.098831836996929 ], [ -99.169016074843498, 19.090531415378184 ], [ -99.134792615317096, 19.090559235883106 ], [ -99.135539913810319, 19.088761656465966 ], [ -99.135889410394611, 19.087920948281653 ], [ -99.157199551085611, 19.036640275424141 ], [ -99.182203242771536, 18.976422560946457 ], [ -99.192309048142022, 18.977053500034543 ], [ -99.217831161581913, 18.978643891047383 ], [ -99.228891836901823, 18.980653601712024 ], [ -99.22850752688548, 18.982195259292997 ], [ -99.22706843344595, 18.985830163052405 ], [ -99.226952900606562, 18.991713808725738 ], [ -99.223531923415536, 18.998279295914941 ], [ -99.221836317493725, 19.002113292566033 ], [ -99.220652522145045, 19.005042900193455 ], [ -99.21932799839756, 19.009373498489509 ], [ -99.221862640383463, 19.007635251319929 ], [ -99.25563519887956, 19.004030836738902 ], [ -99.253027784027708, 18.995069106283132 ], [ -99.250215710117985, 18.98882793084525 ], [ -99.249536963488509, 18.986929533474747 ], [ -99.255610382773952, 18.989440917323183 ], [ -99.265812687149136, 18.982422744638313 ], [ -99.271505289999126, 18.977669956657447 ], [ -99.310491275165418, 18.997265370909297 ], [ -99.332873449395436, 19.025016357067578 ], [ -99.330017662568864, 19.025838933311853 ], [ -99.318783835205139, 19.029074093964557 ], [ -99.303667747115369, 19.033425740681661 ], [ -99.271160613880198, 19.05923213117083 ], [ -99.271215018472574, 19.061319539652985 ], [ -99.27217345458314, 19.098083443578314 ], [ -99.272173649279765, 19.098090808212284 ], [ -99.319237636738734, 19.100727002469394 ], [ -99.318342345758452, 19.101420743332906 ], [ -99.280071597914315, 19.131064866789579 ], [ -99.236063906380039, 19.109888599400179 ], [ -99.224877795747872, 19.098831836996929 ] ] ] ] } }
]
}
